record_id,entry_type,authors,year,title,journal,abstract,doi,pmid,keywords,decision_r1,decision_r2,final_decision,exclusion_reason,notes
LiuJYW202642184358,article,"Liu, JYW and Wong, RWY and Pinto, SM and Wong, CKH and Kor, PPK and Wang, S and Chan, K",2026,Exploring the Effects of Serious Games (Immersive Virtual Reality Versus Web-Based Platforms) on Interprofessional Education Among Undergraduate Health Care Students: Randomized Controlled Trial and Multimethod Study.,JMIR serious games,"BACKGROUND: Interprofessional education (IPE) is essential for developing teamwork and communication skills in health care training. Building interprofessional competency involves acquiring knowledge, cultivating readiness to engage in teamwork, and fostering effective collaboration. However, challenges include geographical barriers and faculty resistance that can hinder progress. Innovative solutions to enhance engagement and collaboration include serious games played using immersive virtual reality (IVR) and web-based platforms. Despite their potential, research comparing the effectiveness of these approaches for IPE remains limited. OBJECTIVE: This study aimed to identify effective implementation methods by evaluating the impact of IVR and web-based serious games on health care students' interprofessional competencies and learning experiences. METHODS: A multimethod approach was used to evaluate students' pre- and postlearning outcomes and experiences. Nursing and physiotherapy students were randomly assigned to either the IVR group or web-based group. The Readiness for Interprofessional Learning Scale (RIPLS), Brief Sense of Community Scale (BSCS), and Intrinsic Motivation Inventory (IMI) were used to measure learning experiences. Learning outcomes were examined through multiple-choice questions (MCQs). After the outcome assessments, groups switched modalities to allow all students to experience both learning approaches. Four focus groups (n=34) provided qualitative insights into learning experiences. RESULTS: The study included 271 students (IVR group: 125; web-based group: 146). Both groups showed significant improvements in community building (BSCS; IVR: r=-0.29, 95% CI 0.06-0.31; P=.001; web-based: r=-0.27, 95% CI 0.07-0.31; P=.001). The IVR group showed improvements in only the pressure/tension subscale of the IMI (r=-0.45, 95% CI -0.05 to -0.25; P<.001), while the web-based group showed improvements across all IMI subscales, including interest/enjoyment (r=-0.17, 95% CI 0.00-0.30; P=.043), perceived competence (r=-0.19, 95% CI 0.00-0.50; P=.02), and pressure/tension (r=-0.46, 95% CI -0.75 to -0.50; P<.001). Both groups showed significant improvements in knowledge-checking MCQ scores (IVR: r=-0.64, 95% CI 2.00-3.00; P<.001; web-based: r=-0.80, 95% CI 4.50-6.00; P<.001), with the web-based group outperforming the IVR group (r=-0.34, 95% CI -3.00 to -2.00; P<.001). RIPLS scores showed no significant difference in both groups, suggesting that greater exposure is required to enhance IPE readiness. A qualitative analysis revealed 6 themes: valuing collaboration opportunities, fostering trust and shared learning, promoting engagement and authenticity, enhancing knowledge retention, balancing innovation with practicality, and improving realism and inclusivity. No adverse events were noted. CONCLUSIONS: To our knowledge, this is the first study to compare the effects of 2 different modalities (IVR and web-based approaches) on a technology-enabled IPE program. These findings highlight the practical potential of both approaches in supporting IPE. The web-based approach's superior performance in enhancing learning outcomes and motivation suggests that its flexible format better accommodates diverse learning preferences. These findings support technology-enhanced IPE, offering educators scalable, evidence-based strategies to develop collaborative, patient-centered professionals who are equipped for real-world practice.",10.2196/80033,42184358,educational technology; health care students; interprofessional education; randomized controlled trial; serious games; undergraduate health care education; virtual reality,maybe,,maybe,,"AI-R1: RCT of serious games in nursing+physiotherapy students but comparator is also a serious game (web vs IVR), so game effect may not be isolable; mixed population."
WangH202642167168,article,"Wang, H and Zhang, S and Feng, Y and Lu, Y and Wang, Z and Jia, M and Hou, C and Zhang, G",2026,Effects of different technology-based simulation on nursing students' self-confidence and critical thinking: A systematic review and network meta-analysis.,Nurse education today,"BACKGROUND: As an indispensable teaching method in nursing education, technology-based simulation promotes the learning and practice of nursing students. Although evidence of the effectiveness of technology-based simulation for improving self-confidence and critical thinking among nursing students is expanding, the results remain inconsistent, and there is insufficient evidence to compare the relative effects of different simulations. OBJECTIVES: This study evaluated the relative effectiveness of different technology-based simulations on nursing students' self-confidence and critical thinking. DESIGN: Systematic review and network meta-analysis. METHODS: A systematic search was performed in twelve databases to identify studies that were published up to December 2025. Randomized controlled trials evaluating the impact of technology-based simulation on the self-confidence and critical thinking of nursing students were included. Pairwise meta-analysis and network meta-analysis were used to compare the relative effects of different technology-based simulations and rank them according to SUCRA values. RESULTS: A total of 47 randomized controlled trials were included, involving 10 types of technology-based simulations. High-fidelity simulation (SMD = 0.83, 95%CI = 0.34, 1.33) and immersive virtual reality (SMD = 0.81, 95% CI = 0.34, 1.28) had statistically significant effects on improving self-confidence. For critical thinking, computer-based simulation (SMD = 5.04, 95% CI = 0.58, 9.49) was a potentially effective option. However, this result should be interpreted with caution, as it was based on two direct comparative studies. For self-confidence, high-fidelity simulation had a SUCRA value of 74.0% based on 11 direct comparisons. For the secondary outcome of knowledge, serious game (SMD = 1.72, 95%CI = 0.21, 3.24), high-fidelity simulation (SMD = 1.01, 95%CI = 0.43, 1.59), and immersive virtual reality (SMD = 0.62, 95%CI = 0.03, 1.21) were effective. Serious game had a SUCRA value of 83.5%. CONCLUSIONS: This study found that high-fidelity simulation had the potential to improve the self-confidence of nursing students. For critical thinking, computer-based simulation was a potentially effective option. Schools and educators should choose appropriate simulations according to specific training objectives and the strength of available evidence.",10.1016/j.nedt.2026.107166,42167168,Critical thinking; Network meta-analysis; Nursing student; Self-confidence; Technology-based simulation,exclude,,exclude,"S1: Systematic review and network meta-analysis, not a primary RCT.","AI-R1: Systematic review and network meta-analysis, not a primary RCT."
RashwanZI202642102624,article,"Rashwan, ZI and Khamis, GM and Mahmoud, NM and El-Lawaty, KS and Abdellah, MMM and Ismail, EMAE",2026,Video game addiction moderates pathways from violent gaming to emotional blunting in adolescents: Serial mediation through desensitization and aggression.,Journal of pediatric nursing,"BACKGROUND: The psychological and social consequences of recurring exposure to Violent Video Games (VVGs) are a concerning issue of global health interest. Prolonged engagement with VVGs can lead to addiction, desensitizing adolescents to real-world violence and impairing their empathy. This desensitization may trigger various forms of aggression and result in emotional blunting. PURPOSE: This study aims to assess the mediation pathways between violent video gaming, desensitization, aggression, and blunted emotional reactions among adolescents using gaming addiction as a moderator. DESIGN AND METHODS: A descriptive, correlational, multi-group study was conducted among 501 randomly selected adolescents. The moderation and mediation analysis was used to identify the direct and indirect pathways linking the study variables. RESULTS: Adolescents with problematic videogaming (31.9%, n = 160) reported significantly higher scores in violent gaming, aggression, desensitization, and emotional blunting than non-problematic (p < .001). Adolescents with problematic videogaming, violent gaming directly predicted aggression (β =0.60, p < .001), whereas non-problematic adolescents demonstrated emotion-mediated pathways through desensitization (β = 0.29, p < .001). Despite different mechanisms, both groups exhibited comparable total effects on emotional blunting. CONCLUSIONS: Adolescents with problematic videogaming exhibited higher levels of aggression, desensitization, and emotional blunting compared to non-problematic peers. The moderated mediation analysis revealed that addiction influences the pathways connecting engagement with VVGs to emotional blunting, as problematic gamers showed a direct pathway from VVGs to aggression, whereas non-problematic gamers followed an emotion-mediated pathway to aggression through desensitization. IMPLICATIONS FOR PEDIATRIC NURSING PRACTICE: Pediatric nurses should incorporate screening for gaming behavior into adolescent psychosocial assessments. Adolescents with problematic videogaming require targeted behavioral interventions to manage aggression, while adolescents with non-problematic videogaming benefit from preventive emotional regulation and media literacy programs.",10.1016/j.pedn.2026.04.029,42102624,Adolescents; Aggression; Emotional depression; Psychologic desensitization; Video game addiction,exclude,,exclude,"P1: Correlational study on violent gaming in adolescents, not nursing education or a game-based teaching intervention.","AI-R1: Correlational study on violent gaming in adolescents, not nursing education or a game-based teaching intervention."
AlErakyDM202642083010,article,"AlEraky, DM and Kassab, SE and Nandakumar, A and Sadek, SA and Marei, H and Al-Eraky, MM",2026,Bingo Lab: game-based learning in microbiology.,BMC medical education,"BACKGROUND: Assessment in the microbiology laboratories is traditionally structured around spot diagnosis or Objective Structured Practical Examinations (OSPEs) to assess students' ability to identify the causative agents of infectious diseases. Game-based learning has great potential to engage students and indicate their learning gaps in a non-threatening learning environment. PURPOSE: The study introduced 'Bingo Lab' as an innovative gamification intervention in undergraduate microbiology courses. We plan to pilot Bingo Lab in two programs, Dentistry and Nursing. The study tracks students' engagement throughout the activity and examines gender differences and their correlation with microbiology performance. Additionally, it explores how Bingo Lab can create opportunities for meaningful learning and gathers students' feedback on their experience. METHODOLOGY: The intervention was structured in five stages: planning, orientation, Bingo Lab., feedback, and reporting. We shortlisted 25 'unknown' microbiology spots as a mock (revision) exam in a laboratory setup. The spots were randomly mapped on a 5x5 Bingo card. One Bingo is awarded when any student completes five stations, whether horizontally, vertically, or diagonally on the Bingo card. Students' engagement was measured three times: early in the session, in the middle, and towards the end. We also solicited their feedback anonymously using a template of three sections: I like, I wish, and I wonder. RESULTS: Students' engagement scores significantly increased from the early stage to the middle of the activity (p = .005) and from the beginning to the end of the session (p < .001), but there was no significant difference between the beginning and the end of the activity. There were no significant gender differences in engagement at any time point. Bingo Labs were well received by students and helped them address their learning gaps, but they also shared a couple of concerns about having more time for preparation and receiving instructions in advance. DISCUSSION: Bingo in the microbiology lab was well received by students and enabled them to identify their learning gaps and seek feedback and validation from experts. The study supported the effectiveness of the Bingo Lab as a game-based learning approach in improving students' engagement. In a competitive culture, exam-oriented students need to celebrate their excellence, such as through Bingo, a rewarding experience that boosts their self-esteem. CONCLUSIONS: The use of Bingo in microbiology laboratories has been found to be effective in engaging students and guiding them to indicate their learning gaps in a non-threatening environment.",10.1186/s12909-026-09296-3,42083010,Assessment; Bingo; Game-based learning; Laboratory; Microbiology,maybe,,maybe,,AI-R1: Gamification (Bingo Lab) in nursing and dentistry students but appears to be a single-arm engagement pilot without a controlled comparator.
LafontC202642068602,article,"Lafont, C and Broussier, A and Corsin, L and Devillard-Duval, F and Rello, S and Layese, R and Durand, N and Laurent, M and Barau, C",2026,"Effects of a simulation-based learning tool (serious game) on nursing students' knowledge of risk of falls and prevention in older adults: the PREVISS-GAME multicentre, randomized, controlled trial.",Nurse education today,"BACKGROUND: Population ageing and the stagnation of life expectancy without loss of autonomy have prompted the development of preventive actions. Falls are a major public health issue and can result in death or severe complications. Epidemiological studies have found that nearly 50% of patients over the age of 85 fall at least once a year. Our objective was to assess the effect of a simulation-based learning tool (a serious game) on knowledge acquisition by nursing students at a French university. METHODS: We conducted a multicentre, 1:1 randomized, controlled trial (PREVISS-GAME) with two parallel groups. Second-year nursing students attending one of eight nursing institutes associated with the University of Paris-Est Créteil (Créteil, France) were randomized to an intervention group (a serious game plus conventional, knowledge-based teaching) or a control group (conventional, knowledge-based teaching only). In the PREVISS-GAME simulation-based serious game, the player had to care for an older patient who had fallen over. The main outcome was the immediate post-test score (out of 20) in a 12-item knowledge questionnaire. Secondary outcomes included the 4-month post-test score. RESULTS: Of the 517 randomized nursing students (intervention group: n = 261; control group: n = 256), 197 (38%) completed the immediate post-test (99 and 98 in the intervention group and in the control group respectively) and were included in the main analysis. Knowledge acquisition was significantly greater (from 0.8 to nearly 1 point out of 20, representing an increase of approximately 5%) in the intervention group than in the control group among completers, regardless of whether the linear regression model took account of the pre-test score (coefficient [95% confidence interval (CI)] = 0.81 [0.04;1.58], p = 0.039), the nursing institute (coefficient [95%CI] = 0.81 [0.04;1.58], p < 0.041), or demographic and educational characteristics (coefficient [95%CI] = 0.97 [0.17;1.76], p = 0.017). The 4-month outcome could not be analyzed. CONCLUSION: When compared with conventional training, use of a serious game suggested an improvement among completers in nursing students' knowledge of fall prevention. Further research is needed to assess skills transfer in the clinical and to develop strategies for maintaining student commitment to distance learning.",10.1016/j.nedt.2026.107132,42068602,Accidental falls; Aged; Nursing students; Preventive medicine; Serious games,include,,include,,AI-R1: Multicentre RCT of serious game vs conventional teaching in nursing students with knowledge outcome.
MercanAnnak202642054480,article,"Mercan Annak, İ and Bulut, H",2026,The Effect of Virtual Simulation Game on the Development of Nursing Students' Knowledge and Skills: A Randomized Controlled Trial.,Nursing open,"AIM: This study evaluated the effect of a virtual simulation game (VSG) on the development of nursing students' knowledge and skills related to the prevention of Catheter-Associated Urinary Tract Infection (CAUTI). DESIGN: A parallel group randomized controlled trial. The study is registered with ClinicalTrials.gov under the number NCT05309317. METHODS: This study was completed by 75 students (38 simulation and 37 control). Students' knowledge and skill levels were assessed prior to the training. A training on CAUTI prevention was presented to the students. After randomization, the VSG group accessed VSG for 7 days. Following the intervention, students' knowledge and skill levels were measured using post-test assessments. RESULTS: As a result of the study, the post-test mean scores for knowledge and skills in the VSG group were statistically higher than those in the control group (p < 0.05). The results of the study indicate that VSG was an interesting, stimulating, fun, practical and accessible educational approach for university students. CONCLUSIONS: The use of a well-designed VSG application as a teaching and learning strategy contributed to the development of students' knowledge and skills in CAUTI prevention. It is recommended to use VSG as a preliminary or complementary method to traditional face-to-face simulation and clinical applications. PATIENT OR PUBLIC CONTRIBUTION: The game's judgements, having no impact on real life, safeguard patient safety and enhance clinical skills. TRIAL REGISTRATION: ClinicalTrials.gov: NCT05309317.",10.1002/nop2.70566,42054480,catheter associated urınary tract infection; nursing education; nursing students; simulation; virtual simulation game,include,,include,,AI-R1: Parallel-group RCT of virtual simulation game vs control on nursing students' knowledge and skills.
AlMekkawiM202642048998,article,"AlMekkawi, M and Pandarakutty, S and Nalubega, S and ElKhalil, R and Maalouf, I and Aldawsari, A and Bashayreh, I and Al Maqbali, M",2026,Game-based learning in undergraduate nursing education: A systematic review and meta-analysis.,Nurse education today,"BACKGROUND: Game-based learning is increasingly being utilized in nursing education to enhance student engagement, motivation, and overall learning outcomes. This approach encompasses a wide range of pedagogical strategies, including gamification (the integration of game elements into non-game contexts), serious games, and other structured educational games designed to meet specific learning objectives. While there is growing evidence that game-based learning can positively influence cognitive, affective, and psychomotor outcomes, the findings are often inconsistent, influenced by methodological differences and variations in instructional design. This systematic review and meta-analysis aim to evaluate the effectiveness of game-based learning strategies compared with traditional instruction in undergraduate nursing education. DESIGN: A meta-analysis conducted in accordance with PRISMA 2020 guidelines. METHODS: A search of five databases identified randomized trials and quasi-experimental studies on Game-based learning in nursing education from January 2015 to December 2025. The effectiveness relative to traditional methods was analyzed using standardized mean differences and random-effects models, with assessment of heterogeneity and publication bias. Risk of bias was evaluated with the OHAT tool. RESULTS: Thirty-five studies involving undergraduate nursing students met the inclusion criteria, revealing that game-based learning improved various educational outcomes compared to traditional methods. Pooled analyses indicated positive effects across multiple learning domains; however, effect magnitudes varied considerably, and substantial heterogeneity was observed across outcomes. CONCLUSION: Game-based learning appears to improve cognitive, affective, and psychomotor outcomes; however, the size of these effects varies considerably and warrants cautious interpretation. To further reinforce the evidence base, it is advisable to conduct high-quality, multi-site randomized trials with standardized outcomes and extended follow-up periods.",10.1016/j.nedt.2026.107124,42048998,Game-based learning; Gamification; Meta-analysis; Nursing education; Serious games; Systematic review; Undergraduate nursing students,exclude,,exclude,"S1: Systematic review and meta-analysis, not a primary RCT.","AI-R1: Systematic review and meta-analysis, not a primary RCT."
MiesPadillaS202642042631,article,"Mies-Padilla, S and Rodríguez-Suárez, CA and Infante-Guedes, A and González-de la Torre, H",2026,Effectiveness of Gamification with a Narrative Adapted to the Player's Profile in Obstetric Nursing Competencies: A Cluster Randomized Controlled Pilot Trial Protocol.,"Nursing reports (Pavia, Italy)","<b>Background/Objectives</b>: Simulation-based education often lacks personalization, focusing on technical competence rather than individual student profiles. This protocol describes a study designed to evaluate whether adapting gamified narratives to nursing students' personality profiles has the potential to support academic performance in obstetrics. This study aims to validate the integration of psychometric profiling and AI as a sustainable strategy for personalized clinical training. <b>Methods</b>: A cluster-randomized controlled longitudinal pilot trial will be conducted at the University of Atlántico Medio. The protocol has been submitted for registration at ClinicalTrials.gov (Registration Pending). Thirty-eight second-year nursing students meeting inclusion criteria (excluding repeaters or those with prior specialized training) will be assigned by natural practice to either a control group (generic gamification) or an experimental group (gamification adapted according to Player Personality and Dynamics Scale profiles using AI-generated content). The intervention comprises four clinical simulation sessions focusing on pregnancy and childbirth, which are managed via the Wix platform. The primary outcome is academic performance, measured as ""Learning Gain"" (post-test scores minus pre-test scores). Secondary outcomes include student satisfaction measured via the Gameful Experience Scale. Data will be analyzed using Mann-Whitney U tests to compare overall efficacy and intragroup evolution. To minimize observer bias, knowledge assessments will utilize automated, objective scoring, and participants will be blinded to the study hypothesis. <b>Expected Outcomes</b>: The study aims to establish the technical and pedagogical feasibility of integrating AI-adapted narratives into nursing curricula. It is anticipated that the personalized approach will show positive trends in learning gains and engagement patterns, providing a baseline for larger multicenter trials. <b>Conclusions</b>: This protocol presents a framework for ""Precision Education"" in nursing, shifting from ""one-size-fits-all"" simulations to student-centered adaptive training. The use of Generative AI makes such personalization sustainable and cost-effective for health science faculties.",10.3390/nursrep16040104,42042631,artificial intelligence; clinical simulation; gamification; nursing education; obstetrics; personalized learning; player personality,maybe,,maybe,,AI-R1: Cluster-RCT protocol on gamification in nursing students; comparator is generic gamification (both arms gamified) and no results yet.
ZhouH202642018005,article,"Zhou, H and Tang, N and Liu, L and Zhu, Y",2026,Active learning in diabetes education for health professions students: a narrative synthesis of effectiveness and implementation considerations.,Medical education online,"BACKGROUND: Diabetes is a growing global health burden, requiring future health professionals to develop strong knowledge, clinical reasoning, and patient education skills. Active learning approaches, such as simulation, flipped classrooms, and gamification, are increasingly used to strengthen diabetes education, yet evidence remains fragmented. OBJECTIVE: To synthesize recent evidence on the effectiveness and implementation of active learning strategies in diabetes education for pre-licensure health professions students. METHODS: We conducted a structured narrative review of peer-reviewed studies published between 2010 and 2025. Eligible studies included randomized controlled trials, quasi-experimental, and pre-post designs evaluating active learning interventions in pre-licensure medical, nursing, or pharmacy programs. Outcomes included knowledge, skills, confidence, engagement, and satisfaction. Study quality was appraised using MERSQI. RESULTS: Twenty studies met inclusion criteria (10 RCTs, 3 quasi-experimental, 7 pre-post). Simulation and gamification demonstrated the most consistent improvements in knowledge, skills, and learner engagement. Flipped classroom results were mixed, with effectiveness dependent on learner preparation and integration with experiential components. Technology-enhanced experiential approaches showed promise but faced scalability and resource challenges. Implementation factors including faculty time, infrastructure, and equity considerations substantially influenced outcomes. CONCLUSIONS: Active learning strategies enhance diabetes education for health professions students, with simulation and gamification showing the strongest evidence of effectiveness. However, sustainability and scalability remain limited by resource intensity and variable learner preparation. Future research should address long-term knowledge retention, equity across contexts, and cost-effectiveness to guide broader adoption.",10.1080/10872981.2026.2656830,42018005,Diabetes; learning; narrative synthesis; nursing; students,exclude,,exclude,"S1: Narrative review/synthesis of active learning, not a primary RCT.","AI-R1: Narrative review/synthesis of active learning, not a primary RCT."
ChenHW202641966605,article,"Chen, HW and Guo, SL and Chen, CY and Kang, EY and Liu, PC and Huang, CC and Hu, SH and Wu, JC and O'Donnell, JM",2026,Comparing teaching methods on novice nurses' and medical residents' resuscitation teamwork knowledge and team performance: A longitudinal randomized controlled trial.,Nurse education in practice,"AIM: This study examined the short-term and long-term effects of three resuscitation teaching methods on teamwork knowledge and team performance among novice nurses and medical residents. BACKGROUND: Effective resuscitation training is essential for team performance in novice clinical teams. DESIGN: A single-blind, stratified randomized controlled trial with repeated measures. METHODS: A total of 124 nurses and medical residents within their first 2 years of employment in Taiwan between August and December 2022 were randomly assigned to board-game training, high-fidelity simulation, or interactive lectures (control group). Participants received 3-hour TeamSTEPPS teamwork training with four standardized scenarios. Teamwork knowledge and team performance were assessed at pretest, posttest and 3-month follow-up. Data were analyzed using generalized estimating equations (GEE). The study was registered at ClinicalTrials.gov (NCT05302414). RESULTS: Ninety-six participants (24 teams) completed the study. Posttest teamwork knowledge was higher in the control group than in the simulation group (p = 0.04). From pretest to posttest, the control group showed significant knowledge gains (p = 0.003), while the simulation group improved in team performance (p = 0.012). GEE analysis indicated a significantly lower increase in knowledge scores for the simulation group compared with the control group (B = -1.09, p = 0.04). Board-game group feedback emphasized fun, relaxation and communication. CONCLUSIONS: Simulation training was most effective in improving team performance, interactive lectures enhanced teamwork knowledge and board-game training provided a positive learning environment that may increase learner engagement. Educators should select the most effective method based on the specific learning objectives developed.",10.1016/j.nepr.2026.104827,41966605,Board game; Interactive lecture; Interprofessional education; Resuscitatio; Simulation; TeamSTEPPS; Teamwork,include,,include,,AI-R1: RCT comparing board-game training vs lecture (control) in novice nurses with teamwork knowledge/performance outcomes.
etkinT202641955870,article,"Çetki̇n, T and Aslan, H",2026,"The effect of serious games and interactive video-based education on nursing students' psychomotor skills, perceived stress, satisfaction and confidence levels in learning: A randomized controlled trial.",Nurse education in practice,"AIM/OBJECTIVE: This study aimed to evaluate the effects of serious games and interactive video-based education developed for parenteral drug administration on nursing students' psychomotor skills, perceived stress, satisfaction and self-confidence in learning. BACKGROUND: Serious games and interactive videos are attracting attention as new technology-based teaching methods that contribute to the development of students' problem-solving, critical thinking, communication and psychomotor skills by creating interactive and realistic settings. DESIGN: This study was conducted as a randomized controlled trial model. METHODS: This study was conducted between June 2023 and June 2025 at X University Faculty of Nursing. The study population consisted of first-year nursing students enrolled in the spring semester of the 2023-2024 academic year. The sample consisted of 99 students (SG=33; VBE=33; Control=33). Data were collected using the ""Psychomotor Skills Assessment Checklists"", the ""Perceived Stress Scale for Nursing Students"" and the ""Student Satisfaction and Self-Confidence in Learning Scale"". Students in the experimental groups received two weeks of training through serious games or interactive video-assisted instruction. RESULTS: Both serious games and interactive video-based training significantly improved psychomotor skill performance compared with the control group (p < 0.05). Students in the experimental groups also demonstrated significantly lower perceived stress levels and higher satisfaction and self-confidence in learning than those in the control group (p < 0.05). CONCLUSION: Serious games and interactive video-based education were effective in enhancing psychomotor skills, reducing perceived stress and increasing satisfaction and self-confidence among nursing students. These findings support the integration of serious games and interactive videos into nursing education.",10.1016/j.nepr.2026.104824,41955870,Nursing; Satisfaction; Self-confidence; Serious game; Stress; Video-based education,include,,include,,AI-R1: RCT of serious games vs control on nursing students' psychomotor skills and learning outcomes.
AslanTK202641943125,article,"Aslan, TK and Burucu, R and Polat, HT",2026,In the effect of the game taboo<sup>®</sup> on nursing students' motivation and perception levels of nursing diagnoses: a cluster randomized controlled trial.,BMC nursing,"AIM: The nursing process is a systematic and scientific problem solving method in determining the care needs of individuals and providing individualized care. This study was conducted to determine the effect of Taboo game on nursing students' motivation and perception of nursing diagnoses. METHODS: This is a cluster-randomized controlled trial employing a parallel-group, pretest-posttest design. The total number of participants is 80. Data were collected with Sociodemographic Information Form, Instructional Materials Motivation Survey and Perception of Nursing Diagnoses Survey. CLINICALTRIALS: gov ID: NCT05756218, date of the registration: January, 2023. FINDING: The taboo game prepared for nursing diagnoses did not have a positive effect on students' learning motivation, but it had a positive effect on their attitudes towards perception of nursing diagnoses. CONCLUSION: It is recommended that other games similar to Taboo should be added to educational methods using gamification and experimental research should be conducted on these issues.",10.1186/s12912-026-04619-7,41943125,Motivation; Nursing diagnoses; Nursing students; Taboo game,include,,include,,AI-R1: Cluster-RCT of Taboo game vs control on nursing students' motivation and perception outcomes.
HeTI202641940654,article,"He, TI and Niu, SF and Huang, CY and Li, MZ and Chen, TL and Cheng, SF",2026,Integration of Game-Based Chatbot With Kahoot! for High-Alert Medication Education for Newly Graduated Nurses: A Randomized Controlled Trial.,Journal of continuing education in nursing,"BACKGROUND: Unsafe medication administration poses significant risks to global health care, and insufficient nurse knowledge of high-alert medications (HAMs) further elevates the likelihood of errors. Integrating a game-based chatbot with Kahoot! may enhance HAM learning outcomes. METHOD: In this two-group, repeated-measures randomized controlled trial, 77 newly graduated nurses were randomized to (1) game-based chatbot + Kahoot! with classroom (<i>n</i> = 42) or (2) Kahoot! with classroom (<i>n</i> = 35). Participants completed HAM knowledge (HAMK) and HAM self-competence (HAMSC) assessments pre-intervention (T0), at training completion (T1), and 1-month post-intervention (T2). RESULTS: Demographic characteristics were comparable between the groups, except for work unit. Generalized estimating equation analysis showed no significant group-by-time interaction on HAMK or HAMSC (<i>p</i> > .05), but difference-in-differences analysis revealed superior retention in the experimental group from T1 to T2 (<i>p</i> < .05). CONCLUSION: Both groups improved in HAM knowledge and competence, affirming the value of traditional teaching approaches. It is essential to optimize the chatbot design for enhanced learning outcomes and engagement.",10.3928/00220124-20260216-03,41940654,,maybe,,maybe,,"AI-R1: RCT in newly graduated nurses but both arms use Kahoot! (gamified), so isolating game effect is questionable."
YcelBO202641931952,article,"Yücel, BO and Bulut, H",2026,"Surgery completed, care continues: Nursing students' learning outcomes in postoperative patient admission using game-based virtual reality - A randomized controlled trial.",Nurse education in practice,"AIM: This study aimed to determine the effect of a game-based virtual reality learning method on nursing students' learning outcomes related to postoperative patient admission. BACKGROUND: Postoperative patient admission is a demanding clinical process that often causes stress and anxiety among nursing students. To reduce this stress and support learning, various teaching methods are used in nursing education. Game-based virtual reality is one such method applied across nursing education; however, evidence regarding its effectiveness in teaching postoperative patient admission remains limited. DESIGN: Pretest-posttest, parallel-group randomized controlled trial. The study's clinical trials number is NCT05469399. METHODS: The study was conducted with 72 s-year nursing students, who were randomly assigned to an experimental and control group. Data were collected using Descriptive Characteristics Form, Theoretical Knowledge Test, Skill Assessment Checklist and Game-Based Virtual Reality Application Evaluation Form. Independent and paired samples t-tests and the chi-square test were used for data analysis and effect sizes were calculated using Cohen's d. RESULTS: There was no significant differences between the groups in pre-test knowledge and skill scores. However, post-test knowledge and skill scores were significantly higher in the experimental group. A positive correlation was observed between knowledge and skill scores in the experimental group. Students reported that the virtual reality application provided a safe learning environment and enhanced their preparedness for clinical practice. CONCLUSION: Game-based virtual reality significantly improved nursing students' knowledge and skills and supported their readiness for clinical practice. Integrating such applications into nursing curricula, particularly during the pre-clinical preparation phase, is recommended.",10.1016/j.nepr.2026.104808,41931952,Nursing education; Patient admission to clinic; Postoperative nursing care; Surgical nursing; Virtual reality,include,,include,,AI-R1: RCT of game-based VR vs control on nursing students' learning outcomes.
AyazAlkayaS202641849983,article,"Ayaz-Alkaya, S and Akca, A",2026,The effect of motivational interviewing-supported health education on digital game addiction and cyberbullying behaviors in adolescents: A randomized controlled trial.,Public health,"OBJECTIVES: Digital game addiction and cyberbullying are two common and significant public health issues among adolescents. The present study was conducted to measure the effect of motivational interviewing-supported health education in reducing digital game addiction and cyberbullying behaviors in adolescents. STUDY DESIGN: A parallel-group randomized controlled trial was adopted. METHODS: The study population consisted of ninth-grade adolescents studying in a single high school in the capital city of Türkiye. The study included 52 adolescents (experiment: 26; control: 26). Data were collected using the Personal Information Form, the Digital Game Addiction Scale (DGAS-7), and the Renewed Cyberbullying Inventory-II. Motivational interviewing-supported health education program, including six sessions, was implemented for the experiment group to reduce digital game addiction and cyberbullying behaviors. Instruments were given to the experiment and control groups at baseline (before the intervention) and post-test (after the intervention). A chi-square test, a two-way mixed-design variance analysis, and a Bonferroni test were used to analyze the data. RESULTS: There was no statistically significant difference between the experiment and the control groups regarding digital game addiction, cyberbullying, and cyber victimization baseline mean scores (p > 0.05). After the intervention, digital game addiction, cyberbullying, and cyber victimization post-test mean scores in the experiment group decreased significantly compared to the control group (p < 0.005), highlighting the short-term outcomes. The intervention revealed large effect sizes, with partial eta-squared values of 0.339, 0.428, and 0.161, respectively. CONCLUSIONS: The study concluded that health education-supported motivational interviewing was effective in reducing digital game addiction and cyberbullying behaviors in adolescents.",10.1016/j.puhe.2026.106248,41849983,Adolescents; Cyber victimization; Cyberbullying; Digital game addiction; Health education; Motivational interviewing; Nursing,exclude,,exclude,"P1: RCT in adolescents on game addiction, not nursing education or a game-based teaching intervention.","AI-R1: RCT in adolescents on game addiction, not nursing education or a game-based teaching intervention."
OnerB202641807077,article,"Oner, B and Bulut, OU and Oner, N",2026,"Impact of Gamified Infection Control Education on Cognitive Achievement, Academic Self-Efficacy and Learning Motivation in Nursing Students: A Randomized Controlled Trial in Turkiye.",International journal of nursing practice,"BACKGROUND: Infection control is essential in nursing education, but traditional methods often lack student engagement and may not support long-term knowledge retention. This randomized controlled trial evaluated the impact of a gamified infection control education program on first-year nursing students in Turkiye. METHODS: Sixty students were randomly assigned to either an intervention group (n = 30) or a control group (n = 30). The intervention group received a 4-week gamified program that included physical games, case-based activities and escape-room scenarios, all designed according to Bloom's Taxonomy. The control group received standard lecture-based instruction. Data were collected using the Infection Control Cognitive Achievement Measurement Questionnaire, the Academic Nurse Self-Efficacy Scale and the Learning Motivation Scale in Higher Education. Analyses included t-tests, Mann-Whitney U tests, correlation analyses and regression. RESULTS: The intervention group showed higher learning motivation (p = 0.025) and greater cognitive achievement in sterilization and asepsis (p = 0.024), though these differences did not remain significant after Holm-Bonferroni correction. No significant difference in academic self-efficacy was observed (p > 0.05). Regression analysis showed that the learning objectives subdimension of the Learning Motivation in Higher Education Scale significantly predicted cumulative grade point average (p < 0.001, R <sup>2</sup> = 0.241). CONCLUSION: Gamified learning may enhance motivation and specific cognitive outcomes but appears to have a limited impact on self-efficacy. As a complementary method to traditional instruction, it holds promise, particularly when integrated with clinical practice and personalized feedback. TRIAL REGISTRATION: ClinicalTrials.gov identifier: NCT06786806.",10.1111/ijn.70128,41807077,education; gamification; infection control; motivation; nursing; self‐efficacy,include,,include,,AI-R1: RCT of gamified infection control education vs lecture in nursing students with cognitive achievement outcomes.
StamerT202641731498,article,"Stamer, T and Machinek, N and Steinhäuser, J and Goujard, M and Flägel, K",2026,The role of digital teaching methods in supporting practical skills training in the academic training of health professions - a scoping review.,BMC medical education,"BACKGROUND: Digital teaching methods are established for imparting theoretical knowledge in the training of health professions. While digital formats are increasingly used in education, evidence on their capacity to teach practical and hands-on skills remains limited. It is unclear to what extent digital teaching methods can support the training of practical skills. This scoping review aimed to identify the digital teaching methods used to teach practical skills in the academic training of health professions and to offer an initial evaluation of their effectiveness. METHODS: A comprehensive literature search was performed in June 2023 using the PubMed, Scopus, Cochrane Library, Web of Science Core Collection and CINAHL databases. An update of this initial search was performed in April 2025. Original studies on the digital teaching of practical skills in undergraduate academic training for health professions, published in German or English, were included. The studies were analyzed with regard to teaching methods, areas of application, authors and year, intervention used, outcomes and results. RESULTS: Out of 2,544 records, 292 studies were included. Interventions comprised simulators (<i>n</i> = 65), blended/hybrid teaching methods (<i>n</i> = 55), virtual reality (<i>n</i> = 48), e-learning platforms (<i>n</i> = 36), video-based teaching formats (<i>n</i> = 19), telecommunication tools (<i>n</i> = 18), mobile applications (<i>n</i> = 13), robotic simulators (<i>n</i> = 10), serious games or gamified learning (<i>n</i> = 10), specialized tools (<i>n</i> = 6), interactive learning systems (<i>n</i> = 6) and augmented reality (<i>n</i> = 6). 75% of the studies focused on medical education, followed by student training in nursing (18%) and physiotherapy (3%). The most common study designs were randomized controlled trials (42%), quasi-experimental designs (34%) and quantitative-descriptive designs (12%). Learning outcomes were predominantly assessed through knowledge tests, practical examinations (e.g., OSCEs) and participants' self-assessments. Across the included studies, most digital teaching methods demonstrated positive effects on the acquisition of practical skills, particularly simulation-based, VR-supported or otherwise interactive formats. The magnitude and consistency of these effects varied substantially across disciplines and study designs. CONCLUSIONS: Digital teaching methods offer promising approaches to support the training of practical skills, with interactive, simulation-based, and VR-supported formats showing particularly positive effects. Nevertheless, longitudinal studies examining the retention of practical skills over time remain scarce. Digital teaching methods should be specifically tailored to the practical skills being taught, making use of available resources. SUPPLEMENTARY INFORMATION: The online version contains supplementary material available at 10.1186/s12909-026-08785-9.",10.1186/s12909-026-08785-9,41731498,Academic training; Digital teaching methods; Health education; Practical skills; Scoping review; Undergraduate,exclude,,exclude,"S1: Scoping review, not a primary RCT.","AI-R1: Scoping review, not a primary RCT."
Vural202641645643,article,"Vural, Ç and Kocamaz, ÖF and Yurttutan, E and Ocak, M and Üçok, C",2026,Game-Based Learning Versus Model Arm Training for Intravenous Cannulation in Dental Education.,European journal of dental education : official journal of the Association for Dental Education in Europe,"INTRODUCTION: Peripheral intravenous catheterisation is a complex procedure that is primarily performed by nurses in healthcare services. Peripheral intravenous catheterisation (PIVC) is also part of the updated 2024 Core Program in the National Dental Education catalogue. This study aimed to implement this practice and to evaluate the approach and compliance of students with IV catheterisation. METHOD: This study included 122 final-year dentistry students with no previous experience of intravenous catheterisation. The volunteers were randomly divided into three groups: model arm group, game-based learning group and combined group. A questionnaire was completed by the students after the training sessions. In addition, the success of the model arm group and the combined group was compared. RESULTS: The training appeared beneficial across all groups. In particular, combined methods (game-based learning and model arm application) and hands-on teaching methods (model arm) were perceived by students to be more effective. The majority of students (77.5%) stated that both methods (game-based learning and model arm practice) contributed equally. After the training, all groups were most likely to say that they could do this practice again with a supervisor. Participants in all groups indicated that they had sufficient or partially sufficient knowledge after the training. CONCLUSION: Most participants reported that training increased their confidence in performing intravenous cannulation. This finding highlights the success of the training programme in enhancing the practical skills of students.",10.1111/eje.70106,41645643,dental education; dental students; intravenous cannulation training; randomised controlled trial; simulation training,exclude,,exclude,"P1: RCT in dentistry students, not nursing education population.","AI-R1: RCT in dentistry students, not nursing education population."
VidovichC202641640292,article,"Vidovich, C and Tsutsui, S and Kirkland, L and Corroto, C and Palettas, M and Uribe, A and Kopanczyk, R",2026,Extracorporeal membrane oxygenation escape room simulation teamwork dynamics and effectiveness.,Perfusion,"IntroductionExtracorporeal membrane oxygenation (ECMO) is a high-risk, low-frequency intervention requiring specialized training and effective teamwork, for which simulation-based training is a valuable tool. Across medical disciplines escape room-style simulations have been developed to enhance teamwork and engagement among learners.MethodsWe conducted a prospective observational study at a large academic medical center to evaluate the feasibility and educational impact of an escape room-style ECMO simulation. Thirty-seven nurses completed the escape room simulation. Teamwork was assessed with the Clinical Teamwork Scale (CTS), and effectiveness with the Simulation Effectiveness Tool (SET-M).ResultsObserver-rated CTS scores for overall teamwork (r = -0.76), communication (r = -0.52), and decision-making (r = -0.55) correlated negatively with completion time, suggesting that stronger teamwork was associated with greater efficiency. Participant self-ratings were significantly higher than observer ratings across most domains (<i>p</i> < 0.01), and showed positive correlations with completion times. SET-M results indicated high satisfaction, with all participants reporting improved ECMO knowledge and skills, though prebriefing and debriefing received lower ratings.ConclusionsThese findings support escape room-style simulations as a feasible and engaging approach to ECMO education, with external observation playing a key role in assessing teamwork. Future studies should focus on structured briefing, randomized team assignments, and multidisciplinary cohorts to enhance generalizability and learning outcomes.",10.1177/02676591261423409,41640292,ECMO; education; extracorporeal membrane oxygenation; simulation; teamwork,exclude,,exclude,"S1: Prospective observational single-arm study of escape room simulation, not an RCT.","AI-R1: Prospective observational single-arm study of escape room simulation, not an RCT."
AkbariHajiAbadF202641632769,article,"Akbari HajiAbad, F and Keshmiri, F and Jabinian, F",2026,Effects of digital game-based learning as a tool for laparoscopy training in surgical nursing.,PloS one,"BACKGROUND: The present study aimed to (1) develop a digital game focusing on the roles of surgical nurses (scrub and circulator nurses) in laparoscopic surgeries, (2) conduct a randomized controlled trial (RCT) comparing this digital game-based learning (GBL) approach with a conventional teaching method, and (3) assess students' reasoning and user satisfaction. METHOD: This randomized controlled trial (RCT) was conducted at Shahid Sadoughi University of Medical Sciences. The study comprised three phases: development of the digital game titled 'Co-Surgeon,' implementation of the educational interventions, and evaluation of outcomes. The digital game aimed to enhance students' understanding of laparoscopic surgeries and the specific roles of surgical nurses (circulator and scrub), focusing on tasks such as task recognition, laparoscopic instrument identification and utilization, procedural steps, and the development of clinical reasoning for selecting appropriate tools during common laparoscopic procedures. Fifty-seven surgical nursing students were randomly assigned to either an intervention group, which utilized digital game-based learning, or a control group, which received conventional lecture-based education. The digital GBL application included 40 distinct laparoscopic tools and equipment organized into 8 categories, 8 puzzles related to surgical nurse roles in abdominal laparoscopic surgeries, 15 Mayo stand setups, and 60 instrument identification puzzles. User satisfaction was measured via the Questionnaire for User Interface Satisfaction (QUIS), and students' reasoning was assessed through the Key Feature (KF) examination. Data were summarized using descriptive statistics (mean, standard deviation, and percentage). Pearson correlation coefficient, independent t-test, and paired t-test were used for data analysis. RESULTS: The mean (SD) scores of students' reasoning in the intervention group (19.51 ± 3.36) were significantly higher than those in the control group (13.92 ± 4.15). (p < 0.001), with a large educational effect size reported (Partial eta squared = 0.35). Student perception scores indicated a good level of satisfaction (184.85 ± 6.79). CONCLUSION: The diverse and complex responsibilities of surgical nurses make it essential to enhance the learning outcomes for surgical nursing students. Implementing digital game-based learning can positively impact these outcomes. Therefore, it is recommended to incorporate digital games as a supplement in clinical education and workplace-based training.",10.1371/journal.pone.0336400,41632769,,include,,include,,AI-R1: RCT comparing digital game-based learning vs conventional teaching in surgical nursing students.
AzakM202641610725,article,"Azak, M and Eki̇nci̇, B and Sal Çeli̇k, A and Keri̇moglu Yildiz, G and Pasli Uysalol, E",2026,"The effects of digital games on pain, fear, anxiety, and physiological responses in children during port catheter needle insertion: A randomized controlled study.",European journal of oncology nursing : the official journal of European Oncology Nursing Society,"PURPOSE: This study examined the effect of playing a digital game during port catheter needle insertion on pain, fear, anxiety, and physiological responses in children aged 6-12 years undergoing chemotherapy. METHODS: This randomized controlled trial was conducted with 56 children in a pediatric hematology-oncology unit. Participants were randomly assigned to the experimental group, which played a digital game via an online platform during the procedure, or to the control group, which received standard care. Data were collected using the Demographic Form, Wong-Baker Faces Pain Rating Scale, Children's State Anxiety Scale, and Children's Fear Scale. RESULTS: Children in the experimental group reported lower pain and anxiety compared to controls, with mean post-procedure anxiety scores of 1.61 ± 0.737 versus 2.32 ± 1.634 (p = 0.049). Fear levels decreased significantly in both groups (p < 0.001). Heart rate remained more stable in the experimental group (p < 0.05), while no significant differences were observed in SpO<sub>2</sub> values (p > 0.05). CONCLUSIONS: This study highlights the efficacy of digital games in reducing pain, fear, and anxiety in children with port needles, as well as in stabilizing heart rate. Consequently, it is recommended that digital games be incorporated into clinical practice as an effective distraction method for pediatric patients during invasive procedures. This study has significant implications for nursing practice, demonstrating that digital games are a cost-effective, accessible, and child-friendly non-pharmacological intervention. By reducing distress and enhancing coping, digital games can be integrated into routine nursing care to improve children's experiences and foster trust in clinical settings.",10.1016/j.ejon.2025.103037,41610725,Anxiety; Digital game; Fear; Pain; Port catheter,exclude,,exclude,"P1: RCT of digital game as distraction in pediatric patients, not nursing education.","AI-R1: RCT of digital game as distraction in pediatric patients, not nursing education."
DemirelN202641574410,article,"Demirel, N and Kaya, H",2026,"The Effect of Interactive Digital Game on Nursing Students' Intramuscular Injection Skills, Exam Anxiety, and Satisfaction: A Randomized Controlled Trial.","Computers, informatics, nursing : CIN","Intramuscular injection is a core nursing skill, yet students frequently experience difficulties in mastering the procedure and heightened anxiety during performance assessments. This randomized controlled, assessor and analyst-blinded study was conducted to evaluate the effect of an interactive digital game on nursing students' acquisition of intramuscular injection skills, exam-related anxiety, and satisfaction with the instructional approach. A total of 91 first-year nursing students participated, of whom 60 met eligibility criteria and were randomly assigned to experimental and control groups. Both groups received theoretical instruction and observed a demonstration of intramuscular injection, while only the experimental group played the interactive digital game before practice. Outcomes were measured using validated instruments and assessed by an independent observer. Students in the experimental group demonstrated higher post-test knowledge and skill scores, reported fewer intrusive thoughts associated with anxiety during the exam, and expressed greater satisfaction with the learning experience compared with the control group. Findings indicate that incorporating interactive digital game into nursing education offers an engaging and effective method to enhance psychomotor skill performance, alleviate assessment-related anxiety, and promote positive learning experiences. This innovative educational strategy may contribute to preparing nursing students for safer and more competent patient care.",10.1097/CIN.0000000000001482,41574410,Computer games; Interactive tutorial; Intramuscular injection; Satisfaction; Test anxiety,include,,include,,AI-R1: Blinded RCT of interactive digital game vs control on nursing students' injection skills and outcomes.
VlimkiM202641566338,article,"Välimäki, M and Satamo, M and Yang, M and Vahlberg, T",2026,The impact of gaming on functioning among people with schizophrenia: study protocol for a randomised controlled trial (GAME-A).,Trials,"BACKGROUND: Gaming interventions hold promising potential for methods of mental health treatment. Games designed for individuals with serious mental illness have demonstrated high acceptability. They have been shown to improve treatment engagement and increase a sense of self-efficacy and social integration. However, concerns remain over the potential adverse effects of regular gaming. Therefore, to investigate both the benefits and the risks, there is a need for well-designed, -conducted and -reported high-quality trials. This study aims to evaluate the effectiveness of a gaming intervention in improving functional and clinical outcomes in people with psychotic disorders and to assess the feasibility of the intervention. METHODS: The effectiveness of the gaming intervention will be assessed using a controlled clinical trial with a pragmatic, multicentre, two-arm parallel-group design. The participants will be recruited from various types of outpatient units (e.g. outpatient psychiatric units, day hospitals, residential care homes). Following the baseline assessment, participants will be centrally randomised (1:1) to receive either the gaming intervention plus treatment as usual (TAU) or TAU alone. The primary outcome will be the change in social functioning, measured at 3- and 6-month follow-ups. The secondary outcomes will include the patients' major psychiatric symptoms, self-efficacy, quality of life, and aggression and potential adverse effects, also measured at 3 and 6 months. We will also test the feasibility of the gaming intervention from the perspectives of patients and nursing staff at a 3-month follow-up. Data will be collected from outpatient psychiatric services across Finland. Eligible participants will be between 18 and 60 years old and have a formal diagnosis of a psychotic disorder (F20-F29). We aim to recruit a total of 356 participants (178 for each group). We will estimate the efficacy of the intervention on the primary and secondary outcomes based on the intention-to-treat principle. Feasibility data will be analysed separately. DISCUSSION: This study will be one of the first trials to address the effectiveness of video gaming on improving functional and clinical outcomes in people with schizophrenia. The study will offer new information to confirm both the benefits and possible disadvantages of using gaming to improve patients' health and well-being as new approaches to patient care in mental health services in Finland are explored. The results may provide insight into treatment for other health conditions in which motivational problems impact health outcomes. TRIAL REGISTRATION: NCT05707689 . Registered on 21 January 2023.",10.1186/s13063-026-09456-2,41566338,Effectiveness; Gaming; Psychotic disorder; Randomised controlled trial; Schizophrenia,exclude,,exclude,"P1: RCT protocol of gaming intervention in people with schizophrenia, not nursing education.","AI-R1: RCT protocol of gaming intervention in people with schizophrenia, not nursing education."
TokHH202641466157,article,"Tok, HH and Uzun, LN and Karakaş, M",2026,A board game's impact on nursing students' knowledge about elder neglect and abuse: a randomized controlled educational intervention.,Journal of elder abuse & neglect,"The aim of the study was to determine the effect of a board game on the level of knowledge among nursing students about older people neglect and abuse. This randomized controlled study included an experimental group that received a board game intervention and a control group that participated in case study discussions. Before the intervention, all students received a brief theoretical training on elder neglect and abuse. The Older People Neglect and Abuse Knowledge Test was used to collect data. The mean knowledge scores of nursing students in both groups increased after the intervention. The experimental group showed a significantly greater improvement in knowledge (pretest = 19.51 ± 1.8; posttest = 22.65 ± 1.5; d = 1.89) compared to the control group (pretest = 20.00 ± 2.6; posttest = 21.42 ± 2.2; d = 0.58) (<i>p</i> = .049, d = 0.65). Case studies and board games are both effective in increasing students' level of knowledge about older people abuse.",10.1080/08946566.2025.2611157,41466157,Board game; case study; elder abuse; elder neglect; nursing students,include,,include,,AI-R1: RCT of board game vs case-study discussion in nursing students with knowledge outcome.
ShinSH202641454676,article,"Shin, SH and Baek, OJ",2026,Effectiveness of a Virtual Hospital Experience Game for Nursing Students' Patient Safety Learning: A Quasi-Randomized Trial.,Western journal of nursing research,"PURPOSE: This study evaluated the effectiveness of a virtual hospital experience game designed to enhance patient safety learning among first-year nursing students, focusing on knowledge, attitudes, confidence, and willingness to promote patient safety. METHODS: A quasi-experimental design was employed. The virtual hospital experience game, developed using the Analysis-Design-Develop-Implement-Evaluate model, focused on outpatient orthopedic care and included 3 interactive scenarios. Participants included 55 first-year nursing students (experimental group = 29; control group = 26). The experimental group engaged in the virtual hospital experience game, while the control group received standard patient safety education. Outcomes were measured at pre-test, post-test, and 2-week follow-up using validated scales. Data were analyzed using repeated-measures analysis of variance with Bonferroni adjustment. RESULTS: A significant Time × Group interaction was found for patient safety knowledge (<i>F</i> = 4.56, <i>p</i> = .023, η<sub>p</sub><sup>2</sup> = 0.079), with the experimental group showing significant improvement from pre-test (<i>M</i> = 22.10; SD = 2.90) to post-test (<i>M</i> = 24.41; SD = 1.59; <i>p</i> < .001), sustained at follow-up (<i>M</i> = 24.72; SD = 1.73; <i>p</i> = .552). The control group showed no significant changes. For attitude toward patient safety, confidence in patient safety promotion, and willingness to participate in patient safety promotion, significant main effects of time were observed, but no significant Group × Time interaction effects were found. CONCLUSIONS: The virtual hospital experience game was effective in enhancing nursing students' patient safety knowledge and sustained behavioral intention. Future studies should apply these interventions to diverse scenarios and integrate them into nursing curricula for greater impact.",10.1177/01939459251396769,41454676,gamification; non-randomized controlled trials; nursing education; patient safety,include,,include,,AI-R1: Quasi-randomized trial of virtual hospital experience game vs standard education in nursing students with knowledge outcomes.
BasakT202641373097,article,"Basak, T and Demirtas, A and Sahin Karaduman, G and Duman, S and Cerit, B",2026,The Effect of an Escape Room Simulation on Postmortem Care Training For Nursing Students: A Randomized Controlled Trial.,Journal of hospice and palliative nursing : JHPN : the official journal of the Hospice and Palliative Nurses Association,"The literature highlights that nursing curricula often lack sufficient focus on postmortem care, typically managed with on-the-job support from colleagues. This study employs a parallel-group randomized controlled quasi-experimental methodology that involves administering a pretest, posttest, and retention test. The research involved 95 senior nursing students from a public university. The data were assessed through the ""Demographic Features Form"", ""Knowledge Test"", ""Student Nurses' End-of-Life and Postmortem Self-Efficacy Scale"", and ""Instructional Materials Motivation Survey"". Within the scope of the study, the intervention group showed considerably higher postmortem care knowledge scores both immediately after the lecture and 4 weeks later, opposed to the control group ( P < .01). Additionally, self-efficacy related to postmortem care and motivation scores for instructional materials were notably higher among the intervention group than those in the control group ( P < .01). The escape room simulation enhanced students' knowledge, self-efficacy, and motivation toward instructional materials related to postmortem care.",10.1097/NJH.0000000000001166,41373097,escape room; knowledge; motivation; nursing students; postmortem care; self-efficacy; simulation,include,,include,,AI-R1: RCT of escape room simulation vs control on nursing students' postmortem care knowledge and outcomes.
RyuYS202641270545,article,"Ryu, YS and Kim, HJ and Lee, JS",2026,Effectiveness of game-based VR simulation on nursing students' mastery of level D PPE: A quasi-experimental design.,Nurse education in practice,"AIM: To evaluate the effectiveness of a game-based virtual reality (VR) simulation in improving undergraduate nursing students' competence in donning and doffing Level D personal protective equipment (PPE). BACKGROUND: Proficiency in PPE use is essential for effective infection control in clinical settings. However, reduced clinical placement opportunities often limit hands-on training for nursing students. Game-based VR simulations offer a safe, standardized and repeatable modality for developing procedural competence and clinical reasoning in complex infection control scenarios. DESIGN: This study employed a quasi-experimental pretest-posttest design with a non-equivalent control group. METHODS: A total of 50 final-year nursing students participated (25 per group) and were non-randomly assigned to either a game-based VR simulation or a video-based instruction condition using a time-lag design. The intervention was implemented over eight days during the clinical practicum. Outcome variables included PPE knowledge, critical thinking disposition, class immersion and problem-solving ability. Data were analyzed using independent t-tests and Mann-Whitney U tests. RESULTS: The game-based VR simulation group showed significantly greater improvements in PPE knowledge (U = 227.00, p = 0.004) and problem-solving ability (t = 3.19, p = 0.003) compared with the video instruction group. However, differences in critical thinking disposition and class immersion were not statistically significant. CONCLUSIONS: Incorporating game-based VR into nursing curricula significantly improved nursing students' procedural knowledge and problem-solving ability. This approach holds promise for enhancing learner preparedness and competence in infection control in high-risk clinical contexts, providing a scalable and accessible educational tool for contemporary nursing education.",10.1016/j.nepr.2025.104643,41270545,Infection Control; Nursing Education; Personal Protective Equipment; Problem-Solving Ability; Virtual Reality,maybe,,maybe,,AI-R1: Game-based VR vs video instruction in nursing students but non-randomized quasi-experimental (non-equivalent control); prefer maybe at TA stage.
AtakM202641265369,article,"Atak, M and Özyazıcıoğlu, N",2026,Effect of computer-based gaming on constipation management in children: A randomized controlled trial.,Journal of pediatric nursing,"PURPOSE: The aim of this study was to evaluate the effect of computer-based gaming on constipation management in children. DESIGN AND METHODS: A randomized controlled trial was conducted to evaluate the effect on the number and type of stools, physical activity, fiber and fluid intake on the management of constipation. The study population consisted of patients aged 58 years who came to the Pediatric Gastroenterology outpatient clinic of a state hospital. The sample consisted of 46 children (23 intervention group and 23 control group) who met the inclusion criteria and voluntarily agreed to participate in the study. The mothers of the children in both groups recorded what their children ate, drank and the duration of moderate to intense exercise for 6 weeks. Both groups were given a constipation education brochure. Children assigned to the intervention group played a computer-based game. RESULTS: The computer-based game intervention had a statistically significant effect on the number and type of stools, fiber and fluid intake in children with constipation (p < 0.05). No significant difference was found in the duration of physical activity. CONCLUSION: This study demonstrated that a computer-based game can be an engaging and effective educational tool for managing constipation in children. By reinforcing healthy behaviors such as adequate fiber and fluid intake, the intervention supports pediatric nurses in promoting healthy bowel habits among children with functional constipation.",10.1016/j.pedn.2025.11.023,41265369,Child; Computer game; Constipation; Functional constipation; Game,exclude,,exclude,"P1: RCT of computer game for constipation management in pediatric patients, not nursing education.","AI-R1: RCT of computer game for constipation management in pediatric patients, not nursing education."
AkbaE202541252484,article,"Akbaş, E and Sabancioğullari, S",2025,The Effect of a Solution-Focused Stress Management Program on Emotional Eating and Digital Game Addiction in Nursing Students: A Randomized Controlled Study.,Journal of addictions nursing,"PURPOSE: This research was conducted to evaluate the effect of a solution-focused stress management program on emotional eating and digital game addiction in nursing students. DESIGN AND METHODS: A pretest-posttest control group, randomized controlled study design was employed. The sample of the study consisted of 60 nursing students, including n = 30 in the intervention and n = 30 in the control group. Data were collected using a personal information form, the emotional eating scale, and the game addiction scale. RESULTS: While there was no statistically significant difference between the mean scores of the intervention and control groups on the emotional eating and game addiction scales before the implementation of the solution-focused stress management program ( p > .05), the mean scores of the study group on these two scales decreased significantly compared with the control group after the intervention ( p < .05). A significant negative increase was observed in the mean emotional eating scale score of the control group, but no significant difference was detected in the mean game addiction score in the posttest. CONCLUSIONS: The solution-focused stress management program reduced the emotional eating and gaming addiction behaviors of the students in the intervention group. The program can be used to develop effective stress-coping behaviors and prevent emotional eating and gaming addiction in risky adolescents within the scope of community mental health practices. PRACTICE IMPLICATIONS: Based on the results of this study, solution-focused stress management programs can be implemented by psychiatric nurses to prevent emotional eating and digital gaming addiction.",10.1097/JAN.0000000000000669,41252484,Emotional Eating; Gaming Addiction; Nursing Students; Solution-Focused Approach; Stress Management,exclude,,exclude,"I1: RCT of stress management program in nursing students; game addiction is an outcome, not a game-based teaching intervention.","AI-R1: RCT of stress management program in nursing students; game addiction is an outcome, not a game-based teaching intervention."
BashiriBonabE202541188890,article,"Bashiri Bonab, E and Ghafouri, R and Moosavi, S and Nasiri, M",2025,Effectiveness of a digital game based study guide on head trauma assessment on knowledge and practical skills of nursing students: a quasi-experimental study.,BMC medical education,"BACKGROUND: Head trauma is the most common injury from accidents, making rapid and accurate assessment crucial. Incorrect evaluations can lead to serious complications, including brain dysfunction and death. Thus, it is vital to teach nursing students proper assessment techniques. This study evaluates the effectiveness of a digital game-based study guide for enhancing nursing students' knowledge and practical skills in head trauma assessment. METHODS: This quasi-experimental study involved nursing students in their 8th semester at Shahid Beheshti University of Medical Sciences in 2024, randomly assigned to control and intervention groups. Data collection occurred from May to July 2024. Both groups received two 2-hour face-to-face educational sessions in one week. The intervention group then utilized the digital game-based study guide. Knowledge and practical skills were assessed using a trauma evaluation tool and compared between groups, with data analyzed using SPSS version 20. RESULTS: Ninety-three nursing students participated (44 males and 49 females), with a mean age of 22.78 years (SD = 1.24). A paired samples t-test showed statistically significant knowledge improvement in both groups (P < 0.05). An independent samples t-test indicated statistically significant differences in knowledge and practical skills between groups post-intervention (P < 0.05). CONCLUSION: The study shows that a digital game-based study guide significantly enhances nursing students' knowledge and skills in head trauma assessment. TRIAL REGISTRATION: This study was registered in the Iranian Registry of Clinical Trials ( https://irct.behdasht.gov.ir ) with the IRCT ID: IRCT20210131050189N10, and it received approval on July 21, 2024.",10.1186/s12909-025-08122-6,41188890,Game-Based education; Head trauma; Knowledge and practical skills; Mobile application; Nursing student; Study guide,maybe,,maybe,,AI-R1: Digital game-based study guide vs control in nursing students but quasi-experimental design; prefer maybe.
RowleyN202541121180,article,"Rowley, N and Lucas, S",2025,Evaluating student nurses satisfaction with educational escape rooms as a pedagogical approach to teaching professional nursing values.,BMC nursing,"BACKGROUND: Understanding the expectations of new generations of students entering higher education can be challenging. Generation Z have been brought up in a digital world, keeping them focused and entertained. Education must respond to the changing student profiles. Consideration should be given to integrating a hyper-cognitive approach to meet the expectations of students and fuel a positive learning experience for all evolving generations. AIM: To determine student nurses' satisfaction of escape rooms to facilitate learning of professional values; teamwork, decision making and sharing information. METHOD: Quantitative cross-sectional questionnaire to capture participants' satisfaction following their participation in the escape room activity. FRAMEWORK: The pedagogical benefits of escape rooms were explored as a teaching strategy for the evolving generation of students entering nurse education. The premise being,offering influential 'games' which nurture and encourage active collaboration among students would help to form peer connections and create relationships among new students entering nurse education. Escape rooms are coactive and can drive interdependence among participants sharing a goal by creating an environment for team working in nursing education. RESULTS: Of the 45 student nurses 100% (n=45) felt part of a team, 98% (n=44) had a positive experience, and only 2% (n=1) thought that the experience was stressful. CONCLUSION: Using escape rooms as a teaching and learning tool is an innovative pedagogical approach, offering a dynamic, hands-on experience that engages students through problem-solving and teamwork. Student nurses gave positive responses to teamwork, decision making, sharing information and enjoyment of the activity. This research will inform the development and uptake of core competencies for future nurses, creating teamwork and professionalism within a collaborative live educational environment. CLINICAL TRIAL NUMBER: Not applicable TRIAL REGISTRATION: Pilot not a controlled trial. No registration.",10.1186/s12912-025-03912-1,41121180,Escape rooms; Nurse education; Nursing students,exclude,,exclude,"S1: Cross-sectional satisfaction questionnaire, not an RCT (no controlled comparison).","AI-R1: Cross-sectional satisfaction questionnaire, not an RCT (no controlled comparison)."
AltnokErsoyN202541069201,article,"Altınok Ersoy, N and Akyar, I and Yıldırım, T and Erdoğmuş, Ş",2025,"Effects of a Virtual Reality Game or Autogenic Relaxation on Pruritus, Anxiety and Dermatologic Quality of Life in Haemodialysis Patients: A Randomized Controlled Trial.",International journal of nursing practice,"AIM: This study aimed to determine the effects of a virtual reality game or autogenic relaxation on pruritus, anxiety and dermatological quality of life in patients undergoing haemodialysis. BACKGROUND: Pruritus is a prevalent and disturbing symptom in patients with chronic kidney disease that causes a scratching behaviour with a vicious itch-scratch cycle. DESIGN: This is a randomized controlled study. METHODS: The study was conducted with 47 participants at two haemodialysis centres between December 2021 and February 2022. The participants in the intervention group were informed about virtual reality games (n: 15) or autogenic relaxation (n: 16). Data collection was performed face-to-face with the 5-D Itch Scale, State and Trait Anxiety Inventory and Dermatology Quality of Life Index in the first and third haemodialysis sessions in the first week and in the last sessions of the fifth and seventh weeks. RESULTS: Scores of both intervention groups for the 5-D Itch Scale and State-Trait Anxiety scores decreased significantly in the fifth and seventh weeks, and Dermatology Quality of Life Index scores decreased significantly in the fifth week compared to the control group. CONCLUSION: Both virtual reality games and autogenic relaxation interventions, undertaken 1 day before haemodialysis sessions, reduce pruritus and anxiety symptoms and increase dermatologic quality of life. TRIAL REGISTRATION: This study was registered in the Clinical Trials protocol registry system (ClinicalTrials.gov identifier: NCT04289038).",10.1111/ijn.70071,41069201,anxiety; autogenic relaxation; dermatological quality of life; itching; nursing; pruritus; virtual reality game,exclude,,exclude,"P1: RCT of VR game in haemodialysis patients, not nursing education.","AI-R1: RCT of VR game in haemodialysis patients, not nursing education."
TanrkuluF202541039559,article,"Tanrıkulu, F and Gündoğdu, H and Erol, F and Dikmen, Y",2025,A comparison of 3D game-based simulation versus traditional methods in vital signs education.,BMC medical education,"BACKGROUND: Vital signs measurement is a fundamental nursing responsibility that requires cognitive and psychomotor competence. In alignment with the ethical principle of nonmaleficence, it is important to provide learning environments where students can practice and make mistakes without causing harm. This study aims to examine the effect of a 3D game-based simulation application developed for vital signs on students' academic achievement, learning satisfaction and self-confidence levels. METHODS: A randomized controlled experimental design was employed with 73 nursing students, assigned to either the intervention group (n = 37) or the control group (n = 36). The intervention group used a game-based simulation developed with 3D animation technology, while the control group received traditional instruction. Data were collected using the Student Introductory Characteristics Form, Academic Achievement Test of Vital Signs Measurement Skills, and the Student Satisfaction and Self-Confidence in Learning Scale. Statistical analyses were conducted using SPSS version 25, with significance set at p < 0.05. RESULTS: The results indicated that students' current learning satisfaction subscale scores were high in the traditional teaching group and that there was a statistically significant difference between the groups (p = 0.047). There was no statistically significant difference between the groups in terms of academic achievement (p = 0.932) and self-confidence levels in learning (p = 0.375). However, both groups had high mean scores in academic achievement, satisfaction with current learning, and self-confidence in learning. CONCLUSIONS: The game simulation method supported by 3D animation may be insufficient for significantly improving nursing students' academic performance, satisfaction with the learning process, and self-confidence in learning. Therefore, it is recommended that such technology-supported methods be used in blended learning environments alongside traditional teaching methods in nursing education. TRIAL REGISTRATION: ClinicalTrials.gov: NCT07009275; retrospectively registered.",10.1186/s12909-025-07980-4,41039559,Academic achievement; Animation; Nursing education; Satisfaction; Vital signs,include,,include,,AI-R1: RCT of 3D game-based simulation vs traditional instruction in nursing students with academic achievement outcome.
AcunA202541032006,article,"Acun, A and Yildirim, A",2025,Learning With Fun: The Effect of Flipped Learning and Escape Room Method on Nursing Students' Infection Control Knowledge and Learning Skills.,International journal of nursing practice,"BACKGROUND: Flipped learning and escape room (gamification) are among the innovative teaching strategies frequently used in interactive education methods today, focusing on problem-solving learning. These methods are important in promoting achievement by taking responsibility for learning. OBJECTIVES: The study aimed to evaluate the effect of flipped learning and the escape room method on nursing students' knowledge and skill learning about infection control. MATERIALS AND METHODS: The study was a randomized controlled trial with open-label pretest-posttest. The research was conducted with 76 students in the experimental and control groups. In the study, while the experimental group students were taught using the flipped learning method, which is an effective way of learning outside the classroom, their learning was reinforced with gamification using the escape room method. These teaching methods also encouraged students to take responsibility for their own learning. Data were collected by administering the 'Characteristics Form for the Student Group', the 'Knowledge Test on Infection Control Measures' and the 'Self-Directed Learning Skills Scale'. RESULTS: The post-test and follow-up test knowledge scores of the experimental group are statistically significantly higher than those of the control group (p < 0.001), and the difference has a high effect (d = 4.15). When the total score and all sub-dimensions of the Self-Directed Learning Skills Scale were analysed, a significant increase was found between the pretest and posttest scores of the experimental group compared with the control group (p = 0.003; p = 0.023; p = 0.023; p = 0.001; p = 0.049; p = 0.033; p < 0.05). CONCLUSION: The study showed that flipped learning and escape room methods significantly improved nursing students' knowledge and skills related to infection control. Students' self-learning ability, taking responsibility and teamwork skills were strengthened. TRIAL REGISTRATION: ClinicalTrials.gov identifier: NCT06670469.",10.1111/ijn.70067,41032006,active learning; escape room gamification; flipped learning; infection control; nursing education; nursing student; self‐directed,include,,include,,AI-R1: RCT of flipped learning + escape room (gamification) vs control in nursing students with knowledge/skill outcomes.
DiX202641022617,article,"Di, X and Yan, W and Biao, L and Tuo, L and Jing, M",2026,Effect of Cognitive Rehabilitation Nursing on Cognitive Impairment in Patients With Schizophrenia: A Comprehensive Systematic Review and Meta-Analysis.,Journal of cognitive psychotherapy,"Cognitive impairment is a core feature of schizophrenia, significantly affecting patients' daily functioning and quality of life. Cognitive rehabilitation nursing (CRN) has emerged as a promising nonpharmacological approach to improve cognitive deficits. This systematic review and meta-analysis aimed to evaluate the efficacy of CRN in enhancing cognitive function in patients with schizophrenia. A systematic literature search was conducted in Web of Science, PubMed, and Scopus for studies published between 2020 and 2025, using a combination of controlled vocabulary and free-text terms. Eligible studies were original, peer-reviewed articles examining CRN interventions in individuals with schizophrenia, with cognitive or functional outcomes. Fifteen studies comprising 19 intervention arms met the inclusion criteria. Methodological quality was assessed using the Cochrane RoB-2 (Risk of Bias 2) tool for randomized trials and ROBINS-I (Risk of Bias in Non-randomized Studies of Interventions) for nonrandomized studies. Standardized mean differences (SMDs) with Hedges' g correction were calculated under a random-effects model. Heterogeneity was examined using I² statistics, and publication bias was evaluated through funnel plots and Egger's test. A total of 19 intervention arms from 15 studies were included. Overall, cognitive rehabilitation yielded a small but favorable effect across cognitive domains (SMD = 0.35, <i>p</i> = .084), with a significant moderate-to-large effect observed for executive function (SMD = 0.63, <i>p</i> = .035), particularly in studies employing computerized, individualized, or virtual reality-based interventions. Effects on global cognition, memory, and functional outcomes were smaller and nonsignificant, while social cognition, assessed in one study, showed a small negative effect (SMD = -0.34, <i>p</i> = .046). Pharmacological and game-based interventions showed inconsistent efficacy. Substantial heterogeneity was present (I² = 85.3%), with outcome domain emerging as a significant moderator (<i>p</i> < .001). Publication bias analysis indicated potential small-study effects, although no missing studies were identified via the trim-and-fill method. This meta-analysis supports the effectiveness of CRN in improving cognitive outcomes in schizophrenia, with the strongest effects on executive function. Targeted, multimodal, and tech-enhanced interventions showed the greatest promise. Despite heterogeneity, the findings were consistent, reinforcing CRN's role in multidisciplinary psychiatric care.",10.1891/JCP-2025-0012,41022617,cognitive impairment; cognitive rehabilitation nursing; meta-analysis; schizophrenia; systematic review,exclude,,exclude,"S1: Systematic review and meta-analysis, not a primary RCT.","AI-R1: Systematic review and meta-analysis, not a primary RCT."
ChienLY202541005050,article,"Chien, LY and Chiang, LC and Hsiao, PC and Tzeng, WC",2025,The effect of gamified workshops on nurses' evidence-based practice competence: A randomized controlled trial.,Nurse education in practice,"AIM: To evaluate the effectiveness of a gamified educational workshop on nurses' evidence-based practice competence, self-efficacy, attitudes, satisfaction and practice report completion. BACKGROUND: Evidence-based practice is essential for high-quality healthcare; however, teaching and sustaining its use remains challenging. Gamification may enhance motivation, engagement and learning outcomes in nursing education. DESIGN: Randomized controlled trial. CLINICALTRIALS: gov Identifier: NCT06531187; registered July 28, 2024; first participant enrolled on April 9, 2020. METHODS: A total of 102 nurses from a medical center in Taiwan were randomly assigned to either a gamified workshop group (n = 54) or a control group (n = 48), which received case-based small-group discussions. Both groups attended a 40-minute lecture before the intervention. The gamified workshop, guided by the Octalysis framework, incorporated points, badges, leaderboards and time-limited team challenges. Outcomes were measured at baseline, immediately post-intervention and six months later. Generalized estimating equations were used to evaluate the effects of the intervention. RESULTS: Both groups improved in competence, self-efficacy and attitudes immediately post-intervention. At six months, the gamified group maintained greater improvements in overall competence (B = 1.37, p = 0.023), especially in the ""acquire"" (d = 0.50) and appraise (d = 0.45) domains. The gamified group also reported higher satisfaction (p < 0.001) and completed practice reports faster (p = 0.043), although report passing rates were similar between groups. CONCLUSIONS: Gamified education enhanced and sustained nurses' evidence-based competence. This approach may provide an effective strategy for promoting the timely and confident application of evidence in clinical settings.",10.1016/j.nepr.2025.104569,41005050,Competence; Evidence-based practice; Gamification; Nursing education; Randomized controlled trial; Self-efficacy,include,,include,,AI-R1: RCT of gamified workshop (points/badges/leaderboards) vs case-based discussion in nurses with EBP competence outcomes.
AlturaikiSM202541003288,article,"Alturaiki, SM and Gaballah, MK and El Arab, RA",2025,Enhancing Nursing Students' Engagement and Critical Thinking in Anatomy and Physiology Through Gamified Teaching: A Non-Equivalent Quasi-Experimental Study.,"Nursing reports (Pavia, Italy)","<b>Background:</b> Gamification may enhance engagement and higher-order learning in health-care profession education, but evidence from undergraduate nursing programs-particularly in the Middle East-is limited. We evaluated whether integrating structured gamified activities into an anatomy and physiology course improves class engagement and knowledge-based critical thinking. <b>Methods:</b> In this pragmatic, nonrandomized, section-allocated quasi-experimental study at a single Saudi institution, 121 first-year female nursing students were assigned by existing cohorts to traditional instruction (control; n = 61) or instruction enhanced with gamified elements (intervention; n = 60) groups. The intervention (introduced mid-semester) comprised time-limited competitive quizzing with immediate feedback and aligned puzzle tasks. Outcomes were measured at baseline, mid-semester, and end-semester using a four-item Class Engagement Rubric (CER; scale 1-5) and a 40-item high-cognitive multiple-choice (MCQ) assessment mapped to course objectives. Analyses used paired and independent <i>t</i>-tests with effect sizes and 95% confidence intervals. <b>Results:</b> No attrition occurred. From baseline to end-semester, the intervention group had a mean CER increase of 0.59 points (95% CI, 0.42 to 0.76; <i>p</i> < 0.001)-approximately a 15% relative gain-and a mean MCQ increase of 0.30 points (95% CI, 0.18 to 0.42; <i>p</i> < 0.001), an ~8% relative gain. The control group showed no material change over the same interval. Between-group differences in change favored the intervention across CER items and for the MCQ outcome. Semester grade-point average did not differ significantly between groups (<i>p</i> = 0.055). <b>Conclusions:</b> Embedding a brief, structured gamification package within an undergraduate nursing anatomy and physiology course was associated with measurable improvements in classroom engagement and modest gains in knowledge-based critical thinking, with no detectable effect on overall semester GPA. Given the nonrandomized, single-site design, causal inference is limited. Multi-site randomized trials using validated critical-thinking instruments are warranted to confirm effectiveness and define dose, durability, and generalizability.",10.3390/nursrep15090333,41003288,Saudi Arabia; anatomy and physiology; critical thinking; game-based learning; gamification; nursing; nursing education; nursing students; student engagement,maybe,,maybe,,AI-R1: Gamified teaching vs traditional in nursing students but nonrandomized quasi-experimental; prefer maybe.
EliaRA202541003286,article,"Elia, RA and Colangelo, M and Cerrone, V and Pace, D and Andretta, V",2025,Gamification Strategies in Undergraduate Nursing Education: A Systematic Review Protocol.,"Nursing reports (Pavia, Italy)","<b>Background/Objectives:</b> In recent years, the use of gamification has been growing in health education. In undergraduate nursing programs, it aims to enhance motivation, engagement, knowledge retention, and professional competencies. However, the evidence often combining nursing students with other disciplines or focusing on specific tools rather than the broader concept. This systematic review will synthesize the impact of gamification strategies on educational outcomes in undergraduate nursing education. <b>Methods:</b> This protocol was written according to PRISMA-P guidelines and is registered in PROSPERO (CRD420251117719). Eligible studies will include randomized controlled trials, quasi-experimental, and observational designs involving undergraduate nursing students exposed to gamification interventions in classroom, online, or clinical training settings. Comparators may include traditional lecture-based instruction or other non-gamified methods. We will search the PubMed, CINAHL, PsycINFO, Web of Science, Scopus, and Google Scholar databases, covering January 2010 to July 2025, without language restrictions. Two reviewers will independently screen studies, extract data, and assess risk of bias using Cochrane RoB-2, ROBINS-I, and JBI Critical Appraisal Tools. Where possible, a meta-analysis will be conducted; otherwise, findings will be synthesized narratively. <b>Results:</b> Not applicable; this is a protocol. Findings will be synthesized as specified in the Methods. <b>Conclusions:</b> This review will provide a comprehensive synthesis of gamification's effectiveness in undergraduate nursing education, identifying the most effective strategies and the contexts in which they perform best.",10.3390/nursrep15090331,41003286,educational technology; gamification; motivation; nursing education; nursing students; student engagement,exclude,,exclude,"S1: Systematic review protocol, not a primary RCT.","AI-R1: Systematic review protocol, not a primary RCT."
OzelH202640986456,article,"Ozel, H and Akpinar, EG",2026,"The Effect of Emergency Escape Room Simulation on Knowledge, Anxiety, and Satisfaction Levels of Students: A Randomized Controlled Trial.",Games for health journal,"BACKGROUND: The aim of this study is to determine the effect of escape room simulation intervention on the knowledge, anxiety, and satisfaction levels of students in emergency nursing education. METHODS: This randomized controlled study was conducted with 40 students studying at the nursing faculty of a university in Istanbul. The students in the intervention group (<i>n</i> = 20) were given an escape room simulation intervention related to emergency nursing education. The students in the control group (<i>n</i> = 20) were not given any intervention other than the traditional education method. Data were collected using the Knowledge Test, State Anxiety Scale, and Visual Analog Scale for satisfaction. RESULTS: The knowledge level of the students in the intervention group measured immediately after the education (<i>P</i> = 0.003), 1 week after the education (<i>P</i> < 0.001), and 1 month after the education (<i>P</i> < 0.001) was found to be significantly higher than that of the control group. While no significant difference was found in anxiety levels before and after the education between the groups, a significant difference was found in anxiety levels before and after the training in the intervention group (<i>P</i> < 0.001). The satisfaction level measured immediately after the education was found to be significantly higher in the intervention group than in the control group (<i>P</i> < 0.001). CONCLUSION: This study show that escape room simulation increased emergency nursing knowledge and satisfaction and reduced anxiety levels of the students. It is recommended that escape room simulation intervention be used in more studies in nursing education. The study was registered on ClinicalTrials.gov.tr with the number NCT06619119.",10.1177/2161783X251378638,40986456,emergency nursing; escape rooms; nursing education; nursing students; simulation,include,,include,,AI-R1: RCT of escape room simulation vs traditional education in nursing students with knowledge outcome.
LiuTW202640952658,article,"Liu, TW and Wong, BYM and Yam, TTT and Tsang, WWN and Tse, G and Kwan, QCM and Hung, K and Chui, JKT and Wu, HC and Leung, CP and Wong, JYH",2026,Effects of exergaming with a resistance component versus traditional resistance training on sarcopenia in pre-frail and frail nursing home residents: a pilot randomized controlled trial.,European geriatric medicine,"PURPOSE: To compare exergaming with a resistance component and traditional resistance training in terms of feasibility and the preliminary effects on sarcopenia, cognition, functional mobility, and frailty among pre-frail and frail nursing home residents. METHODS: A two-arm pilot randomized controlled trial was conducted in three nursing homes. Thirty residents who met the criteria for pre-frailty or frailty and had low handgrip strength were randomized to participate in either exergaming with resistance (EGRG) or traditional resistance training (TRTG) for 12 weeks (twice-weekly, 40-min sessions). The primary outcomes included sarcopenia-related parameters (e.g., muscle mass, strength, lower extremity function, SARC-CalF). The secondary outcomes were cognition (HK-MoCA), functional mobility (TUG), and frailty (CFS-C). Assessments were performed at baseline and 6, 12, 16, and 24 weeks. RESULTS: Thirty of 93 approached residents were enrolled and randomized (EGRG; n = 15, TRTG; n = 15), and 24 completed the study (80% retention). No significant group × time interaction was found for any outcome. Both groups showed significant improvements in handgrip strength, knee flexor/extensor strength, and the SPPB, TUG, and HK-MoCA scores from post-intervention to the 3-month follow-up. No significant changes were observed in the muscle mass, SARC-CalF, or CFS-C scores. Adherence was higher in the EGRG group (77.7%) than in the TRTG group (60.1%). CONCLUSION: Exergaming with a resistance component is feasible for pre-frail and frail nursing home residents and yields comparable improvements in muscle strength, physical function, and cognition to those achieved with traditional resistance training.",10.1007/s41999-025-01294-w,40952658,Exergaming; Frailty; Resistance training; Sarcopenia,exclude,,exclude,"P1: RCT of exergaming in nursing home residents (patients), not nursing education.","AI-R1: RCT of exergaming in nursing home residents (patients), not nursing education."
GhafouriR202540906731,article,"Ghafouri, R and Namaghi, SG and Khoshgoui, B",2025,"The effect of gamification on the medication knowledge, performance and satisfaction of nurses in continued medical education: A quasi-experimental study.",PloS one,"BACKGROUND AND OBJECTIVE: One of the primary challenges within the health system is improving nurses' motivation and attitude toward participation in the continuous education program. This study was conducted aim to investigate the effect of gamification on medication knowledge, performance and satisfaction of nurses in continued medical education (CME). METHODOLOGY: The study was conducted as a quasi-experimental design from November 1, 2022, to February 1, 2024. Participants were 128 nurses with a minimum of 6 months of work experience who were randomly assigned to two groups, intervention and control groups via a colored card. Baseline assessments of medication knowledge and drug administration practices were conducted one week prior to the intervention. Education in both groups consisted of five 2-hour sessions. In the control group, education was delivered using the lecture method, while in the intervention group, the competitive software (Kahoot!) was used. One week after the completion of the training sessions, participants' knowledge, drug administration skills, and satisfaction were evaluated. RESULTS: The participants' average (standard deviation) age was 30.34 (5.34), with 49 male (38.35%) and 79 female (61.7%). Wilcoxon signed-rank test results demonstrated statistically significant difference in the knowledge and performance within both groups (p < 0.001). Mann-U-Whitney test findings revealed a significant difference between the two groups of participants in performance and satisfaction with the educational approach education (p < 0.001). CONCLUSION: The gamification method enhanced nurses' satisfaction and medication performance. Using Kahoot as a game-based competitive application has been shown to enhance nurses' knowledge of pharmacology as well as increase participants' satisfaction with educational programs. Therefore, it is recommended that nursing educators and administrators integrate gamified approaches and strategies-such as Kahoot!-to enrich learning experiences and motivate participation in ongoing professional development.",10.1371/journal.pone.0331372,40906731,,maybe,,maybe,,AI-R1: Gamification (Kahoot!) vs lecture in nurses with knowledge/performance outcomes but quasi-experimental design; prefer maybe.
QianW202540902280,article,"Qian, W and Liu, S and Sun, H and Zhang, Y and Fang, Y and Li, X and Li, J",2025,"The effect of the ""Tears of Life"" situational puzzle board game on death anxiety among nursing students: A randomized controlled trial.",Nurse education in practice,"OBJECTIVES: To examine the effects of death education using a situational puzzle board game versus reflective writing on nursing students' death anxiety, self-esteem and sense of meaning in life. BACKGROUND: Pre-clinical nursing students often exhibit high death anxiety due to limited clinical experience, potentially compromising future palliative care quality. Game-based learning shows promise in nursing education, warranting investigation for death education. DESIGN: Parallel randomized controlled trial with pretest-posttest control group. METHODS: The intervention group completed the ""Tears of Life"" board game, featuring clue cards, quotation cards, growth cards and freedom cards based on Tolstoy's The Death of Ivan Ilyich and Kalanithi's When Breath Becomes Air. The control group completed DEAL (Description- Examination- Articulate Learning-Apply to Future) model-guided reflective writing on the same texts. Outcomes were measured using Templer's Death Anxiety Scale, Meaning in Life Questionnaire and Rosenberg Self-Esteem Scale. RESULTS: Both interventions significantly reduced death anxiety and enhanced meaning in life (p < 0.05 for within-group differences). Crucially, the situational puzzle board game intervention demonstrated significantly greater efficacy in reducing death anxiety and enhancing meaning in life compared with reflective writing (p < 0.05 for between-group differences). Neither intervention significantly improved self-esteem (p > 0.05 for within-group and between-group differences). CONCLUSION: Death education using the situational puzzle board game was significantly more effective than reflective writing in reducing death anxiety and enhancing meaning in life among nursing students. This game-based approach offers an innovative and engaging pedagogical tool for death education, though long-term effects on self-esteem require further investigation.",10.1016/j.nepr.2025.104539,40902280,Board game-based interventions; Death education; Nursing students,include,,include,,AI-R1: RCT of situational puzzle board game vs reflective writing in nursing students with quantitative outcomes.
FijakoN202540882179,article,"Fijačko, N and Abella, BS and Metličar, Š and Kopitar, L and Greif, R and Štiglic, G and Skok, P and Strnad, M",2025,Exploring the Impact of Home-Based Serious Smartphone Resuscitation Gaming on Stress Among Nursing Students Practicing Simulated Adult Basic Life Support: Randomized Waitlist Controlled Trial.,JMIR serious games,"BACKGROUND: Simulation-based training is widely used in resuscitation education, yet limited research exists on how serious smartphone games-especially when used independently at home-impact stress levels during simulated adult basic life support (BLS). Understanding this relationship may offer new approaches to preparing health care students for high-stress clinical situations. OBJECTIVE: This study aimed to evaluate the impact of a home-based serious resuscitation game, MOBICPR, on physiological stress markers among nursing students performing simulated adult BLS. METHODS: In this single-center, randomized, waitlist controlled trial, 43 first-year nursing students were assigned to either an intervention group (IG) or a waitlist control group (WL-CG). Stress was measured at baseline and 2-week and 4-week follow-ups using electrodermal activity (EDA), blood volume pulse (BVP), heart rate (HR), and body temperature (BT) collected via the Empatica E4 wearable (Empatica Inc., USA). Each data collection point included 3 phases: mandala coloring before and after simulated adult BLS performance, and the adult BLS scenario itself. The MOBICPR game-a serious mobile game designed per the 2021 European Resuscitation Council adult BLS guidelines-was played at home over 2 weeks by IG (weeks 0-2) and WL-CG (weeks 2-4). A random forest classifier, trained on the AffectiveRoad dataset, predicted stress levels (none, moderate, and high) based on physiological signals. RESULTS: Of 124 students invited, 43 participated (22 in IG, 21 in WL-CG; 38/43, 88% female; mean age of 19, SD 0.6 years). EDA, BVP, and BT significantly changed across measurement phases in both groups (P<.05), while HR did not show consistent differences (P>.05). Stress classification showed a significant decrease in stress after simulated adult BLS in the IG at the 2-week follow-up (P=.04), but not in the WL-CG. After 2 weeks of gameplay, 12 of 22 participants in the IG had lower stress levels after performing simulated adult BLS compared to before, suggesting an adaptive stress response. No significant group-level stress reductions were observed over time. CONCLUSIONS: Short-term, home-based gameplay using a serious resuscitation game modestly influenced physiological indicators of stress during simulated adult BLS among nursing students. While overall group stress levels remained stable, individualized responses suggested improved coping for some. Incorporating serious games into curricula could offer learners safe, gamified environments to rehearse stressful clinical scenarios. Future research should explore optimal game frequency and content depth to maximize educational and emotional resilience outcomes.",10.2196/67623,40882179,RCT; adult basic life support; gaming; nursing student; randomized controlled trial; serious games; simulation; smartphone; stress,include,,include,,AI-R1: Randomized waitlist-controlled trial of serious resuscitation game in nursing students with quantitative stress outcomes.
YilmazA202540818273,article,"Yilmaz, A and Bayram, SB",2025,The effect of patient safety escape rooms on nursing students' knowledge level and team cooperation.,Nurse education in practice,"AIM: This study aimed to evaluate the impact of escape room game design, an active teaching strategy, on nursing students' knowledge of patient safety and team cooperation. BACKGROUND: Gamification-based escape rooms enhance knowledge and skill acquisition by fostering student motivation and promoting active learning. DESIGN: A randomized controlled experimental design with pre-post tests was employed. METHODS: 60 students (experimental=30, control=30) from the Nursing Department of a university participated in the study. Conducted between December 15-26, 2023, data were collected using the Introductory Information Form, the Patient Safety Knowledge Test and the Cooperation Scale, and the Gamified Experience in Gamification. During the implementation phase, students completed the patient safety module in the Fundamentals of Nursing-I Course. The experimental group participated in three patient safety-themed escape rooms, each involving two games, while the control group continued with traditional education. One week after the intervention, post-test data were collected (two-week intervention period). RESULTS: The study results indicated no significant differences in descriptive characteristics between the experimental and control groups (p > 0.05). However, the post-test scores of the experimental group on the Patient Safety Knowledge Test, and the Cooperation Scale were significantly higher than their pre-test scores (p < 0.05). Additionally, the experimental group demonstrated a high mean score on the escape room gamification score. CONCLUSIONS: The patient safety escape room significantly enhanced nursing students' knowledge levels and team cooperation. It is recommended to expand the use of escape room games in nursing education. CLINICALTRIALS NUMBER: NCT06608628.",10.1016/j.nepr.2025.104507,40818273,Collaboration; Gamification; Information; Nursing students; Patient; Security,include,,include,,AI-R1: RCT of escape room game vs traditional education in nursing students with knowledge and cooperation outcomes.
OrduY202540784135,article,"Ordu, Y and Aydın, A",2025,The effect of gamified teaching material on nursing students' therapeutic communication skills and perception of nursing diagnoses in aggressive patient management: A randomized controlled study.,Nurse education in practice,"AIM: This study aimed to determine the effect of gamified teaching material on students' therapeutic communication skills and their perception of nursing diagnoses in aggressive patient management. BACKGROUND: Gamified teaching materials are one of the active learning methods used to develop nursing students' knowledge and skills. DESIGN: It is a randomized controlled study conducted in November-December 2024. PARTICIPANTS: This study was conducted with 80 senior students enrolled in the nursing department of a state university in Türkiye. The students were randomly assigned to two groups: control (n = 43) and intervention (n = 37). METHOD: Data were collected using the Participant Information Form, the Therapeutic Communication Skills Scale for Nursing Students and the Perception of Nursing Diagnoses Scale. After the theoretical training, all students completed the Therapeutic Communication Skills Scale for Nursing Students and the Perception of Nursing Diagnoses Scale (pre-test). Aggressive patient management was taught to students in the control group using a lecture and question-and-answer method and to students in the intervention group using gamified teaching materials. One week later, all students completed the Therapeutic Communication Skills Scale for Nursing Students and the Perception of Nursing Diagnoses Scale again (post-test). RESULTS: It was determined that the gamified teaching material was not effective in students' perception of nursing diagnoses. It was found that the gamified teaching material created a significant difference in the therapeutic communication skills-1 sub-dimension. CONCLUSIONS: It was found that gamified teaching material can be used to improve students' therapeutic communication skills. It is recommended that studies be repeated to examine the effect of gamified teaching material on students' learning. GOV ID: NCT06649149.",10.1016/j.nepr.2025.104503,40784135,Gamification; Nursing diagnosis; Nursing students; Therapeutic communication,include,,include,,AI-R1: RCT of gamified teaching material vs lecture in nursing students with communication skills outcomes.
MohammadiA202540761887,article,"Mohammadi, A and Aazami, S and Azizifar, A",2025,"Nursing Students Learn Vaccination Using Kahoot! Gamification: An Intervention Study of Knowledge, Satisfaction, Interest, and Collaboration.",Nursing research and practice,"<b>Introduction:</b> Nursing students often lack engagement and confidence in vaccination procedures, despite their critical public health importance. To address this gap, this study aimed to assess the effect of Kahoot!-based gamification on nursing students' knowledge, satisfaction, interest, and collaboration regarding vaccination. <b>Methods:</b> The students were randomly divided into two groups: case (Kahoot! game) and control (teaching in the traditional way). Eight different games were created based on vaccination topics. During each session, the case group played one of the games developed by Kahoot!. Then, at the end of 8 sessions, the posttest was taken from both controls and cases. <b>Results:</b> Findings from ANCOVA showed that the average knowledge after the internship in the group that used gamification with Kahoot! was significantly (<i>F</i> [1, 69] = 27.208, <i>p</i> ≤ 0.001) increased even after controlling for the effect of baseline knowledge. An independent <i>t</i>-test was performed to compare the average satisfaction of the internship between the two groups of control (mean = 7.5, SD = 1.34) and intervention (mean = 8.7, SD = 1.04), which showed to be significant (<i>t</i> (70) = 4.23, <i>p</i> ≤ 0.001). In addition, our results showed that the overall average interest in Kahoot!'s classes was 34.1 (SD = 2.03), ranging from 29 to 38. The average score for level of interaction at Kahoot!'s classes was 33.47 (SD = 2.36), ranging from 26 to 37. <b>Conclusions:</b> In general, our findings showed that nursing students' knowledge and satisfaction significantly increased after the end of 8 weeks of Kahoot! gamification. Moreover, we found that the level of interest and collaboration among students after gamification with Kahoot! was significantly higher than the average score of 2.5.",10.1155/nrp/3518943,40761887,collaborative learning; formative feedback; gamification; nursing students; vaccination,include,,include,,AI-R1: RCT of Kahoot! gamification vs traditional teaching in nursing students with knowledge outcomes.
EsmaeilzadehS202540749576,article,"Esmaeilzadeh, S and Aygün, M",2025,The effectiveness of game-based learning in nursing education: A systematic review of the escape room approach.,Nurse education in practice,"AIM: The aim of the study is to evaluate the effectiveness of the escape room approach, one of the game-based learning methods used in nursing education and to systematically examine its effects on learning outcomes. BACKGROUND: The escape room method stands out as an innovative game-based learning strategy that encourages active participation among students and improves problem-solving, teamwork and communication skills. There are a limited number of systematic reviews on the effects of this method on theoretical knowledge acquisition, clinical skills and learning motivation in nursing education. DESIGN: This study was designed as a systematic review on game-based learning and the escape room approach in nursing education. METHOD: The study was conducted in accordance with PRISMA guidelines. Studies published between 2015 and 2025 examining the effects of the escape room method in nursing education were systematically reviewed. A total of 7 studies (1 randomised controlled and 6 quasi-experimental) were included. Relevant databases were used for the review. PROSPERO: CRD42025627709 RESULTS: Escape room activities effectively enhanced nursing students' theoretical knowledge, clinical skills and learning motivation. The method is recommended for nursing education, with a need for further comprehensive studies. CONCLUSION: This study revealed that the escape room approach was an effective tool for game-based learning in nursing education. It is recommended to conduct more comprehensive and experimental studies to increase the applicability of this method in the future.",10.1016/j.nepr.2025.104494,40749576,Escape room; Game-based learning; Nursing education; Nusing students,exclude,,exclude,"S1: Systematic review of escape room approach, not a primary RCT.","AI-R1: Systematic review of escape room approach, not a primary RCT."
GiachelloM202540738123,article,"Giachello, M and Provasoli, C and Cosmai, S and Modena, GM and Cattani, D and Dacomi, A and Chiari, C and Scollo, S and Mancin, S and Lopane, D and Mazzoleni, B",2025,Communication Tools for End-of-Life Conversations in Palliative Nursing: A Narrative Review.,The American journal of hospice & palliative care,"<b>Background:</b> Effective end-of-life communication is essential to patient-centered palliative care, yet nurses often report feeling unprepared for these challenging conversations. A variety of structured tools have emerged to support healthcare professionals in facilitating meaningful discussions with terminally ill patients. <b>Objectives:</b> This narrative review aims to identify and synthesize the main communication tools available to nurses to improve end-of-life conversations, with a focus on practical, evidence-based strategies that enhance patient-centered care planning. <b>Methods:</b> A comprehensive literature search was conducted in PubMed, CINAHL, Scopus, and UpToDate for studies published between 2012 and March 2025. Inclusion criteria encompassed English or Italian peer-reviewed articles focusing on adult patients receiving palliative care and evaluating communication tools designed for or involving nurses. Data were extracted and summarized based on study type, tool, and reported outcomes. <b>Results:</b> Nineteen studies met the inclusion criteria, including randomized controlled trials, systematic reviews, and qualitative studies. Communication tools were categorized into five main groups: card games, question prompt lists, acronym-based protocols, structured conversation guides, and digital tools. Across studies, these tools were associated with improved communication quality, greater patient participation, increased expression of care preferences, and enhanced emotional well-being. <b>Conclusion:</b> Nurse-led use of structured communication tools can facilitate timely, compassionate end-of-life conversations aligned with patients' values and needs. Their integration into palliative nursing practice requires targeted training and institutional support. Future research should explore their long-term effects on patient outcomes and care quality.",10.1177/10499091251351571,40738123,communication tools; decision-making; end-of-life communication; narrative review; nursing; palliative care,exclude,,exclude,"S1: Narrative review of communication tools, not an RCT and no game intervention.","AI-R1: Narrative review of communication tools, not an RCT and no game intervention."
BaiS202540635388,article,"Bai, S and Zeng, H and Zhong, Q and Cao, L and He, M",2025,Effectiveness of Gamified Teaching in Disaster Nursing Education for Health Care Workers: Systematic Review.,Journal of medical Internet research,"BACKGROUND: With the continuous advancement of medical technology and the frequent occurrence of disaster events, the training of health care workers in disaster nursing has become increasingly significant. However, traditional training methods often struggle to engage learners' interest and enthusiasm, making it challenging to simulate emergencies in real-life scenarios effectively. Gamification, as an innovative pedagogical approach that enhances the enjoyment and practicality of learning through the incorporation of game elements, has garnered considerable attention in the realm of disaster nursing education for health care workers in recent years. This review systematically evaluates its effectiveness and explores its advantages in improving training outcomes. OBJECTIVE: This review aims to evaluate the effectiveness of gamified teaching methodologies in disaster nursing education and to identify the outcome of 16 indicators used in existing studies. METHODS: This study was conducted following the PRISMA (Preferred Reporting Items for Systematic reviews and Meta-Analyses) guidelines, using the PICO-SD framework (Population, Intervention, Control, Outcome, Study Design) to establish the inclusion criteria. The researchers systematically searched 8 databases on February 10, 2025, including the Cochrane Library, PubMed, CINAHL (EBSCO), Embase, Web of Science, CNKI, Wanfang, and SCOPUS. Ultimately, 16 quasi-experimental studies investigating the application of gamified teaching in disaster nursing education were included in the analysis. For randomized controlled trials (RCTs), the Cochrane Risk of Bias Assessment Tool (RoB 2.0) was used for quality assessment; for quasi-experimental studies, the Joanna Briggs Institute Risk of Bias Tool for Non-Randomized Intervention Studies was used for methodological quality evaluation. Given the heterogeneity of study designs and the diversity of study indicators, this study used a narrative synthesis to integrate the findings. RESULTS: The studies included in this review comprised 1 RCT and 15 quasi-experimental designs. Six gamified formats exhibited positive outcomes. The effectiveness of these formats was assessed through various metrics, including theoretical knowledge (14 studies), practical skills (11 studies), learner satisfaction (9 studies), knowledge retention (4 studies), and self-efficacy (2 studies). All formats demonstrated improvements in knowledge and skills, with high levels of satisfaction reported. However, data on long-term retention were limited. CONCLUSIONS: Gamification teaching methods have shown significant potential to enhance core competencies such as emergency response, decision-making, and teamwork in disaster nursing education and have been effective in reinforcing learning engagement through elements such as cooperation, competition, scoring, and scenario simulation. However, there is a lack of standardized assessment frameworks for skill acquisition, longitudinal studies tracking behavior in real-life scenarios, and rigorous RCTs comparing it with traditional instruction. Although the existing evidence has not systematically confirmed its full effectiveness, based on the findings, this paper provides practical recommendations for developing and implementing gamified teaching strategies in disaster nursing education to enhance students' knowledge acquisition and practice.",10.2196/74955,40635388,PRISMA; disaster nursing; effectiveness; gamification; health care workers; systematic review,exclude,,exclude,"S1: Systematic review of gamified disaster nursing education, not a primary RCT.","AI-R1: Systematic review of gamified disaster nursing education, not a primary RCT."
ChaudharyS202540622987,article,"Chaudhary, S and Singh, AL",2025,"Impact of self-directed learning strategy, an innovative method in nursing undergraduates: Study protocol for a randomized controlled trial.",PloS one,"BACKGROUND: In today's fast-paced healthcare environment, self-directed learning is essential for healthcare professionals to stay updated and provide optimal care. Game based learning has a potential of motivating students' engagement and creating fascinating self-directed learning environment for favorable outcome. This randomized controlled trial aims to investigate the impact of game-based learning as an innovative self-directed learning strategy compared to conventional self-directed learning strategy on knowledge acquisition, and self-directed learning abilities among nursing undergraduates based on Self-directed learning Instrument (SDLI) score. METHODS: This quantitative, randomized controlled trial will enroll and randomize 140 undergraduate nursing students in the experimental and control group using stratified random sampling and follow them for 12 weeks. Self-directed learning (SDL) orientation session will be conducted prior to the randomization for all the participants. After randomization, experimental group will undergo SDL with game-based learning and control group will undergo SDL with conventional learning for four weeks. Follow up sessions will be conducted once a week for a period of 4 weeks. Evaluation of impact of intervention will be assessed at four time points: preintervention, immediately postintervention, 4 weeks postintervention and 12 weeks postintervention using structured knowledge questionnaire, Self-Directed Learning Instrument (SDLI) and Cognitive, Affective and Psychomotor (CAP) perceived learning scale. ANOVA will be used to compare the variations in self-directed learning ability, perceived learning competency, and knowledge between two groups. Regression analysis will be conducted to explore the correlation between various independent variables and the dependent variables. Paired t-test will be used to analyze the variation between pre-test and post-test results, considering a p-value less than 0.05 to be statistically significant. DISCUSSION: This trial aims to determine whether game-based learning as an innovative self -directed learning strategy is superior to conventional self-directed learning strategy in improving knowledge level and self-directed learning abilities of nursing undergraduates. This trial is approved by the Datta Megha Institute of Higher Education & Research, Institutional ethics committee (DMIHER(DU)/IEC/2023/141C). We plan to disseminate study results in peer-reviewed journals and international conferences. TRIAL REGISTRATION: Trial Registered Prospectively [CTRI/2024/01/061599].",10.1371/journal.pone.0325300,40622987,,maybe,,maybe,,AI-R1: RCT protocol of game-based learning in nursing students; protocol with randomization qualifies but results pending.
GrbelJ202540523213,article,"Grübel, J and Chatain, J and Schmid, C and Fayolle, V and Zünd, F and Gruber, R and Stadlinger, B",2025,Applying Augmented Reality to Convey Medical Knowledge on Osteoclasts to Users of a Serious Game: Vignette Experiment.,JMIR serious games,"BACKGROUND: Visualization technology is enhancing interactive learning by merging digital content with real-world environments, offering immersive experiences through augmented reality (AR) in fields like medical education. AR is being increasingly used in medicine and dental education to improve student learning, particularly in understanding complex concepts such as bone remodeling. Active learning strategies, supported by AR, boost student autonomy, reduce cognitive load, and improve learning outcomes across various disciplines. AR is gaining popularity in higher education as it enhances active learning, reduces cognitive load, and improves cognitive, meta-cognitive, and affective outcomes, particularly in medical and nursing education. The effectiveness of immersive AR in enhancing understanding of complex physiological processes is still unclear, with a lack of rigorous studies on its impact and how to effectively convert academic content into AR. OBJECTIVE: We assess the capacity of AR-enhanced content for learning medical knowledge with a state-of-the-art AR game published along with a modern cell atlas of the oral cavity. To assess AR-enhanced content for learning, we formulated hypotheses on the general impact on learning (H1), specific improvements in learning (H2), and long-term retention (H3). METHODS: An AR serious game was developed to represent current knowledge on osteoclasts for classroom use. The game was evaluated in an unblinded face-to-face vignette experiment (39 participants). Learning outcomes on ""Osteoclasts"" were compared between the AR game (17 participants) and a textbook-only option (20 participants) conveying the same content. Participants were randomly assigned and learning success was measured at three time-points, immediately after the experiment session, 1 week later, and 1 month later, via web-based surveys. RESULTS: The AR serious game elicited strong interest in the topic (perceived relevance in Attention, Relevance, Confidence, and Satisfaction [ARCS], W=10,417; P<.001) and motivated students by increasing self-efficacy (confidence in ARCS, W=11,882.5; P=.02) and satisfaction (in ARCS, W=4561; P<.001). The learning outcomes were comparable to text-based self-learning (t=2.0103; PBonferroni=.095). Furthermore, curious students benefited more from interactive learning methods compared with text-only methods and had higher learning success (t=-2.518; P=.02). CONCLUSIONS: Introducing new technology such as AR into teaching requires technological investment, updated curricula, and careful application of learning paradigms. We found support for improved motivation (H1) and some evidence of AR's baseline effectiveness (H2a). While we could not confirm AR's impact on visual tasks overall (H2b), we noted an interesting interaction between curiosity and visual task outcomes (H2c), as well as how game design influences student perception of the material (H2d). Due to attrition, long-term learning outcomes (H3) could not be assessed. AR-based learning may particularly benefit curious students, who often struggle with text-heavy methods. As students are increasingly accustomed to brief, engaging content, teaching approaches must adapt.",10.2196/64751,40523213,augmented reality; communication; educational game; medical student; oral cavity; osteoclasts; serious game; tablet-based augmented reality; user study; vignette experiment,exclude,,exclude,"P1: AR serious game targets medical/dental education users, not nursing education.","AI-R1: AR serious game targets medical/dental education users, not nursing education."
MemisA202540449239,article,"Memis, A and Kocatas, S",2025,Effects of motivational interviews and hippotherapy on the digital game addiction levels of adolescents: Randomized controlled clinical trial.,Journal of pediatric nursing,"AIM: The increasing prevalence of digital game addiction in children and adolescent remains a significant public health problem worldwide. This randomized controlled study was carried out to determine the effects of motivational interviews based on the information-motivation-behavioral skills model, health education, and hippotherapy on digital game addiction in adolescents. METHODS: The study was performed at two public middle schools in Turkey between December 2021 and April 2024. Sixty-two students whose Digital Game Addiction Scale scores were 73 or higher were randomly divided into the experimental (n = 32) and control (n = 30) groups. The experimental group was given digital game addiction education, model-based individual motivational interviews (6 sessions) and simultaneous hippotherapy (6 sessions). Data were collected using the Digital Game Addiction Scale for Children, the Awareness of Digital Game Addiction Scale, the Digital Game-Playing Motivation Scale, the Digital Gaming Attitude Scale, the Survey of Children's Social Support, and the Self-Efficacy Questionnaire for Children. The data were analyzed using the R version 2.15.3 program. RESULTS: The experimental group had significantly lower Digital Game Addiction Scale for Children scores than the control group (p < 0.05). While the Digital Game Addiction Scale for Children scores of the experimental group increased (p < 0.05), these scores of the control group did not significantly change (p > 0.05). The digital game-playing motivations and digital gaming attitudes scores of the participants were low. CONCLUSION: The program consisting of motivational interviews based on the information-motivation-behavioral skills model and hippotherapy was not significantly effective on digital game addiction awareness, but it significantly affected digital game addiction levels, digital game-playing motivations, and digital gaming attitudes. CLINICAL TRIALS NUMBER: NCT05339035.",10.1016/j.pedn.2025.05.024,40449239,Adolescent; Digital game addiction; Hippotherapy; Information-motivation-behavioral skills model; Nursing,exclude,,exclude,"I1: Intervention is motivational interviews and hippotherapy for game addiction, not game-based teaching.","AI-R1: Intervention is motivational interviews and hippotherapy for game addiction, not game-based teaching."
HosseinMP202540410793,article,"Hossein, MP and Ansari, M and Fekri, N and Yazdimoghaddam, H",2025,The effects of e-learning vs. gamification-based training on ICU nurses' knowledge and attitudes toward organ donation candidates: a study based on the psychological security and empowerment model.,BMC medical education,"BACKGROUND: Effective training of nurses who manage candidates for organ donation is a critical issue that can enhance nurses' knowledge and attitudes, ultimately improving the quality and efficiency of donated organs. This study aims to compare the effects of e-learning and gamification-based training on ICU nurses' knowledge and attitudes toward organ donation candidates based on the Improving Psychological Security and Empowerment (IPSE) model. METHODS: This clinical trial used a pre- and post-intervention design with three groups and was conducted on 45 ICU nurses. Participants were randomly assigned to one of three groups: e-learning, gamification-based training, and a control group (15 participants per group). The e-learning group attended two two-hour webinars based on the IPSE model. After reviewing educational materials prepared based on the IPSE model, the gamification group completed six scenarios via email. The control group received no intervention. A questionnaire assessing the nurses' knowledge and attitudes toward the care of organ donation candidates was administered before and after the intervention. To evaluate the retention of learning, the same questionnaire was completed again one month after the intervention. Data analysis was performed using mixed- ANOVA in SPSS (version 26) and R (version 4.1.2). The assumptions of mixed-ANOVA were checked. In both knowledge and attitude modeling, the normality assumption was confirmed by gg-plot. The homogeneity of variances assumption was tested and confirmed by Levene test. The sphericity assumption for the time effect as well as the interaction effect of time and group was tested and rejected, and we used Greenhouse-Geisser correction P-value. RESULTS: The results revealed that, after the intervention, participants' mean knowledge scores increased significantly in both the e-learning and gamification groups. The score of the e-learning group (Group 1) rose from 9.33 to 14.86, while in the gamification group (Group 2), it increased from 8.87 to 18.00. Both groups demonstrated statistically significant improvements in knowledge scores (P < 0.001). In the control group, the mean knowledge score increased from 9.93 to 12.80, which was also statistically significant (P < 0.001). Regarding attitudes, the e-learning group (Group 1) showed an increase in mean score from 45.73 to 56.86, while the gamification group (Group 2) improved from 47.33 to 61.46. Both groups exhibited statistically significant improvements in attitude scores post-intervention (P < 0.001). The control group's mean attitude score also increased from 48.26 to 51.13, showing a statistically significant change (P < 0.001). CONCLUSION: The results demonstrated that gamification-based training had a greater impact on nurses' knowledge and attitudes than e-learning. Given the positive effects of both educational approaches, educational and medical center administrators should be familiarized with innovative approaches like gamification to enhance nurses' learning by utilizing more engaging and practical methods.",10.1186/s12909-025-07299-0,40410793,Attitude; Brain death; E-learning; Gamification-based training; Knowledge; Organ donation,include,,include,,AI-R1: RCT comparing gamification training vs control in ICU nurses with knowledge/attitude outcomes.
HerreroAJ202540379477,article,"Herrero, AJ and Argente, EC and Lahuerta, A and Jensen-Casado, E and Herrero-Martín, M and Sacristán-Rodríguez, JM and Bullón-Benito, E and Aldavero, C and Martínez-Sinovas, R",2025,Impact of Modern Board Games on Executive Functions and Quality of Life in the Elderly: A Randomized Controlled Trial.,Games for health journal,"<b><i>Purpose:</i></b> This study aimed to assess the effects of modern board games (MBG) on executive functions, quality of life, and volitional behaviors in elderly individuals residing in nursing homes. <b><i>Methods:</i></b> A 12-week randomized controlled trial was conducted in a nursing home with 30 participants (age = 83.2 years). Participants were randomly assigned to either the experimental group (EG; <i>n</i> = 16) or the control group (CG; <i>n</i> = 14). The EG engaged in twice-weekly MBG sessions facilitated by trained professionals, while the CG continued with their usual activities without additional interventions. Cognitive performance was assessed using the Cambridge Cognitive Examination (CAMCOG-R) and the Test of the Paths (TESEN). Quality of life was evaluated using the FUMAT scale, and volitional behaviors were measured using the Volitional Questionnaire. <b><i>Results:</i></b> The EG demonstrated significant improvements in executive functions, including comprehension (9.9%, <i>P</i> < 0.05), remote memory (22.6%, <i>P</i> < 0.05), and attention and calculation (83.3%, <i>P</i> < 0.05), as measured by the CAMCOG-R. No significant changes were observed in the TESEN test. The EG also showed significant gains in quality of life, with improvements in emotional well-being (5.0%, <i>P</i> < 0.01), interpersonal relationships (15.4%, <i>P</i> < 0.05), personal development (7.5%, <i>P</i> < 0.001), and social inclusion (6.3%, <i>P</i> < 0.001) on the FUMAT scale. Volitional behaviors, particularly competence (7.1%, <i>P</i> < 0.05), also improved significantly in the EG. <b><i>Conclusion:</i></b> MBG offer a promising nonpharmacological intervention to enhance executive functions, quality of life, and volitional behaviors in elderly individuals in nursing homes. The structured facilitation of these games, tailored to participants' cognitive levels, may support cognitive stimulation and foster social engagement in this population.",10.1089/g4h.2024.0195,40379477,board game-based learning; cognitive function; emotional well-being; nursing home; social relationships; volition,exclude,,exclude,"P1: RCT of board games in elderly nursing-home residents, not nursing education.","AI-R1: RCT of board games in elderly nursing-home residents, not nursing education."
AntikchiM202540269906,article,"Antikchi, M and Heydari, S and Bakhshi, F",2025,The effect of game-based scenario writing on the clinical reasoning of internship nursing students in cardiovascular emergencies and critical care units.,BMC medical education,"BACKGROUND: Nurses' failure to properly apply clinical reasoning (CR) can result in diagnostic errors especially in cardiac emergencies and critical care that compromise patient care and threaten patient safety. Therefore, nursing education must employ appropriate teaching approaches, particularly throughout internships, to enhance students' CR skills. AIM: This study aimed to assess the effect of game-based scenario writing on the CR of internship nursing students in cardiac emergencies and critical care units. METHODS: An unblinded, randomized, controlled trial with a parallel control group was conducted with 82 nursing students who were experiencing cardiac emergencies and critical care internships from June to September 2023. The participants were randomly assigned to either the intervention group (n = 41), which received game-based scenario writing in the two phases of the pre-internship and internship periods, or the control group (n = 41), which received routine internship training. Data were collected at baseline and the end of the internship course, and the instruments included participants' characteristics, a CR test, and a satisfaction questionnaire. RESULTS: At the end of the cardiac emergencies and critical care internship course, compared with the control group, the intervention group presented a significant increase in CR (12.30 ± 3.6, 14.57 ± 3.9, p < 0.05). Within-group Comparison of pre-test and post-test CR scores only showed a significant increase in the intervention group (p = < 0.001). CONCLUSIONS: The current study's findings support the argument that the gamified scenario-writing method can be an effective and dynamic learning method. It appears that employing this approach in nursing education could potentially enhance the CR of nursing students during their internship courses. Therefore, applying this method is recommended to nursing educators, especially for cardiac emergencies and critical care unit internship courses.",10.1186/s12909-025-07079-w,40269906,Cardiac critical care; Clinical reasoning; Gamification; Internship; Nursing student,include,,include,,AI-R1: RCT of game-based scenario writing vs routine training in internship nursing students with clinical reasoning outcomes.
CelikF202540267601,article,"Celik, F and Turan, R and Bektas, H",2025,The effect of game-based interventions on the nursing students' level of knowledge: A systematic review and meta-analysis of randomized controlled trials.,Nurse education today,"The adoption of game-based interventions has begun to rise as innovative methods in nursing education have gained prominence. This systematic review and meta-analysis study aimed to analyze the effects of game-based interventions on nursing students' knowledge level. We searched nine electronic databases published in English, without year limitations, until May 2024. We followed the PRISMA 2020 checklist. A random-effects model was used to determine intervention effects. The Cochrane Collaboration technique was used to evaluate potential bias. Six studies involving 718 nursing students were included in this study. We identified the use of different game-based approaches such as video games, serious games, mobile games, board games, gamified flipped classrooms, and virtual gaming simulations. Game-based intervention duration ranged from only once to once weekly throughout the study period. No significant publication bias was observed. Compared to the control group, game-based interventions improved the level of knowledge (SMD = 1.00; 95 % CI [0.26, 1.74]; p < 0.001). Game-based interventions are an effective strategy for achieving learning objectives in the cognitive domain and contribute to increasing nursing students' knowledge levels. Therefore, integrating game-based interventions into nursing education is recommended. Further research is needed to determine how game-based affect nursing students' behavioral and affective learning outcomes.",10.1016/j.nedt.2025.106746,40267601,Game-based interventions; Knowledge; Nurses; Students,exclude,,exclude,"S1: Systematic review and meta-analysis, not a primary RCT.","AI-R1: Systematic review and meta-analysis, not a primary RCT."
KseA202540250204,article,"Köse, A and Özcan, S",2025,Effectiveness of escape rooms in nursing education: A systematic review.,Nurse education today,"AIM: This study examines the effect of escape room-based learning on critical thinking, problem-solving and clinical decision-making skills in nursing education. BACKGROUND: Educational escape rooms have emerged as an innovative and interactive teaching method in nursing education. They offer a dynamic approach that enhances critical thinking, problem-solving, teamwork, and applying theoretical knowledge in a safe and engaging environment. DESIGN: Systematic review. METHOD: A structured search was performed in Pubmed, Scopus, Cochrane Library, Google Scholar, Web of Science, Science Direct, and ULAKBIM. The databases were searched with the keywords ""nursing students,"" ""escape game,"" and ""escape room"" and were combined with Boolean connectors (and, or). In this systematic review, only studies conducted with nursing students or nurses with a randomized controlled trial (RCT) or quasi-experimental research design were published in English or Turkish, and whose full text was accessible were included. The Joanna Briggs Institute, MetaAnalysis of Statistics Assessment and Review Instruments (JBI-MAStARI), was used to assess the quality of studies. Two independent reviewers conducted selection and critical appraisal. RESULTS: N = 14 interventional studies up to November 2024 were included (n = 2 Randomized Clinical Trials and n = 12 quasi-experimental designs). The samples of 12 of the reviewed studies consisted entirely of nursing students. The sample of 1 study consisted of nurses, and 1 study consisted of nursing and pharmacy students. In most of the reviewed studies, escape room interventions significantly improved nursing students' clinical decision-making, critical thinking, and problem-solving skills. It was also found to positively affect students' motivation to learn, satisfaction, and retention of information. CONCLUSION: After implementing the escape rooms method, the students' average scores significantly increased. This method effectively improves students' knowledge, skills, critical thinking, motivation, satisfaction, self-efficacy, problem-solving, and clinical judgment skills. Integrating the escape room method with digital technologies such as virtual reality (VR) and augmented reality (AR) is suggested to extend interactive learning experiences.",10.1016/j.nedt.2025.106745,40250204,Escape game; Escape room; Nurse; Nursing students,exclude,,exclude,"S1: Systematic review of escape rooms in nursing education, not a primary RCT.","AI-R1: Systematic review of escape rooms in nursing education, not a primary RCT."
NaorAP202540241868,article,"Naor, AP and Dubovi, I",2025,Nurse-led inpatient education using a gamification approach for patients with mental illness: A quasi-experimental study.,International journal of nursing sciences,"OBJECTIVES: Patient education while hospitalized enhances patients' ability to manage chronic diseases, including mental disorders, promoting adherence to treatment plans. This study aimed to evaluate the effectiveness of gamification as an instructional approach for nurse-led inpatient education. METHODS: A quasi-experimental study was conducted. A total of 112 participants were recruited from the Geha Mental Health Center, a tertiary mental health center in Israel, from September 2022 to June 2023 and randomly allocated to the intervention group or control group. Nurses provided health education to patients in the intervention group using gamification techniques based on traditional health education methods. Responsibilities, rights, and relevant information for hospitalized patients were written on different cards. Patients were divided into groups of 3-4, and health education was delivered through memory card games and quartet card games. Each type of game was played twice, each lasting 30 min, occurring once every two weeks. In the control group of patients, traditional health education methods were utilized. A self-developed questionnaire assessing knowledge, self-efficacy, and adherence was used to investigate the two patient groups before and after the intervention, allowing for a comparison of the results. RESULTS: Overall, 90 patients completed the study: 45 in the intervention group and 45 in the control group. Both groups improved knowledge, self-efficacy, and adherence after the intervention (<i>P</i> < 0.01). Furthermore, health education based on gamification methods was more effective than conventional health education in enhancing all three aspects of patient outcomes (<i>P</i> < 0.01). CONCLUSION: Gamification is preferable to routine education for fostering patient engagement in therapeutic sessions by enhancing self-efficacy and knowledge. The findings may contribute to developing gamified educational interventions to improve the effectiveness of inpatient education.",10.1016/j.ijnss.2025.02.007,40241868,Gamification; Mental disorders; Nursing; Patient education,exclude,,exclude,"P1: Gamified education delivered to mental-illness patients, not nursing education; also quasi-experimental.","AI-R1: Gamified education delivered to mental-illness patients, not nursing education; also quasi-experimental."
ColacciT202540223496,article,"Colacci, T and Bonavoglia, F and Dibattista, F and Gargaro, V and Taborri, S and La Torre, G",2025,Action Maze and Role Playing in comparison: A Randomized Field Trial on simulation-based teaching methodologies in critical care.,Annali di igiene : medicina preventiva e di comunita,"BACKGROUND: The training of healthcare professionals requires continuous innovation in teaching methodologies to foster the development of professional skills. The use of simulation in critical care is a proven effective technique, allowing students to acquire and consolidate the necessary knowledge to plan and implement nursing care in clinical practice. Interactive teaching strategies aim to increase student engagement and motivation in order to improve the learning process, decision-making, and critical thinking. New technologies that leverage gamification provide further advancements in interactive learning and represent a valuable and promising tool for training in various healthcare contexts. This study aims to analyze and compare two simulated teaching methodologies, Role Playing and Action Maze, and assess their effectiveness in terms of the acquisition of specific knowledge in the critical care field and the level of satisfaction among nursing students. MATERIALS AND METHODS: A Randomized Field Trial was conducted. A total of 130 third-year nursing students from the Sapienza University of Rome were enrolled in the study, with 60 students from course D and 70 students from course X. An initial lecture was given on nursing care for critical patients. At the end of the lecture, a custom-designed questionnaire was administered to evaluate the knowledge acquired. The students were then randomly allocated into two groups: one group was assigned to Role Playing, and the other to Action Maze. At the end of the two simulated teaching activities, the questionnaire was administered again to assess changing in knowledge. Additionally, two validated scales, the Educational Practice Questionnaire Student Version and the Simulation Design Scale Student Version, were administered to assess student satisfaction and perception regarding the simulation techniques performed. RESULTS: The Wilcoxon signed-rank test with Z=-2.1 and p=0.03, performed on the correct post-intervention responses, was significant with a p-value of <0.05 for the Action Maze group compared to the Role Playing group. The Simulation Design Scale Student Version scale showed a p-value of <0.05 for both the ""teaching methodology"" and ""importance of elements"" sections. The Educational Practice Questionnaire Student Version scale showed a p-value of 0.076 for the evaluation of the ""importance of elements"" section. CONCLUSIONS: The results of the study indicated that the Action Maze simulation teaching methodology was more effective, both in terms of knowledge acquisition and student satisfaction, compared to the Role Playing methodology. Further comparative studies are recommended to evaluate the effectiveness of the Action Maze compared to other simulated teaching methods.",10.7416/ai.2025.2698,40223496,Nursing students; teaching methodology simulation; gamification; action maze; role playing; critical care education,maybe,,maybe,,"AI-R1: Randomized trial of Action Maze (gamified) vs Role Playing in nursing students; comparator may also be interactive, uncertain."
YumruMenteH202540204363,article,"Yumru Menteş, H and Koç, Ş",2025,Effects of a nurse-led play-based internet addiction prevention program in early adolescents: A randomized controlled study.,Archives of psychiatric nursing,"OBJECTIVE: This study aimed to investigate the effectiveness of a play-based program on internet addiction severity, daily internet usage, and game-playing duration among early adolescents. METHODS: The study employed a pretest-posttest randomized controlled design. Data were collected using the Adolescent Information Form, Internet Addiction Test, and Follow-up Form. The intervention group received a nurse-led play-based program, while the control group did not receive any intervention. RESULTS: Before the program, the IAT scores, daily internet usage, and daily digital game playing time of the groups were similar. After the program, early adolescents' IAT scores, daily internet use, and daily digital game playing time were found to be significantly lower than the pre-program and control groups. CONCLUSION: A nurse-led play-based program can be used for school-based prevention of internet addiction. However, further studies are needed to evaluate the long-term effects of these interventions on early adolescents at different stages.",10.1016/j.apnu.2025.151851,40204363,Adolescent; Internet addiction; Play therapy; School health,exclude,,exclude,"P1: Nurse-led play-based program for adolescents' internet addiction, not nursing education.","AI-R1: Nurse-led play-based program for adolescents' internet addiction, not nursing education."
DemiRcanB202540179528,article,"Demi Rcan, B and Kaya, H",2025,The effect of using digital games on learning satisfaction and self-confidence in providing nursing students with subcutaneous injection skills: A randomized controlled trial.,Nurse education in practice,"AIM: This study was conducted to examine the effect of using digital games on knowledge, skills, satisfaction and self-confidence in teaching nursing students the skill of subcutaneous injection. BACKGROUND: Rapid changes in the technological field have also been reflected in nursing education and digital teaching technologies have begun to gain importance in the teaching of fundamental nursing skills. DESIGN: A pre-test post-test randomized controlled trial. METHOD: The study was conducted between February 2023 and July 2023 with students enrolled in the Fundamentals of Nursing course at a university in Istanbul. A total of 72 nursing students were randomly assigned to the digital game group (n = 36) and the control group (n = 36). The research data were collected using the Student Information Form, Subcutaneous Injection Knowledge Test, Subcutaneous Heparin Injection Skill Checklist and The Student Satisfaction and Self-Confidence in Learning Scale. RESULTS: The digital game group had higher levels of skills, satisfaction and self-confidence (p < 0.05). There was no significant difference in knowledge scores between the digital game group and the control group (p > 0.05); however, the posttest knowledge scores of the digital game group increased (p < 0.001). Post-hoc analysis showed that knowledge had a power of 0.76, skills had a power of 0.99 and satisfaction and self-confidence had a power of 0.82. CONCLUSIONS: It was observed that the use of digital games in teaching a critical skill such as subcutaneous injection can improve the effectiveness of traditional education. Digital games can offer time and space independent learning opportunities when resources are limited.",10.1016/j.nepr.2025.104341,40179528,Digital games; Nursing education; Satisfaction; Self-confidence; Subcutaneous injection,include,,include,,AI-R1: RCT of digital games vs control teaching subcutaneous injection to nursing students with skill outcomes.
HolandaPCM202540172445,article,"Holanda, PCM and Abreu, WJC and Linhares, FMP and Mendes, RCMG and Alves, FAP and Guedes, TG",2025,Effectiveness of educational technology on human immunodeficiency virus/AIDS prevention: randomized clinical trial.,Revista latino-americana de enfermagem,"UNLABELLED: to evaluate the effectiveness of the board game ""Mural de Risco"" (Risk Wall) on the prevention of the Human Immunodeficiency Virus/AIDS in the knowledge of people aged 50 and over in a school context. randomized controlled trial, with two arms, carried out in 18 schools with 100 people in Youth and Adult Education. A validated illustrated instrument was used to assess knowledge. The educational intervention took place in groups of 3 to 5 participants, with the ""Mural de Risco"" game, in which the participants judged the images that represented a lot, little or no risk of HIV infection. McNemar's test was applied to the distribution of correct answers. there was a significant increase in the mean scores in the intervention group between baseline and the 30th day (p=0.001), which did not occur in the control group (p=0.953). the game was effective in increasing the knowledge of people aged 50 and over about the prevention of the Human Immunodeficiency Virus/AIDS. Brazilian Registry of Clinical Trials: RBR-5w9tx9. BACKGROUND: (1) In Brazil and around the world, there are high HIV/aids rates among older adults. BACKGROUND: (2) The board game is a low-cost, easily accessible educational resource. BACKGROUND: (3) The board game contains images of older adults in everyday situations. BACKGROUND: (4) The ""Mural de Risco"" (Risk Wall) game was validated by experts and evaluated by the target audience. BACKGROUND: (5) The game can be used by nurses in health education activities.",10.1590/1518-8345.7352.4515,40172445,,exclude,,exclude,"P1: Board game RCT targeting adult learners' HIV knowledge in school context, not nursing education.","AI-R1: Board game RCT targeting adult learners' HIV knowledge in school context, not nursing education."
zkanatS202540168749,article,"Özkan Şat, S and Aktaş, N and Akbaş, P",2025,The impact of escape room game and role-playing on nursing students' violence against women assessment skills and attitudes toward violence against women: A randomised controlled trial.,Nurse education in practice,"AIM: To evaluate the effects of escape rooms and role-playing methods on nursing students' ability to recognise and assess violence against women and their attitudes toward violence. BACKGROUND: Innovative and practical strategies are essential to enhance nursing students' capacity to identify and address violence. Gamification offers a promising approach to the development of these skills. DESIGN: A pre-test and post-test factorial group randomised controlled trial was conducted. METHODS: A total of 120 nursing students were randomised into three groups: escape room game (n = 40), role-playing (n = 40) and control (n = 40). Data were collected using the Knowledge Test on Violence Against Women, Scale for Attitudes Toward Violence and Scale for Nurses' and Midwives' Recognition of the Symptoms of Violence Against Women. Assessments were conducted one week and one month after the intervention. RESULTS: Both the escape room game and role-playing groups demonstrated significantly higher knowledge test scores and more contemporary, non-approving attitudes toward violence than the control group at both time points. The escape room group, in particular, achieved notable improvements in recognising signs of violence against women. CONCLUSIONS: Escape room games and role-playing are effective educational methods to improve nursing students' knowledge, attitudes and assessment skills related to violence prevention. Incorporating these methods into nursing education programs is recommended to enhance the learning outcomes.",10.1016/j.nepr.2025.104346,40168749,Escape room; Gamification; Gender-based violence; Nursing students; Role playings; Violence,include,,include,,AI-R1: RCT of escape room game vs control in nursing students with knowledge/skill outcomes.
SinghB202540049759,article,"Singh, B and Bennett, H and Miatke, A and Dumuid, D and Curtis, R and Ferguson, T and Brinsley, J and Szeto, K and Petersen, JM and Gough, C and Eglitis, E and Simpson, CE and Ekegren, CL and Smith, AE and Erickson, KI and Maher, C",2025,"Effectiveness of exercise for improving cognition, memory and executive function: a systematic umbrella review and meta-meta-analysis.",British journal of sports medicine,"OBJECTIVE: To evaluate systematic reviews of randomised controlled trials (RCTs) on the effects of exercise on general cognition, memory and executive function across all populations and ages. METHODS: Systematic reviews and meta-analyses of RCTs evaluating the effects of exercise on general cognition, memory and executive function were eligible. Data extraction and risk of bias scoring were conducted in duplicate. The A MeaSurement Tool to Assess systematic Reviews (AMSTAR-2) was used to assess the risk of bias. Effect sizes were pooled using random effects models and reported as standardised mean differences (SMD). Subgroup analyses were conducted for participant and intervention characteristics.General cognition, memory and executive function. DATA SOURCES: CINAHL, The Cochrane Library, Embase, MEDLINE via OVID, Emcare, ProQuest Central, ProQuest Nursing and Allied Health Source, PsycINFO, Scopus, Sport Discus and Web of Science. RESULTS: 133 systematic reviews (2,724 RCTs and 258 279 participants) were included. Exercise significantly improved general cognition (SMD=0.42), memory (SMD=0.26) and executive function (SMD=0.24). Memory and executive function improvements from exercise were greater for children and adolescents than for adults and older adults. Those with attention-deficit/hyperactivity disorder exhibited greater improvement in executive function than other populations. Effects were generally larger for low- and moderate-intensity interventions. Shorter interventions (1-3 months) and exergames (video games that require physical movement) had the largest effects on general cognition and memory. Findings remained statistically significant after excluding reviews rated as low and critically low quality. CONCLUSIONS: These findings provide strong evidence that exercise, even light intensity, benefits general cognition, memory and executive function across all populations, reinforcing exercise as an essential, inclusive recommendation for optimising cognitive health. TRIAL REGISTRATION NUMBER: PROSPERO ID: CRD42023468991.",10.1136/bjsports-2024-108589,40049759,Aging; Exercises; Psychiatry; Risk factor,exclude,,exclude,"S1: Umbrella review/meta-meta-analysis of exercise on cognition, not an RCT or game intervention.","AI-R1: Umbrella review/meta-meta-analysis of exercise on cognition, not an RCT or game intervention."
ParlakSertH202540048860,article,"Parlak Sert, H and Başkale, H",2025,"The effect of serious game on the level of anxiety, fear, knowledge of hospitalized children and level of anxiety in their parents.",Journal of pediatric nursing,"BACKGROUND: Serious games can be used to increase the knowledge level of hospitalized children and reduce their anxiety levels and fear of medical procedures. OBJECTIVES: This randomized controlled study was conducted to examine the effects of the developed serious game on children's anxiety, fear and knowledge levels and their parents' anxiety levels. METHODS: For this randomized controlled trial, a pre-test-post-test experimental study method was used, guided by the CONSORT checklist. The sample consisted of 70 children aged 8-12 years and their parents. Sociodemographic Data Collection Form, Fear Scale of Medical Treatment, Clinical Knowledge Form, State-trait Anxiety Inventory for Children and for Adults were used to data collection. RESULTS: As a result of the study, it has been found that serious gaming affects the state and trait anxiety levels, medical treatment fear levels and clinical knowledge levels of hospitalized children aged 8-12 years. It was determined that the state anxiety of the parents of the children participating in the study decreased, their trait anxiety is not affected. CONCLUSION: In children aged 8-12 years, the use of serious game increased knowledge and decreased anxiety and fear of medical procedures. Larger studies involving parents are needed. APPLICATION TO PRACTICE: Nurses are healthcare professionals who play a key role in managing anxiety through non-pharmacological interventions. Opportunities should be created for nurses to use artificial intelligence in their own initiatives and transfer it to the clinical environment. It is the first Turkish serious game developed by nurses.",10.1016/j.pedn.2025.02.019,40048860,Anxiety; Fear; Hospitalized child; Patient education; Serious game,exclude,,exclude,"P1: Serious game RCT in hospitalized children, not nursing education.","AI-R1: Serious game RCT in hospitalized children, not nursing education."
FathiNajafiT202539994678,article,"Fathi Najafi, T and Andaroon, N and Bolghanabadi, N and Sharifi, N and Dashti, S",2025,Gamification in midwifery education: a systematic review.,BMC medical education,"BACKGROUND AND OBJECTIVES: Midwifery education requires the integration of thought and practical knowledge and skills. Therefore, new education methods, including gamification based education, might be able to improve midwifery education. The aim of this systematic review was to evaluate the effectiveness of gamification in midwifery education. MATERIALS AND METHODS: This systematic review was conducted on both observational and experimental (quasi-experimental and randomized controlled trials) published articles in PubMed, SCOPUS, and Web Of Science till March 2024. All articles in English language that evaluated gamification-based education in midwifery or nurse-midwifery education were evaluated. RESULTS: Of the primary 268 articles, 6 articles (three cross-sectional and three intervention studies) were eligible for review. All studies used serious game method for educating on different aspects of care. Both digital and non-digital games were found to be more effective than traditional education in the reviewed studies. Satisfaction with game based education was lower than traditional method in one study. CONCLUSIONS: Gamification based education can be a promising method for educating midwifery and nurse-midwifery students due to their efficiency in improving students' knowledge and skills especially in practical fields.",10.1186/s12909-025-06880-x,39994678,Gamification; Health care; Midwifery education; Nursing,exclude,,exclude,"S1: Systematic review of gamification in midwifery education, not a primary RCT.","AI-R1: Systematic review of gamification in midwifery education, not a primary RCT."
DurmazEdeerA202539964287,article,"Durmaz Edeer, A and Vural, F and Özer Özlü, NG",2025,The Effect of Game-Based Technology on Undergraduate Nursing Students' Knowledge and Motivation: Mixed-Methods Study.,"Computers, informatics, nursing : CIN","The study aimed to determine the effects of game-based technology use in a first-aid lesson on knowledge and motivation. The study had a two-stage explanatory mixed-methods design. Quantitative data were collected as a randomized controlled trial. Qualitative data were collected through purposive sampling. A total of 202 nursing students were included and evaluated with a knowledge test and a teaching materials motivation questionnaire. A puzzle was applied to the intervention group before the first-aid lesson, and a Kahoot! was applied after the lesson. Four structured questions were asked to understand the students' thoughts about the game-based technology used. The students' pretest knowledge scores were similar. The mean posttest knowledge scores of the intervention group were significantly higher. However, the mean scores of the teaching materials motivation questionnaire were not high. The qualitative data analysis categorized students' opinions about the teaching materials as effective learning, enjoyable learning, and motivating learning. In conclusion, game-based technology methods in nursing practical lessons can enable students to apply the knowledge they learn in practice.",10.1097/CIN.0000000000001251,39964287,First-aid lesson; Game-based technology; Kahoot!; Nursing lesson; Puzzle,include,,include,,AI-R1: RCT (mixed-methods) of game-based technology vs control in nursing students with knowledge/motivation outcomes.
NylnEriksenM202539881301,article,"Nylén-Eriksen, M and Stojiljkovic, M and Lillekroken, D and Lindeflaten, K and Hessevaagbakke, E and Flølo, TN and Hovland, OJ and Solberg, AMS and Hansen, S and Bjørnnes, AK and Tørris, C",2025,Game-thinking; utilizing serious games and gamification in nursing education - a systematic review and meta-analysis.,BMC medical education,"BACKGROUND: The digital shift in higher education is moving from teacher-focused models to active learning with digital technologies, including the integration of game-based learning strategies. We aim to identify, assess, and summarize the findings of evidence and determine the effectiveness of game-thinking on learning outcomes in nursing education. METHODS: A comprehensive search for relevant literature was conducted between April and May 2022 Seven databases ERIC, Scopus, ProQuest Education Source, MEDLINE, CINAHL, Web of Science, and Embase were utilized to locate original, peer-reviewed papers published in English. The review was conducted and reported in compliance with the Preferred Reporting Items for Systematic Reviews and Meta-Analyses (PRISMA) 2020 guidelines. RESULTS: Overall, 3302 studies were initially screened based on their titles and abstract. From this selection 281 studies were then assessed for full-text eligibility. In the end, 70 studies, consisting of 27 Randomized Controlled Trials (RCTs) and 43 Quasi-experimental studies were included in the review. These studies encompassed data from a total of 8348 participants. The results from the narrative synthesis of the results revealed consistencies across the included studies and their findings. The meta-analysis suggested that game-thinking could be beneficial in nursing education, notably improving students' academic achievement (Pooled ES = 0.99, [95%CI 0.53, 1.44]). The most significant effect of game-thinking on academic achievement was observed in the academic knowledge performance of nursing students (Pooled ES = 1.06, [95%CI 0.55, 1.57]), followed by academic skill performance (Pooled ES = 0.54, [95%CI 0.06, 1.03]). CONCLUSIONS: The systematic review and meta-analysis provide evidence supporting the effectiveness of game-thinking in nursing education. The findings highlight the potential of game-based learning in enhancing nursing education through knowledge acquisition, albeit with a nuanced effect on skill development. As nursing education continues to adapt to the digital era, integration of game-thinking strategies could serve as a valuable method for creating engaging and effective learning experiences for nursing students.",10.1186/s12909-024-06531-7,39881301,Digital media for learning; Game-based learning; Game-thinking; Gamification; Higher education; Nursing; Serious games; Video Games,exclude,,exclude,"S1: Systematic review and meta-analysis, not a primary RCT.","AI-R1: Systematic review and meta-analysis, not a primary RCT."
BertozziE202439872041,article,"Bertozzi, E and Bertozzi-Villa, C and Sabato, E and Alleyne, N and Watson-Miller, S and Jordan, T and Langdon, A",2024,Supporting contraceptive self-care and reproductive empowerment with a digital health game in Barbados: Development and Pre-implementation study for What's My Method?,Gates open research,"Effective contraceptive education is essential to reducing unwanted pregnancy, increasing uptake of modern contraceptive methods, and thoughtfully planning desired births. New World Health Organization (WHO) and family planning organization guidelines recommend situating contraceptive education and counseling within a broader context of self-care that emphasizes individual agency and reproductive empowerment. Digital health interventions, and games for health specifically, have been validated as effective and scalable tools for self-guided and interactive health education, especially among younger tech-savvy individuals. Barbados currently supplements provider-based contraceptive counseling with analog materials (pamphlets and posters) and informational videos that play on a screen in the waiting room. As part of an implementation framework, this study seeks to conduct a formative evaluation of the What's My Method? (WMM) game intervention as a tool to support contraceptive counseling and increase reproductive empowerment among childbearing persons in Barbados. We test-deployed the WMM game in Bridgetown, Barbados, conducting playtests and unstructured discussions with prototypes of the WMM game among three groups of stakeholders (youth contraception ambassadors: n=8; healthcare providers: n=7; and nursing students: n=27) to determine acceptability of the intervention, efficacy of the game as a learning tool, and willingness to adopt the tool in their healthcare context. Feedback on acceptability of the game was largely positive. Detailed constructive comments informed modifications and improvements to the game. The questionnaire used to assess contraceptive knowledge gain did not prove effective. Results indicate that the WMM game is well-received and accepted by the healthcare professionals who would be deploying it. This pilot testing has informed the design of the modified WMM for a randomized controlled trial (RCT) to test the deployment of the game in a healthcare setting.",10.12688/gatesopenres.15376.2,39872041,contraceptive self-efficacy; education; family planning method; reproductive empowerment; videogame,exclude,,exclude,"P1: Digital health game for contraceptive education of patients in Barbados; development/pre-implementation study, not nursing education RCT.","AI-R1: Digital health game for contraceptive education of patients in Barbados; development/pre-implementation study, not nursing education RCT."
KimC202539827787,article,"Kim, C and Ke, F and Brewer, V",2025,Escape rooms as formative knowledge assessment: A quasi-experimental study.,Nurse education today,"BACKGROUND: Escape rooms offer an immersive approach to nursing education, serving as versatile tools for assessment and skill development. While research has explored their potential as alternatives to traditional assessments, their role as formative assessment and impact on knowledge retention in nursing education remain largely unexplored, prompting the need for further investigation. AIM: The study aims to explore the impact of escape rooms as formative assessment on first-year nursing students' knowledge retention. DESIGN: We employed a quasi-experimental research design. SETTINGS: Four escape rooms themed around medication, patient safety, low blood sugar, and sepsis were physically set up in a public university located in the southeast U.S. Student teams of two or three went through each room for an alternative formative assessment. PARTICIPANTS: 134 first-year nursing students, in clinical groups, were randomly assigned into an experimental condition and a control condition. METHODS: A gameful experience questionnaire developed by Högberg et al. (2019) was adapted, comprising 47 items across six categories. Additionally, a test consisting of seventeen multiple-choice questions was administered online for pre-test, post-test, and retention test. Students' perceptions of their learning experiences were also gathered through an open-ended question, with themes identified from their responses. RESULTS: The paired t-test on GamefulQuest scores revealed a significant difference between escape rooms and traditional assessment methods, with the experimental group showing notably higher levels of accomplishment, guidance, immersion, playfulness, and social experience. No statistically significant difference was found between the two groups on knowledge retention. Student feedback on escape room experiences highlighted entertainment, educational value, collaboration dynamics, and logistical considerations, underscoring the multifaceted nature of these immersive learning environments. CONCLUSIONS: Escape rooms promoted students' positive perception of learning experience, but showed no significant advantage over traditional assessment methods in terms of retention, aligning with existing literature on problem-based learning (PBL).",10.1016/j.nedt.2025.106572,39827787,Escape rooms; Formative assessment; Gameful experience; Knowledge retention,exclude,,exclude,S1: Quasi-experimental design (students randomly assigned but described as quasi-experimental escape room study).,AI-R1: Quasi-experimental design (students randomly assigned but described as quasi-experimental escape room study).
zdemirS202539788067,article,"Özdemir, S and Özfırat, Ö",2025,Vaginal breech birth management: serious mobile game design and evaluation for midwifery students.,Nurse education today,"BACKGROUND: The skills required to safely manage vaginal breech birth are declining among healthcare professionals, while midwifery students have limited practice opportunities due to its rarity. Innovative techniques, such as simulation and gamification, have the potential to enhance the acquisition of these essential skills. AIM: This study has two aims. The first aim is to design a serious mobile game on vaginal breech birth management for midwifery students. The second aim is to evaluate the effect of the serious mobile game-based teaching approach on learning. METHODS: A prospective, pretest-posttest, randomized controlled quasi-experimental method was used. The study was conducted with 79 third-year midwifery students (game group = 39, control group = 40) studying in a midwifery department between February-December 2022. After developing the Vaginal Breech Birth Management serious mobile game for midwifery students, students in the game group were educated with serious mobile game, while students in the control group were educated with the traditional teaching method. Questionnaire forms were used to collect data. RESULTS: The Vaginal Breech Birth Management knowledge test day 0 score median of the students in the game group was significantly higher than those in the control group (p < 0,05). However, there was no statistical significance between the median scores of the 14th day of the Vaginal Breech Birth Management knowledge test and the seventh month between the play and control groups (p > 0,05), and it was determined that the scores of the participants in both groups decreased with time. CONCLUSION: The serious mobile game developed increased students' short-term knowledge level of vaginal breech birth management but was not effective in the retention of long-term knowledge. It is recommended that the serious mobile game developed for teaching Vaginal Breech Birth Management should be integrated into the traditional teaching method and used as a reinforcement method.",10.1016/j.nedt.2024.106563,39788067,Breech birth; Education; Midwifery; Mobile game,maybe,,maybe,,AI-R1: Serious mobile game vs traditional teaching in midwifery students; midwifery may be borderline for nursing education.
GohCC202539721898,article,"Goh, CC and Gan, XM and Klainin-Yobas, P",2025,Effectiveness of Digital-Based Interventions on Physical and Psychological Outcomes Among Cancer Patients: A Systematic Review and Meta-Analysis.,Seminars in oncology nursing,"OBJECTIVE: Evolving digital technology has paved the way for endless potentiality. Leveraging on digital technology for healthcare purposes can target cancer patients, thus improving physical and psychological symptoms. Nevertheless, there is limited consolidated evidence on the effectiveness of virtual reality (VR) and mobile applications. This review aimed to synthesize evidence concerning the effectiveness of VR and mobile-based interventions on physical (pain, fatigue, and sleep) and psychological (anxiety and depression) outcomes among cancer patients. METHODS: A comprehensive literature search was conducted on ten electronic databases, ongoing trials, and grey literature, reported between 2013 to 2023. All randomized controlled trials (RCTs) examining VR and mobile-based interventions on the physical or psychological outcomes among people with cancer were included. Two independent reviewers screened records for eligibility, appraised methodological quality, and extracted data from included studies. The Cochrane Risk of Bias tool was used for data appraisal, and a modified Cochrane data extraction form was used for data extraction. Meta-analysis and subgroup analysis were used to analyze data. RESULTS: In total, 43 studies were included. VR relaxation videos and game-based activities were efficacious in improving cancer-related pain. Mobile applications with educational content, symptom monitoring, relaxation videos, teleconsultation, and regular reminders contributed to positive effects on all outcomes. Mindfulness practice appeared to improve sleep quality, anxiety, and depression. Intervention effects sustained at least 6 months for all outcomes, except sleep. CONCLUSIONS: VR and mobile-based interventions had the potential to improve pain, fatigue, sleep, anxiety, and depression at post-intervention. Future RCTs are required to further test both digital interventions on specific types of cancer on multiple research settings. IMPLICATIONS TO NURSING PRACTICE: VR and mobile-based interventions can be offered in clinical settings to help cancer manage their pain, fatigue, sleep, anxiety, and depression. VR relaxation videos, game-based activities, teleconferences, mindfulness, education, and system reminders can be included.",10.1016/j.soncn.2024.151796,39721898,Cancer; Fatigue; Mindfulness; Mobile applications; Pain; Virtual reality,exclude,,exclude,"S1: Systematic review and meta-analysis of digital interventions in cancer patients, not a primary RCT.","AI-R1: Systematic review and meta-analysis of digital interventions in cancer patients, not a primary RCT."
LeeM202439696231,article,"Lee, M and Shin, S and Lee, M and Hong, E",2024,Educational outcomes of digital serious games in nursing education: a systematic review and meta-analysis of randomized controlled trials.,BMC medical education,"BACKGROUND: Advancements in digital technologies and the coronavirus disease pandemic have rapidly shifted educational practices towards engaging digital methods, such as serious games, significantly influencing healthcare education. Digital serious games enhance nursing education by effectively overcoming limitations such as limited training time and inadequate resources, thereby improving knowledge and skills. Few high-quality systematic reviews and meta-analyses were focused exclusively on randomized controlled trials (RCTs) of digital serious games to determine their effects in nursing education. OBJECTIVE: To evaluate the effects of digital serious games on nursing education through a systematic review and meta-analysis using the Kirkpatrick model to evaluate learning and behavioral changes. METHODS: A systematic review and meta-analysis of RCTs was performed. Six databases were searched for articles published before April 2024. Risk of bias was assessed using the Revised Cochrane Risk of Bias tool for randomized trials. A sensitivity analysis was performed. Outcome variables were categorized according to the Kirkpatrick model. Effect sizes were determined using Hedges' g in a random-effects model. Subgroup analysis was performed. RESULTS: The quality appraisal results revealed that all the studies exhibited a low risk of bias across these domains. Eleven studies were included in the systematic review, and eight studies, in the meta-analysis. The intervention group showed significant improvements in knowledge (Hedges' g = 0.75, 95% confidence interval (CI) = [0.27, 1.22], p = .002, I² = 90.51%), confidence (Hedges' g = 0.73, 95% CI = [0.23, 1.24], p = .005, I² = 82.71%), and performance (Hedges' g = 0.49, 95% CI = [0.17, 0.80], p = .003, I² = 56.60%). Subgroup analysis showed a significant improvement in knowledge when the intervention period exceeded 2 weeks (Hedges' g = 0.53, 95% CI = [0.32, 0.74], p < .001, I² = 25.41%). CONCLUSION: This study demonstrates that digital serious games significantly enhance knowledge, performance, and confidence of nursing students, offering a valuable alternative to traditional methods and equipping them with essential clinical competencies. However, the observed high heterogeneity and limitations like brief intervention durations necessitate caution in result interpretation and highlight the need for further research to explore long-term effects and behavioral changes in nursing education.",10.1186/s12909-024-06464-1,39696231,"Digital technology; Education, nursing; Gamification; Meta-analysis",exclude,,exclude,"S1: Systematic review and meta-analysis of serious games, not a primary RCT.","AI-R1: Systematic review and meta-analysis of serious games, not a primary RCT."
BaiS202439661070,article,"Bai, S and Zeng, H and Zhong, Q and Shen, Y and Cao, L and He, M",2024,Application of Gamification Teaching in Disaster Education: Scoping Review.,JMIR serious games,"BACKGROUND: With climate change, the number of natural disasters is increasing globally, and the resulting weather-related events lead to increased loss of life and property. Meanwhile, the significance of disaster education is becoming increasingly important. Despite natural disasters being hard to predict, people's responses to such events can be improved by education and training. Gamification, an innovative teaching method, has demonstrated great potential across various fields, including disaster education. OBJECTIVE: We aimed to investigate the different application types of gamification in disaster education, focusing on nursing staff, medical professionals, university students, and disaster relief workers. Specifically, the goal was to identify the types of gamified teaching used in disaster education. METHODS: This scoping review was conducted according to the Joanna Briggs Institute methodology. The Participants, Concept, Context (PCC) model was used to frame the inclusion criteria. We performed a systematic search of the relevant literature across the Cochrane Library, PubMed, CINAHL, Embase, Web of Science, CNKI, Wanfang, VIPC, and SinoMed databases. Articles published in Chinese and English were selected for the review. The search was conducted to identify literature published from the establishment of the respective databases to April 21, 2024. Two researchers independently screened the literature according to the inclusion and exclusion criteria and extracted the data. RESULTS: We included a total of 16 studies in this review, originating from 8 different countries. These studies involved 1744 participants: nursing students (n=451), medical students from other majors (n=420), college students (n=287), hospital decision makers (n=264), hospital medical staff (n=262), and disaster relief workers (n=60). The gamification approaches for teaching and learning encompassed the following 7 categories: tabletop games, serious games, scenario simulation games, virtual reality and mobile games, theme games, board games, and escape room games. The objectives of the studies were diverse. Three studies conducted randomized controlled trials, with only 1 performing a comparative analysis between different games. Two studies carried out long-term outcome evaluations. CONCLUSIONS: This scoping review explored 7 types of games for disaster education and provided evidence for future education and training. Further research is needed to establish a long-term evaluation mechanism and a better game-based teaching program to provide more insights into the future of disaster education.",10.2196/64939,39661070,disaster; disaster education; gamification; gamification teaching; scoping review,exclude,,exclude,"S1: Scoping review of gamification in disaster education, not a primary RCT.","AI-R1: Scoping review of gamification in disaster education, not a primary RCT."
DoguN202539657454,article,"Dogu, N and Boztepe, H and Topal, CA and Sonmez, M and Yuceer, B and Bayraktar, N",2025,Comparison of the escape room and storytelling methods in learning the stress response: A randomized controlled pilot study.,Nurse education in practice,"AIM: The purpose of this study was to evaluate the effect of the Escape Room and Storytelling methods on nursing students' learning about the topic of stress response. BACKGROUND: It is recommended that new generations be trained using innovative teaching methods that differ from traditional teaching methods. The Escape Room and Storytelling methods are among the techniques that have been used and recommended for this purpose. DESIGN: The study was conducted with a randomized, controlled design. METHODS: Thirty-five (n = 35) second-year undergraduate nursing students were randomly divided into two groups, one group was trained on stress response using the Escape Room method, while the other group was trained using the Storytelling method. Focus-group interviews were conducted with the students after the interventions. RESULTS: There was a significant difference between the groups in terms of the median post-intervention knowledge assessment score. It was determined that the students in the Escape Room group scored significantly higher than those in the Storytelling group (p < 0.05) CONCLUSIONS: The use of these methods, which ensure the active participation of students and increase their motivation, effectively contributes to meeting the educational needs of students and increases their level of satisfaction.",10.1016/j.nepr.2024.104209,39657454,Escape room; Game-based learning; Nursing education; Storytelling; Stress response,maybe,,maybe,,"AI-R1: RCT comparing Escape Room vs Storytelling in nursing students; comparator may lack a non-game arm, uncertain."
UysalDA202539616818,article,"Uysal, DA and Polat, OG and Ugucu, G and Karakul, A and Olcay, AZ and Tuzun, O and Yigit, R",2025,A comparison of watching cartoons versus playing games as a distraction method on pain and fear of pain during peripheral intravenous cannula placement in children aged 6-9 years: A randomized experimental study.,Journal of pediatric nursing,"PURPOSE: This study aimed to compare the effects of watching cartoons and playing games as a distraction method during peripheral intravenous cannula insertion on pain and fear of pain in children aged 6-9 years. DESIGN & METHODS: This RCT with a parallel-group randomized experimental design was conducted between May and July 2024 in the pediatric unit of a university hospital with a tertiary referral centre. Sixty-eight children aged 6-9 years were assigned to two different groups using block randomization method (Cartoon Group = CG; n = 34, Gaming Group = GG; n = 34). The Wong-Bakers FACES® Pain Rating Scale and Children's Fear Scale were used for data collection. The children's pain and fear of pain were evaluated 2 min before, during and 2 min after the procedure. RESULTS: The mean age of the children (N = 64) was 7.41 ± 1.71 years (min-max = 6-9). Pain scores of GG (n = 32) were higher than CG (n = 32) (MD = 1.46; SE = 0.35; p < 0.001; %95 CI = 0.76-2.15). During the procedure, fear of pain scores of GG were higher than CG (MD = 0.78; SE = 0.32; p = 0.018; %95 CI = 0.13-1.42). CONCLUSION: This study revealed that watching cartoons reduced the pain score by approximately 1.5 units and the fear of pain score by approximately 1 unit compared to playing online games during peripheral intravenous cannula placement in children aged 6-9 years. PRACTICE IMPLICATION: In children aged 6-9 years planned to undergo peripheral intravenous cannula placement, watching a cartoon, one of the distraction techniques, can be recommended to effectively reduce pain and fear of pain. Tablets that allow watching cartoons and films, which are widely used and accessible in the clinical field, can facilitate the use of distraction techniques.",10.1016/j.pedn.2024.11.023,39616818,Children; Distraction; Fear of pain; Nursing; Pain; Peripheral intravenous cannula,exclude,,exclude,"P1: RCT of game playing as distraction during IV cannulation in children, not nursing education.","AI-R1: RCT of game playing as distraction during IV cannulation in children, not nursing education."
GokalpMG202539612768,article,"Gokalp, MG and Yucel, SC and Yilmaz, O",2025,The effect of game-based learning on the acquisition of intramuscular injection skills.,Nurse education in practice,"AIM: This study aims to determine the efficiency of game-based learning in nursing students' IMI skills training. BACKGROUND: Today, with the unstoppable development of digital technologies, the skills required by modern health services and the needs of nursing students have changed. For this reason, new teaching methods have been researched instead of traditional methods. Game-based learning will choose a dynamic learning environment for the use of game design elements in the acquisition of knowledge and the teaching of psychomotor skills, based on the theory of experimental learning while improving learning experiences with active student participation. However, its use in nursing education is limited. DESIGN: A pretest-posttest randomized controlled experimental study design was used. METHODS: The study was conducted at Ege University Faculty of Nursing in western Turkey. The sample size was determined through stratified randomization method and 135 nursing students participated in the study. Data were gathered by questionnaire method with the Student Descriptive Characteristics Form (SDCF), Intramuscular Injection Knowledge Form (IMIKF), Intramuscular Injection Implementation Checklist (IMIIC), Student Satisfaction and Confidence in Learning Scale (SSCLS) and Visual Comparison (Comfort) Scale (VCS). The chi-square test, the Mann-Whitney U test and the Brunner Langer method were performed in the SPSS 25.0 program. RESULTS: After the Intramuscular Injection Game-Based Learning Practice (IMIGBLP), the mean score of IMIICL (61±4.4) of the intervention group was significantly higher than the mean score of the control group (38±2.1) (p<0.05). The mean score of the students in the intervention group was determined to be significantly higher than the mean score of the control group (p<0.05). A significant difference was detected between the intervention and control group students in terms of their VCS scores after IMIGBLP (p<0.05). CONCLUSION: Considering the results of the study, it is recommended to use the game-based learning method in psychomotor skill training in nursing.",10.1016/j.nepr.2024.104172,39612768,Game-based learning; Intramuscular injection; Nursing Education; Simulation; Skills training,include,,include,,AI-R1: RCT of game-based learning vs traditional methods for IM injection skills in nursing students.
LinLC202439593228,article,"Lin, LC and Chen, TW and Chen, YH and Wu, SC",2024,Effect of a Hydration Game-Based Learning Program in Improving Fluid Intake and Hydration Status in Institutional Residents.,The journal of nursing research : JNR,"BACKGROUND: Approximately 50% of residents living in institutions have insufficient fluid intake, and 20%-30% experience dehydration. Implementing strategies that effectively increase fluid intake is crucial to preventing dehydration-related complications and reducing complications and comorbidities in this population. PURPOSE: This study was designed to explore the effects on fluid intake and hydration status of a hydration game-based learning program in institutional residents. METHODS: A single-blind, cluster, randomized controlled trial was conducted. Sixty-four subjects from five long-term care facilities in northern Taiwan were randomly assigned to either an experimental or control group. The experimental group received a 40-minute game-based hydration care program intervention twice weekly for 8 weeks. The control group received routine care. The data obtained were analyzed using generalized estimating equation analysis to verify changes in observed variables in the two groups at 4 and 8 weeks (during and immediately after the intervention). RESULTS: The results showed a significant improvement in fluid intake in the experimental group at 4 and 8 weeks (p = .002 and p < .001, respectively). In terms of dehydration-related indicators, although total body water was significantly improved at 8 weeks in the experimental group (p = .009), no significant improvement was found in urine-specific gravity. In terms of signs of possible urinary tract infection, the experimental group showed significant improvement in urine leukocytes (p = .029) and nitrites (p = .004) at 8 weeks. CONCLUSIONS/IMPLICATIONS FOR PRACTICE: The findings of this study support the positive effects of applying the concept of uncertain rewards and game-based learning in institutional group activities. Specifically, the interventions increased social interaction and enhanced enjoyment of drinking. The findings call for nursing professionals at institutions to offer similar hydration game-based learning programs as part of residents' daily activities to improve fluid intake.",10.1097/jnr.0000000000000650,39593228,,exclude,,exclude,"P1: Cluster RCT of hydration game-based program in institutional residents, not nursing education.","AI-R1: Cluster RCT of hydration game-based program in institutional residents, not nursing education."
AkcaSumengenA202439547836,article,"Akca Sumengen, A and Savas, EH and Ay, A and Ercan Koyuncu, İ and Erkul, M and Semerci, R",2024,Impact of Technology on Physical Activity Levels of Childhood Cancer Survivors: A Systematic Review.,Seminars in oncology nursing,"OBJECTIVES: Childhood cancer survivors often experience long-term health challenges like muscle weakness and obesity. Physical activity is essential for alleviating these effects, and technological interventions are being recommended to promote physical activity. This systematic review aimed to evaluate technological interventions' impact on childhood cancer survivors' PA levels. METHODS: The systematic review followed PRISMA guidelines and included studies published until May 2024 from various databases. The Joanna Briggs Institute critical appraisal tools were used to assess study quality. The study was registered in PROSPERO under registration number CRD42024564857. RESULTS: A total of nine studies were included in the review: four were randomized controlled trials (RCT), three were feasibility studies, and two were pilot studies. These studies, involving a total of 417 childhood cancer survivors, utilized a wide range of technological interventions. Six of the studies were of good quality, while three were of fair quality. Three studies used mobile apps, two used web-based platforms, two utilized m-health solutions, one incorporated a video game, and one employed a telehealth application. The results revealed that two-thirds of the mobile applications were ineffective in enhancing physical activity. In contrast, one of the m-health applications proved to be effective. Additionally, web-based platforms, telehealth applications, and video games demonstrated effectiveness in increasing physical activity. CONCLUSIONS: Technological interventions show promise for improving physical activity among childhood cancer survivors, with six studies demonstrating significant benefits. More research is needed to identify effective strategies and optimize intervention designs, focusing on long-term outcomes. IMPLICATIONS FOR NURSING PRACTICE: This systematic review assesses technology-based interventions aimed at promoting physical activity in childhood cancer survivors. The findings emphasize the potential and variability of digital tools, underscoring the necessity for additional research to refine intervention strategies and facilitate long-term physical activity among this group.",10.1016/j.soncn.2024.151757,39547836,Childhood cancer survivors; Physical activity level; Systematic review; Technological intervention,exclude,,exclude,"S1: Systematic review of technology on physical activity in cancer survivors, not a primary RCT.","AI-R1: Systematic review of technology on physical activity in cancer survivors, not a primary RCT."
SajjadS202439414341,article,"Sajjad, S and Gul, RB and Sayani, S and Fadoo, Z and Abbasi, AN and Barolia, R",2024,Development and testing of a videogame intervention for symptom management among 8-18 years old children with cancer: a study protocol.,BMJ paediatrics open,"INTRODUCTION: Evidence shows that cancer treatment-related symptoms could be managed effectively in 8-18 years old children through Digital Health Interventions (DHIs), consequently improving their health-related quality of life (HRQOL). However, limited research is available about digitally mediated educative health interventions for children with cancer from lower-middle income countries like Pakistan. This study aims to develop a videogame intervention for children with cancer and test the clinical efficacy of the videogame concerning HRQOL and cancer treatment-related symptoms. Moreover, the following feasibility outcomes will be recorded: acceptability, appropriateness, cost, feasibility and intervention fidelity. METHODS AND ANALYSIS: An exploratory sequential mixed methods design is used in this study. In the first phase of the study, we interviewed 28 participants (14 child-parent dyads) and assessed their symptom experiences affecting children's HRQOL. Moreover, their preferences for the development of the videogame were also elicited. Based on the findings from relevant literature and the interviews, we developed the videogame in collaboration with clinical and digital experts in the study's second phase. In the third phase of the study, a pilot randomised controlled trial will be conducted at a Tertiary Care Hospital in Karachi, Pakistan. There will be two groups: the intervention group and the control group. The intervention group children will receive the videogame application for 8 weeks, during which symptom management strategies will be taught to them. Children in the attention control group will receive weekly WhatsApp messages on healthy behaviours.The primary outcome will be the HRQOL of children, and the secondary outcome will be cancer symptoms frequency and distress. These outcomes will be assessed preintervention and 8 weeks post intervention. The feasibility outcomes will be assessed quantitatively and qualitatively through a questionnaire, videogame dashboard, interviews with a subset of intervention group child-parent dyads and a focus group discussion with nurses and doctors, post intervention, respectively. ETHICS AND DISSEMINATION: The study has been approved by the Ethics Review Committee of the Aga Khan University (2022-6833-21251). Data are accessible only to the research team in a secure form. The findings will be disseminated through publications. TRIAL REGISTRATION NUMBER: ClinicalTrials.gov Identifier NCT05796895, registered in April 2023.",10.1136/bmjpo-2024-002679,39414341,Child Health; Low and Middle Income Countries; Noncommunicable Diseases; Nursing; Technology,exclude,,exclude,"P1: Videogame intervention study protocol for children with cancer, not nursing education.","AI-R1: Videogame intervention study protocol for children with cancer, not nursing education."
ZhaoJ202539321591,article,"Zhao, J and Zeng, G and Chen, X and Huang, J and Xia, Z and Liang, R and Wong, T and Gao, Y",2025,"Effect of theme game-based learning on psychiatric violence risk assessment and response knowledge, skills, and self-confidence of nursing students: A randomized controlled trial.",Nurse education today,"BACKGROUND: Theme game-based learning has the potential to enrich student learning experiences, leading to improved learning outcomes. Yet, there remains a research gap regarding its application in addressing psychiatric violence, leaving uncertainties about the comparative advantages of theme game-based learning over situational simulation learning strategies. OBJECTIVES: The goal was to measure the effect of integrating theme game-based learning into psychiatric violence risk assessment and response training on nursing student psychiatric violence-related knowledge, skills, and self-confidence. DESIGN: This study was a randomized controlled, pre-test, and post-test trial. SETTING: The study was conducted at a medical university in Guangzhou, Guangdong, China. PARTICIPANTS: There were 103 third-year nursing undergraduates (intervention group = 51, control group = 52) in the study. METHODS: An Objective Structured Clinical Exam and the Workplace Violence Management Ability Assessment Questionnaire for Intern Nursing Students were used to assess student skills. The knowledge test and the Confidence in Coping with Patient Aggression Instrument were used to measure student knowledge and self-confidence level before and after intervention. RESULTS: Nursing students in the theme game-based group demonstrated significantly superior skills and confidence in violence risk assessment and response compared with students in the situational simulation group (p < 0.001, p = 0.039, p = 0.006, respectively). However, there was no significant difference in knowledge of violence risk assessment and response between the two groups (p = 0.510). CONCLUSION: Theme game-based learning in psychiatric violence risk assessment and response training appeared effective in enhancing the violence management abilities of nursing students.",10.1016/j.nedt.2024.106419,39321591,Nurse education; Nursing students; Psychiatric violence; Randomized controlled trial; Situational simulation; Theme game,include,,include,,AI-R1: RCT of theme game-based learning in nursing students with knowledge/skills/confidence outcomes.
SeoYK202439303410,article,"Seo, YK and Kang, CM and Kim, KH and Jeong, IS",2024,Effects of gamification on academic motivation and confidence of undergraduate nursing students: A systematic review and meta-analysis.,Nurse education today,"OBJECTIVES: This review aimed to evaluate the effects of gamification on academic motivation and confidence among undergraduate nursing students and identify the game design elements contributing to these effects. DESIGN: Systematic review and meta-analysis. DATA SOURCES: Comprehensive systematic searches were conducted to retrieve randomized controlled trials (RCTs) and quasi-experimental studies (QES) with control groups published in English and Korean from inception to January 31, 2024, using PubMed, Embase, CINAHL Plus, ERIC, ProQuest Central, Cochrane Library, and RISS. REVIEW METHODS: Eligible studies, including grey literature, were selected. The quality of the selected studies was evaluated using the Joanna Briggs Institute Critical Tool. Meta-analyses based on a random-effects model were conducted to estimate the standardized pooled effects (SMD). Subgroup analyses were conducted to identify the effect size moderators and game design elements that contributed to the effect size. The grading of recommendations, assessment, development, and evaluation approach (GRADE) was used to evaluate the certainty of evidence. RESULTS: A total of 22 studies were selected for the systematic review, and 18 studies were included in the meta-analysis. The SMD for academic motivation (SMD of RCTs = 0.86, 95 % CI [0.27, 1.45]; SMD of QES = 1.22, 95 % CI [0.17, 2.26]) and confidence (SMD of RCTs = 1.11, 95 % CI [0.54, 1.68]; SMD of QES = 0.79, 95 % CI [0.40, 1.19]) revealed moderate-to-large effects. The subgroup analysis revealed significant differences in effect sizes across academic years, measurement scales, study areas, study quality, game duration, and game design elements. GRADE assessments for academic motivation and confidence were rated as moderate and low, respectively. CONCLUSION: This review provides convincing evidence for the positive effects of gamification interventions on academic motivation and confidence among undergraduate nursing students. However, the limited number of RCTs and moderate-to-low certainty of the evidence underscore the need for additional research.",10.1016/j.nedt.2024.106388,39303410,Baccalaureate; Confidence; Education; Gamification; Meta-analysis; Motivation; Nursing; Systematic review,exclude,,exclude,"S1: Systematic review and meta-analysis of gamification, not a primary RCT.","AI-R1: Systematic review and meta-analysis of gamification, not a primary RCT."
AktaN202439276651,article,"Aktaş, N and Baykara, ZG and Öztürk, D",2024,The effect of education provided with the escape room game on nursing students' learning of parenteral drug administration.,Nurse education in practice,"AIM: The present study was conducted to determine the effect of education provided to first-year nursing students with the escape room game on their learning of parenteral drug administration. BACKGROUND: The use of escape room games in education supports formal education in providing students with professional knowledge and skills. DESIGN: A randomized controlled study design was used in this study. METHOD: The current study was conducted with 72 first-year nursing students. Data were collected with the Descriptive Characteristics Questionnaire (DCQ), Parenteral Drug Administration Information Test (PDAIT), Parenteral Drug Administration Sub-Checklists (PDASC) and Game Evaluation Form (GEF) between May and June 2022. The initial knowledge and skills of all students participating in the study were measured after completing the parenteral drug administration theoretical course and laboratory skills course. Students were assigned to the intervention (n=36) and control (n=36) groups by the stratified block randomization method according to their initial knowledge and skill measurements. Unlike the control group, the intervention group played the escape room game once in groups of four. The control group was allowed to work freely in the laboratory during this period. The final knowledge and skills of the intervention and control groups were measured immediately after the intervention. Students' skills were measured with an objective structured clinical examination. RESULTS: It was determined that the post-test knowledge level of the students in the intervention group and their post-test skill mean scores for drug withdrawal from an ampoule, subcutaneous injection administration, intradermal injection administration and intravenous push drug administration were higher than those of the students in the control group (p<0.05). Additionally, Intervention group students evaluated the escape room game positively. CONCLUSION: This study concluded that the escape room game supported formal education and could be used in teaching parenteral drug administration.",10.1016/j.nepr.2024.104133,39276651,Escape room; Gamification; Nursing education; Parenteral drug administration,include,,include,,AI-R1: RCT of escape room game vs control for parenteral drug administration in nursing students.
GhafouriR202439215281,article,"Ghafouri, R and Zamanzadeh, V and Nasiri, M",2024,"Comparison of education using the flipped class, gamification and gamification in the flipped learning environment on the performance of nursing students in a client health assessment: a randomized clinical trial.",BMC medical education,"BACKGROUND: Since effective education is one of the main concerns of every society and, in nursing, can lead to the education of successful people, the development of learning and teaching methods with greater effectiveness is one of the educational priorities in every country. The present study aimed to compare the effect of education using the flipped class, gamification and gamification in the flipped learning environment on the performance of nursing students in a client health assessment. METHODS: The present study was a Parallel randomized clinical trial study. The participants were 166 nursing students. The clinical trial data was collected from December 14, 2023, to February 20, 2024. The inclusion criteria were nursing students who had passed the first semester, who were willing to participate and install the app on their mobile devices, and who had no experience with the designed application for this study. The participants were allocated to four groups with colored carts. In the first group, teaching was performed via gamification in a flipped learning environment; in the second group, teaching was performed via the gamification method. A flipped class was implemented in the third group. In the fourth group, the usual lecture method was used. The practical performance to assess the physical health assessment with 10 questions using the key-feature questions, along with the satisfaction and self-efficacy of the students, was also checked with questionnaires. RESULTS: In this study, 166 nursing students, (99 female and 67 male), with an average (standard deviation) age of 21.29 (1.45) years, participated. There was no statistically significant difference in the demographic characteristics of the participants in the four intervention groups (P > 0.05). Comparing the results before and after the intervention, the results of the paired t test indicated a significant difference in the satisfaction, learning and self-efficacy of the learners (P < 0.001). In the comparison of the four groups, the ANOVA results for the comparison of the average scores of knowledge evaluation and satisfaction after intervention among the four groups indicated a statistically significant difference (P < 0.001). When the knowledge evaluation scores of the groups were compared, the scores for gamification in the flipped learning environment were significantly different from the other methods (P < 0.05), and there was no significant difference between the scores for the flipped class and lecture methods (P = 0.43). According to the ANOVA results, when comparing the satisfaction scores of the groups, the students in the flipped learning environment and gamification groups were more satisfied than the flipped class and lecture groups (P < 0.01). CONCLUSION: Based on the results of the present research, it can be concluded that teaching methods have an effect on students' learning and satisfaction. The teaching method has an effect on the satisfaction of the students, and the use of the flipped class method with the use of gamification was associated with more attractiveness and satisfaction in addition to learning. Teachers can improve the effectiveness of education with their creativity, depending on situation, time, cost, and available resources, by using and integrating educational methods.",10.1186/s12909-024-05966-2,39215281,"Flipped classroom; Gamification, flipped learning environment; Mobile application; Nursing; Student",maybe,,maybe,,"AI-R1: RCT comparing flipped class, gamification, and gamified flipped learning in nursing students; non-gamified comparator arm uncertain."
WangL202439180808,article,"Wang, L and Zhao, Q and Dong, L and Zhao, H and Qin, L and Deng, T and Huang, H and Li, M and Wu, X and Liu, J",2024,The effectiveness of serious games on undergraduate nursing students' knowledge and skills: A systematic review and meta-analysis.,Nurse education in practice,"AIM: To determine the effect of serious games on undergraduate nursing students by the meta-analysis method. BACKGROUND: There is a need for greater focus on enhancing the knowledge and skills of undergraduate nursing students. Generation Z students desire active engagement in the learning process. When compare with conventional learning approaches, serious games can enhance pupil interest by making the learning process more captivating. DESIGN: Systematic review and meta-analysis. METHOD: A total of nine databases were systematically searched from inception to April 2024. The Cochrane RoB-2 tool and the Joanna Brigg's Institute Critical Appraisal Tool for quasi-experimental designs were used to undertake quality appraisal. A narrative synthesis, a meta-analysis and subgroup analysis were conducted to analyze the study outcomes. RESULTS: In the study, 19 experimental studies included 14 randomized controlled trials and five quasi-experimental studies. When compare with control groups, serious games in RCTs showed significant improvements in knowledge (SMD 1.24, 95 % CI 0.52-1.96; P<0.001) and skills (SMD 0.50, 95 % CI 0.13-0.87; P<0.01). Subgroup analysis for technical skills outcomes demonstrated that serious games in RCTs were more effective than control groups (SMD 0.62, 95 % CI 0.20-1.05; P<0.001). CONCLUSION: Serious games had a beneficial impact on the knowledge and skills of undergraduate nursing students. In the context of serious game intervention, it is imperative to carefully consider the approach.",10.1016/j.nepr.2024.104102,39180808,Knowledge; Nursing students; Serious games; Skills; Systematic review,exclude,,exclude,"S1: Systematic review and meta-analysis of serious games, not a primary RCT.","AI-R1: Systematic review and meta-analysis of serious games, not a primary RCT."
AssuntaF202439159597,article,"Assunta, F and Matteo, A and Séverine, V and Guy, S and Aurélien, K and Oriana, KP and Dominique, J and Josette, S and Olivier, H and Jérome, P and Philippe, D",2024,Feasibility and acceptability of a serious game to study the effects of environmental distractors on emergency room nurse triage accuracy: A pilot study.,International emergency nursing,"BACKGROUND: Emergency triage, which involves complex decision-making under stress and time constraints, may suffer from inaccuracies due to workplace distractions. A serious game was developed to simulate the triage process and environment. A pilot study was undertaken to collect preliminary data on the effects of distractors on emergency nurse triage accuracy. METHOD: A 2 × 2 factorial randomized controlled trial (RCT) was designed for the study. A sample of 70 emergency room nurses was randomly assigned to three experimental groups exposed to different distractors (noise, task interruptions, and both) and one control group. Nurses had two hours to complete a series of 20 clinical vignettes, in which they had to establish a chief complaint and assign an emergency level. RESULTS: Fifty-five nurses completed approximately 15 vignettes each during the allotted time. No intergroup differences emerged in terms of triage performance. Nurses had a very favorable appreciation of the serious game focusing on triage. CONCLUSION: The results show that both the structure of our study and the serious game can be used to carry out a future RCT on a larger scale. The lack of a distractor effect raises questions about the frequency and intensity required to find a significant impact on triage performance.",10.1016/j.ienj.2024.101504,39159597,Decision-making; Emergency nursing; Gamification; Interruptions; Patient safety; Quality improvement; Triage accuracy,maybe,,maybe,,"AI-R1: Serious game RCT in ER nurses but studies distractor effects, not game vs conventional teaching; uncertain on learning outcome."
DemircanB202439128400,article,"Demircan, B and Kıyak, Y and Kaya, H",2024,The effectiveness of serious games in nursing education: A meta-analysis of randomized controlled studies.,Nurse education today,"OBJECTIVE: This systematic review and meta-analysis aimed to synthesize the effects of randomized controlled trials using serious gaming in nursing education on knowledge, skills, and confidence. DESIGN: Systematic review and meta-analysis of randomized controlled trials. DATA SOURCES: Randomized controlled trials published in English in PubMed, CINAHL, Web of Science, Scopus, Cochrane Library databases between 2000 and 2023. REVIEW METHODS: Quality assessment was performed using the Joanna Briggs Institute Critical Appraisal Tool for Assessment of Risk of Bias for Randomized Controlled Trials and the review was reported according to the PRISMA-2020 protocol. The review was conducted by two independent reviewers. RESULT: As a result of the database review, a total of 1886 studies were found and 8 studies were included in the meta-analysis. The use of serious games was found to have a low to moderate effect on the knowledge levels of nursing students (Hedge's g = 0.492; 95 % CI = -0.094-1.078), and a moderate effect on their skill (Hedge's g = 0.756; 95 % CI = 0.505-1.003) and self confidence levels (Hedge's g = 0.698; p = 0.362, 95 % CI = -0.801-2.196). The heterogeneity of the studies was found to be high for knowledge (I<sup>2</sup> = 92 %), skill (I<sup>2</sup> = 71.5 %) and self confidence (I<sup>2</sup> = 95.9 %), and low for knowledge (p = 0.90; p = 0.29) and skill (p = 0.75; p = 0.69) in terms of bias analyses egger regression test and begg and mazumdar test, respectively. CONCLUSION: The reviewed studies revealed that the use of serious games in nursing education has positive effects on knowledge, skills and self-confidence. In order to increase the reliability of the evidence, there is a need to increase the number of welldesigned randomized controlled trials using serious games and to examine the effects of these results in clinical practice with larger sample groups.",10.1016/j.nedt.2024.106330,39128400,Digital game; Nursing education; Nursing students; Serious game; Virtual simulation,exclude,,exclude,"S1: Meta-analysis of randomized controlled studies, not a primary RCT.","AI-R1: Meta-analysis of randomized controlled studies, not a primary RCT."
OthmanSY202439116661,article,"Othman, SY and Ghallab, E and Eltaybani, S and Mohamed, AM",2024,"Effect of using gamification and augmented reality in mechanical ventilation unit of critical care nursing on nurse students' knowledge, motivation, and self-efficacy: A randomized controlled trial.",Nurse education today,"BACKGROUND: Gamification and augmented reality (AR) are innovative teaching modalities. Research on the effects of combining these two strategies in nursing education is scarce. OBJECTIVES: To examine the effect of the combined use of gamification and AR in teaching mechanical ventilation (MV) on nurse students' knowledge, motivation, self-efficacy, and satisfaction. DESIGN: Randomized controlled trial. SETTING: A conveniently selected faculty of nursing in Egypt. PARTICIPANTS: A total of 410 nurse students. METHODS: Participants were randomly assigned to the intervention or control group (205 in each). Kahoot games and AR were used in the intervention group, whereas a traditional lecture was applied in the control group. The outcomes included levels of students' knowledge, learning motivation, self-efficacy, and satisfaction. RESULTS: Mixed design repeated-measures ANOVA test revealed a statistically significant difference in knowledge test scores within-subject over time (p-value [effect size]: <0.001 [0.515]), between-subject due to the main effect of interventions (<0.001 [0.146]), and within-between interaction effect of group and time (<0.001 [0.515]). After using Kahoot and AR, the total mean self-efficacy score was significantly higher in the intervention group than in the control group (<0.001 [0.662]). The total median motivation score was significantly higher for the Kahoot and the AR groups compared with the traditional lecture (<0.001 [0.558]). CONCLUSION: Kahoot games and AR significantly increased nurse students' knowledge, motivation, and self-efficacy compared with traditional MV learning classes. Nursing educators need to incorporate Kahoot and AR in their pedagogies to enhance nurse students' satisfaction and development.",10.1016/j.nedt.2024.106329,39116661,Augmented reality; Critical care nursing; Gamification; Kahoot; Mechanical ventilation; Nursing education,include,,include,,AI-R1: RCT of gamification plus AR vs traditional lecture in nurse students with knowledge/motivation outcomes.
KouassiSM202439105567,article,"Kouassi, SM and Salomon-Ibarra, CC and Hosey, MT and Gallagher, JE",2024,Effectiveness of preventive intervention programmes aiming to improve oral health in children who have undergone caries-related dental extractions: a rapid review.,Community dental health,"OBJECTIVE: To determine the effectiveness of preventive interventions in children who have undergone caries-related dental extractions. METHODS: Rapid review across five databases (CENTRAL, Ovid Medline, Embase, Web of Science and Scopus). Quality was assessed using the Risk of Bias 2 tool. RESULTS: Five studies were included, all randomised controlled trials involving pre-and/or post-extractions activity. Three studies involved oral health education (computer game, motivational interviewing, visual aids), one delivered clinical prevention (fissure sealants), and one an enhanced prevention programme combining additional health education and a clinical intervention (fluoride varnish). Retention was mixed (55%-80% in the intervention groups). Of the three studies measuring caries, all reported less caries development in the test group. However, only a study involving a dental nurse-delivered structured conversation, informed by motivational interviewing, showed an improvement in oral health. Two studies reporting on plaque and gingival bleeding had conflicting results. A study reporting on subsequent dental attendance did not demonstrate a clear improvement. CONCLUSION: Few published studies have explored prevention-based interventions in high caries-risk children requiring dental extractions. Whilst evidence of clinical benefit of preventive interventions in this population is limited, the potential use of contemporary behaviour change techniques appears promising. There is an urgent need for more high-quality longer-term trials using contemporary methodologies.",10.1922/CDH_00107Kouassi07,39105567,Dental caries; dental care for children; dental health services; general anaesthesia; preventive dentistry; tooth extraction,exclude,,exclude,"P1: Rapid review of oral health prevention in children, not nursing education or game-based teaching.","AI-R1: Rapid review of oral health prevention in children, not nursing education or game-based teaching."
HussainF202439058845,article,"Hussain, F and Farooqui, S and Khan, AA and Khan, MU and Khan, MA and Hasan, A",2024,Effects of nonimmersive virtual reality using Wii-Fit exercises on balance and cognition in Parkinson disease: A meta-analysis.,Medicine,"BACKGROUND: Patients' compliance and receptivity to nonimmersive virtual reality (NIVR) can enhance their long-term exercise therapy compliance for neurological illnesses. Patients with Parkinson disease (PD) have age-standardized rates of disability, death, and prevalence that are rising the fastest; several researches have revealed that there is no known cure for PD at this time. Thus, the current study investigates how NIVR affects patients with PD using Wii-Fit exercises. Therefore, the present study investigates the effects of NIVR using Wii-Fit exercises among patients with PD. MATERIALS AND METHODS: The population, intervention, comparison, outcome approach was used to select the research studies. Cochrane Central Register of Controlled Trials, Cumulative Index of Nursing and Allied Health Literature, Medical Literature Analysis and Retrieval System Online, PubMed, Physiotherapy Evidence Database, and ProQuest were checked for citations from 2012 to 2022. RevMan was used to analyze data. A fixed and random effects model was used to analyze the pooled effect size in terms of mean and standard deviation. The heterogeneity was calculated using the I2 statistic. Cochrane examined for bias in randomized controlled trials. RESULTS: This review comprised 12 trials in total. Using the Berg Balance Scale, the pooled analysis showed statistically significant effects on the NIVR group (pooled standardized mean difference = 0.61 [95% confidence interval, 0.28-0.95]; I2 = 53%; P = .0003). The pooled effects of cognition showed nonsignificant effects of NIVR (pooled standardized mean difference = 0.15 [95% confidence interval, -0.21 to 0.51]; I2 = 0%; P = .41). CONCLUSIONS: The review suggests that NIVR is effective for balance rehabilitation but ineffective for cognitive improvement in patients with PD aged >18 to 85 years.",10.1097/MD.0000000000038940,39058845,,exclude,,exclude,"P1: Meta-analysis of Wii-Fit VR in Parkinson disease patients, not nursing education.","AI-R1: Meta-analysis of Wii-Fit VR in Parkinson disease patients, not nursing education."
KimK202438908354,article,"Kim, K and Choi, D and Shim, H and Lee, CA",2024,Effects of gamification in advanced life support training for clinical nurses: A cluster randomized controlled trial.,Nurse education today,"BACKGROUND: Cardiopulmonary resuscitation training is a mandatory competency, especially for healthcare professionals. However, the spread of COVID-19 caused a sharp decline in the number of participants on advanced life support training, thereby accelerating the diversification of educational methods. Gamification is an increasingly popular method of diversifying instruction, but its effectiveness remains controversial. AIM: To evaluate the effectiveness of gamification learning in advanced life support training. DESIGN: A cluster randomized controlled trial. SETTING: A single advanced life support training center. PARTICIPANTS: Clinical nurses who are currently practicing in a hospital. METHODS: A part of the existing advanced life support course was gamified using Kahoot! platform. Conventional learning and gamified learning were each conducted 11 times, and the level of knowledge after training was assessed. The assessment questions were categorized into advanced life support algorithms, teamwork, and cardiac arrest rhythms. RESULTS: A total of 267 were enrolled in the study, and 148 and 139 learners were assigned to CL and GL, respectively. There was no difference in post-training knowledge related to teamwork, and cardiac arrest rhythms between the conventional learning and gamified learning groups, but knowledge related to the advanced life support algorithm was low in the gamified learning group. CONCLUSIONS: Even if the learners are the same, advanced life support gamification training can lead to negative outcomes depending on the simplicity or goal of the training content. To improve the effectiveness of the training, various methods of gamification training should be applied depending on the goal and content of the training.",10.1016/j.nedt.2024.106263,38908354,Advanced life support (ALS); CPR training; Cardiac arrest recognition; Cluster randomized controlled trial; Educational diversification; Gamification learning; Healthcare professionals; Motivation in education,include,,include,,AI-R1: Cluster RCT of Kahoot gamification vs conventional learning in clinical nurses with knowledge outcome.
OuL202438903195,article,"Ou, L and Reifsnider, E and Chen, AC and Todd, M and Amresh, A and Mun, CJ",2024,Using Gaming to Promote Vaccination Among Youth: A Systematic Review.,SAGE open nursing,"INTRODUCTION: While vaccines are crucial for disease prevention, disparities in vaccination coverage persist among youths aged 10 to 29 years, including within the United States. Serious games are emerging as a new strategy to address vaccine hesitancy. This systematic review aimed to aggregate and assess the current evidence on game-based interventions to improve youth vaccination rates, evaluating their impact and identifying factors influencing their effectiveness. METHODS: This systematic review was conducted through a meticulous search and evaluation of literature from databases including PubMed, Cumulative Index to Nursing and Allied Health Literature database, ProQuest platform, Cochrane Library, and Google Scholar. Studies were included if they (a) were designed with the purpose of improving youth vaccination rates; (b) were published in English; (c) were published between January 2011 and June 2023; and (d) evaluated the effect of game-based interventions. Search terms included Medical Subject Headings terms and keywords of the eligible articles. RESULTS: Out of 269 studies, 11 were included in the final analysis of this review. The earliest study dated back to 2013, with 5 being randomized controlled trial and 6 studies incorporating theoretical models in their design or outcome measures. The findings indicated a generally positive effect of game-based interventions on vaccine-related knowledge. However, the impact on actual vaccine uptake was limited. In-game avatar customization and collaboration games were found as effective tools for player engagement. CONCLUSION: The review findings indicated that serious games boost vaccine knowledge but lack strong evidence for influencing youth vaccine uptake. More rigorous research and tailored game designs are needed to determine the effectiveness of game-based interventions and effectively address the diverse needs of youth in vaccine decision-making.",10.1177/23779608241256998,38903195,gaming; systematic review; vaccination; vaccination promotion; youth,exclude,,exclude,"S1: Systematic review, not an RCT.","AI-R1: Systematic review, not an RCT."
CheungYTD202438851019,article,"Cheung, YTD and Zhang, G and Luk, TT and Zhang, M and Lam, VSF and Chan, MMK and Wang, MP and Chan, SSC",2024,Effect of narrative videos and mini-VR games in nursing smoking cessation training on empathy and self-efficacy of smoking cessation counseling: A randomized controlled trial.,Nurse education today,"BACKGROUND: Empathy and self-efficacy for smoking cessation counseling can be enhanced through smoking cessation training. Narrative videos and virtual reality (VR) games have been applied in medical education, but their application in smoking cessation training is limited and understudied. OBJECTIVES: To evaluate the effect of smokers' narrative videos and mini-VR games on nursing students' empathy towards smokers (State Empathy Scale), confidence in practicing empathy, self-efficacy in smoking cessation counseling, and learning satisfaction. DESIGN: An open-labeled randomized controlled trial, registration number: NCT05440877 (ClinicalTrials.gov). SETTING AND PARTICIPANTS: Master of nursing students from the University in Hong Kong who enrolled in a smoking cessation course. METHODS: All students attended a tutorial including case-based discussions and role-play. The intervention group could additionally access the narrative videos and mini-VR games of smokers' cases. Linear mixed models and Cohen's d were used to evaluate the intervention effect on the self-reported learning outcomes after the intervention. RESULTS: 26 students enrolled in this trial, with 13 in each trial arm. All completed the trial. Post-test state empathy scores were significantly higher in the control group than in the intervention group (Cohen's d = 0.814, p = 0.049). No significant group differences were observed in the change of confidence in practicing empathy (β = -11.154, p = 0.073), self-efficacy (β = 4.846, p = 0.096), and students' learning satisfaction (Cohen's d = 0.041, p = 0.917). Both groups showed a significant increase in self-efficacy post-test (p < 0.001). CONCLUSIONS: Narrative videos showing smoking scenes and reluctance to quit, and our mini-VR games may weaken nursing students' empathy towards smokers. Smoking cessation training involving narrative videos should be modified. Debriefing and guidance to understand smokers' difficulties and express empathy are needed. VR games for smoking cessation training can involve more frame stories and challenging tasks to increase engagement.",10.1016/j.nedt.2024.106272,38851019,Empathy; Nurse education; Nursing students; Self-efficacy; Smoking cessation,maybe,,maybe,,AI-R1: RCT in nursing students but intervention adds VR games to videos and comparator also includes role-play; game isolation uncertain.
NasirzadeA202438840136,article,"Nasirzade, A and Deldar, K and Froutan, R and Shakeri, MT",2024,Comparison of the effects of burn assessment mission game with feedback lecture on nursing students' knowledge and skills in the burn patients' assessment: a randomized clinical trial.,BMC medical informatics and decision making,"BACKGROUND: Learning of burn patient assessment is very important, but heart-breaking for nursing students. This study aimed to compare the effects of feedback lecture method with a serious game (BAM Game) on nursing students' knowledge and skills in the assessment of burn patients. METHOD: In this randomized controlled clinical trial, 42 nursing students in their 5th semester at Mashhad University of Medical Sciences School of Nursing and Midwifery, were randomly assigned to intervention (BAM game, available for two weeks) and control (feedback lecture method presented in two 90-minute sessions) groups. Two weeks after the intervention, all students were evaluated for their knowledge (using knowledge assessment test) and skills (using an Objective Structured Clinical Examination). Statistical analysis involved independent t-test, Fisher's exact test, analysis of covariance (ANCOVA), and univariable and multivariable ordinal logistic regression models. RESULTS: Following the intervention, the skill scores were 16.4 (SD 2.2) for the intervention group and 11.8 (SD 3.8) for the control group. Similarly, the knowledge scores were 17.4 (SD 2.2) for the intervention group and 14.7 (SD 2.6) for the control group. Both differences were statistically significant (P < .001). These differences remained significant even after adjusting for various factors such as age, gender, marital status, residence, university entrance exam rank, and annual GPA (P < .05). Furthermore, the BAM game group showed significantly higher skills rank than the feedback lecture group across most stations (eight of ten) (P < .05) in the univariable analysis. Multivariable analysis also revealed a significantly higher skills score across most stations even after adjusting for the mentioned factors (P < .05). These results suggest that the BAM game group had higher skills scores over a range of 1.5 to 3.9 compared to the feedback lecture group. CONCLUSIONS: This study demonstrated that nursing students who participated in the BAM game group exhibited superior performance in knowledge acquisition and skill development, compared to those in the control group. These results underscore a significant enhancement in educational outcomes for students involved with the BAM game, confirming its utility as a potent and effective pedagogical instrument within the realm of nursing education. TRIAL REGISTRATION: Iranian Registry of Clinical Trials: IRCT20220410054483N1, Registration date: 18/04/2022.",10.1186/s12911-024-02558-4,38840136,Burn assessment; Feedback lecture; Nursing students; Randomized controlled trial; Serious game,include,,include,,AI-R1: RCT of serious game vs feedback lecture in nursing students with knowledge/skill outcomes.
GonzlezdelaTorreH202438804424,article,"González-de la Torre, H and Hernández-De Luis, MN and Mies-Padilla, S and Camacho-Bejarano, R and Verdú-Soriano, J and Rodríguez-Suárez, CA",2024,"Effectiveness of ""Escape Room"" Educational Technology in Nurses' Education: A Systematic Review.","Nursing reports (Pavia, Italy)","Escape room games are educational gamification technologies that consist of introducing a team of players into a physical or digital space in search of clues to answer puzzles, riddles or enigmas and solve a mystery or problem. This study aims to determine the effectiveness of escape room games on the training of nursing students in an international context. A systematic review was carried out in MEDLINE, WOS, SCOPUS, CINAHL and LILACS databases using the MeSH terms ""Education, Nursing"" and ""Educational Technology"", and the free term ""Escape room"", combined with Boolean operators AND/OR. Intervention studies in Spanish, English and Portuguese were included, without limitation for the year of publication. Selection and critical appraisal were conducted by two independent reviewers. A total of <i>n</i> = 13 interventional studies were included (<i>n</i> = 2 Randomized Clinical Trials and <i>n</i> = 11 quasi-experimental design). Escape rooms are a recent and growing educational methodology, increasingly used in academia and in the training of nurses and nursing students. However, it is necessary to expand their use and the quality of the studies in a greater number of contexts. Furthermore, it is necessary to homogenize and standardize validated instruments to evaluate the effectiveness of escape rooms in the nursing education area.",10.3390/nursrep14020091,38804424,education; educational technology; gamification; nursing; systematic review,exclude,,exclude,"S1: Systematic review of escape room games, not a primary RCT.","AI-R1: Systematic review of escape room games, not a primary RCT."
TangHJ202438788632,article,"Tang, HJ and Moser, DK and Tang, HJ and Lin, CH and Hu, FW",2024,A game-based multimedia application to improve the ability of clinical nurses to perform geriatric care: A randomized controlled trial.,Nurse education today,"BACKGROUND: Given the realities of global aging, maintaining Comprehensive Geriatric Assessment (CGA) abilities among clinical nurses is very important. Newer methods of continuing education are needed to engage nurses in CGA education. Using multimedia and game-based applications in CGA education (CGA APP) may be an effective method for continuing education. OBJECTIVES: To test the effectiveness of CGA APP in improving nurses' confidence in their abilities to perform geriatric care. DESIGN: A randomized, controlled trial were adopted. SETTING: An 1343-bed tertiary-care medical center in southern Taiwan. PARTICIPANTS: A total of 1250 nurses met inclusion criteria in 35 adult wards. We employed stratified sampling to recruit a total of 132 nurses proportional to the number of nurses in each ward, from January to March 2019. METHODS: Based on the Octalysis gamification framework, the CGA APP was developed. Participants were randomly assigned to either an CGA APP or a control group, which received traditional classroom learning of the same content. The main outcome was improvement in confidence in geriatric care ability were measured before and end of the training session, and six months later. RESULTS: There were no differences in baseline characteristics (except years of experience as a registered nurse), knowledge, attitudes or confidence of geriatric care between the two groups. Clinical nurses in the CGA APP group demonstrated significantly higher confidence in their geriatric care abilities than control group immediately after the intervention (75.85 ± 10.71 vs. 65.93 ± 8.49, p < 0.001) and six-months later (71.13 ± 9.69 vs. 63.57 ± 8.78, p < 0.001). After using GEE to control the confounding variable, the CGA APP group remained significantly higher confidence in their geriatric care abilities than control group. CONCLUSIONS: Use of multimedia game-based applications my better engage and teach practicing clinical than traditional learning methods. Our findings suggest that such interventions be further developed and tested for a larger variety of continuing education needs.",10.1016/j.nedt.2024.106253,38788632,Comprehensive geriatric assessment; Game-based; Multimedia; Nurses,include,,include,,AI-R1: RCT of gamification-framework app vs traditional classroom in clinical nurses with confidence outcome.
LimaSerranoM202438600496,article,"Lima-Serrano, M and Barrera-Villalba, C and Mac-Fadden, I and Mesters, I and de Vries, H",2024,Alerta Cannabis: A Tailored-Computer Web-Based Program for the Prevention of Cannabis Use in Adolescents: A Cluster-Randomized Controlled Trial Protocol.,BMC nursing,"BACKGROUND: The growing use of cannabis in adolescence is a public health problem that must be addressed through prevention. In Spain, the average age of initiation of cannabis use in the adolescent population is 14.8 years. At 14 years, the lifetime prevalence of cannabis use is 11.7%, which increases to 51.,5% at the age of 18; the prevalence of cannabis use in the population aged 14 to 18 years is 28.6%, a figure that must be tried to reduce, that is why this school prevention program is proposed: Alerta Cannabis. METHODS: The Alerta Cannabis research project consists of design, implementation, and evaluation. In the first phase, a computer-tailored eHealth program (Alerta Cannabis) is developed based on the I-Change Model, an integrated model based on three main behavioral change processes: awareness, motivation, and action. This program consists of four 30-minute sessions that will provide culturally adapted and personalized advice to motivate students not to use cannabis through text feedback, animations, and gamification techniques. This phase will also include usability testing. In the implementation phase, secondary school students from Western Andalusia, Spain (Seville, Cádiz, Huelva, and Córdoba) and Eastern Andalusia (Jaén, Málaga, and Granada) will be randomized to an experimental condition (EC) or a control condition (CC) for a cluster randomized clinical trial (CRCT). Each condition will have 35 classes within 8 schools. GI will receive the online intervention Alerta Cannabis. EC and CC will have to fill out a questionnaire at baseline, six months, and twelve months of follow-up. In the last phase, the effect of Alerta Cannabis is evaluated. The primary outcomes are the lifetime prevalence of cannabis use and its use in the last 30 days and at 6 months. At 12 months of follow-up, the prevalence in the last 12 months will also be assessed. The secondary outcome is the intention to use cannabis. DISCUSSION: The study tests the effect of the innovative program specifically aimed to reduce the use of cannabis in the adolescent population through eHealth in Spain. The findings aim to develop and implement evidence-based cannabis prevention interventions, which could support school prevention, for instance, the assistance of school nurses. If the program proves to be effective, it could be useful to prevent cannabis use on a national and international scale. TRIAL REGISTRATION: NCT05849636. Date of registration: March 16, 2023.",10.1186/s12912-024-01889-x,38600496,Adolescents; Cannabis use; Cluster randomized controlled trial; Computer-tailoring; Web-based interventions,exclude,,exclude,"P1: Cannabis prevention in adolescents, not nursing education.","AI-R1: Cannabis prevention in adolescents, not nursing education."
TarBolacaliE202438469992,article,"Tar Bolacali, E and Kaya Şenol, D",2024,The effect of a training program on adolescents' stress levels and healthy lifestyle behaviors during the Covid-19 pandemic: A randomized controlled study.,"Journal of child and adolescent psychiatric nursing : official publication of the Association of Child and Adolescent Psychiatric Nurses, Inc","TOPIC: Adolescence is the period when people adopt healthy lifestyle behaviors and turn them into habits. Healthy lifestyle behaviors are a significant step toward a long and healthy life. PURPOSE: This study investigated the effect of a training program on adolescents' stress levels and healthy lifestyle behaviors during the COVID-19 pandemic. METHODS: This randomized controlled study was conducted between May and July 2021. The sample consisted of 100 adolescents living in a city in the south of Turkey. Participants were randomized into intervention and control groups using block randomization. The intervention group participated in an online (Zoom) training program consisting of two 45 min sessions once a week for 8 weeks. Data were collected using the adolescent stress questionnaire (ASQ) and the adolescent lifestyle profile (ALP). RESULTS: The results showed that 73% (n: 73) of the participants had developed hygiene habits since the onset of the pandemic. However, the pandemic negatively affected participants' dietary habits (45%, n: 45), physical activity (70%, n: 70), coping mechanisms (68%, n: 68), sleep patterns (54%, n: 54), Internet/social media/video game addiction (64%, n: 64), and interpersonal relationships (57%, n: 57). The intervention group had a lower mean ASQ posttest score and a higher mean ALP posttest score than the control group. The intervention group had a lower mean ASQ posttest score than their pretest score. The intervention group also had a higher mean ALP posttest score than their pretest score. CONCLUSIONS/IMPLICATIONS FOR PRACTICE: The training program helped adolescents feel less stress and adopt more healthy lifestyle behaviors. Pediatric nurses should identify risk factors and design and implement appropriate plans to help adolescents go through future pandemics with as little damage as possible. Parents and educators should support adolescents against the adverse impacts of events such as the COVID 19 pandemic.",10.1111/jcap.12456,38469992,adolescent; covid-19; healthy lifestyle; nursing; stress,exclude,,exclude,"P1: Training for adolescents on lifestyle, not nursing education or game intervention.","AI-R1: Training for adolescents on lifestyle, not nursing education or game intervention."
KarakulA202438462418,article,"Karakul, A and Düzkaya, DS and Bozkul, G and Çapanoğlu, M",2024,The effect of mobile game training designed for asthmatic children on asthma management and quality of life.,Journal of pediatric nursing,"PURPOSE: This study aimed to examine the effect of mobile game training designed for children with asthma on inhaler use skills, asthma symptoms and treatment needs, and quality of life. DESIGN AND METHODS: This randomized controlled study was conducted between April and October 2023 at ""Pediatric Asthma and Allergy Clinic"" in Turkey. The sample of the study consists of a total of 74 children diagnosed with asthma, including the Mobile game (n: 37) and the Control group (n: 37). In the study, a mobile game was developed for children with asthma between the ages of 8-12. In collecting research data; Child and Parent Information Form, Inhaler Use Skill Evaluation Form, Asthma Symptom and Treatment Need Scoring (Asthma Symptom Score [ASS], Rhinitis Symptom Score [RSS] and Total Symptom Score [TSS]), DISABKIDS Asthma Scale were used. RESULTS: There was no significant difference between the groups in terms of the demographic status of the children (p > 0.05). It was determined that the average inhaler use skill score and DISABKIDS asthma scale Child/Parent score average of the children in the mobile game group were higher than the control group (p < 0.05). When the children's final follow-up ASS, RSS and TSS total scores were examined; It was determined that there was a statistically significant difference between the children in the mobile game and control groups (p < 0.05). CONCLUSIONS: As a result of this study, it was determined that mobile game training designed for children is an effective method in increasing children's ability to use inhaler medications, reducing asthma symptoms and treatment needs, and improving quality of life. PRACTICE IMPLICATION: Nurses can improve children's quality of life by using mobile game training programs that attract children's attention.",10.1016/j.pedn.2024.02.025,38462418,Asthma; Education; Mobile game; Quality of life,exclude,,exclude,"P1: Mobile game for asthmatic children, not nursing education.","AI-R1: Mobile game for asthmatic children, not nursing education."
RazaghpoorA202438443211,article,"Razaghpoor, A and Taheri-Ezbarami, Z and Jafaraghaee, F and Maroufizadeh, S and Falakdami, A",2024,The effect of serious game and problem-based learning on nursing students' knowledge and clinical decision-making skill regarding the application of transfusion medicine in pediatric nursing.,Journal of pediatric nursing,"PURPOSE: Comparing the effect of serious game and problem-based learning on nursing students' knowledge and clinical decision-making skill regarding the application of transfusion medicine in pediatric nursing. DESIGN AND METHODS: In this quasi-experimental study, 76 undergraduate nursing students were enrolled through a convenience sampling method, and were allocated to one of the three groups of serious game, problem-based learning, and control through the block randomization method. Data were collected using a valid and reliable 3-part researcher-made tool, completed before and two weeks after the intervention. Statistical analysis was performed using paired t-test, analysis of covariance, and Bonferroni post hoc test. A significance level of <0.05 was considered. RESULTS: After the intervention, mean scores of both knowledge and clinical decision-making skill increased significantly in both intervention groups (p < 0.05). Mean post-test scores of both knowledge and clinical decision-making skill in the serious game group, and only clinical decision-making skill in the problem-based learning group were significantly higher than the control group (p < 0.05). However, no significant difference was observed regarding mean post-test scores of both knowledge and clinical decision-making skill between the intervention groups (p > 0.05). CONCLUSIONS: Both serious game and problem-based learning are proven to be effective in improving nursing students' knowledge and clinical decision-making skill regarding the application of transfusion medicine in pediatric nursing. PRACTICE IMPLICATIONS: Since learning now occurs beyond classrooms and the new generation of students spend most of their time in virtual places, utilizing technology-based teaching methods like serious games can benefit both educators and students by providing continuous education, saving their time and expenses, etc.",10.1016/j.pedn.2024.01.010,38443211,Clinical decision-making skill; Knowledge; Pediatric nursing; Problem-based learning; Serious game; Transfusion medicine,maybe,,maybe,,AI-R1: Serious game vs control in nursing students but described as quasi-experimental with block randomization; design uncertain.
VicenteC202438317762,article,"Vicente, C and Fernandes, S and Romão, A and Fernandes, JB",2024,Current trends in psychotherapies and psychosocial interventions for people with dementia: a scoping review of randomized controlled trials.,Frontiers in psychiatry,"An outcome of dementia is a progressive decline in cognitive function. Implementing psychotherapies and psychosocial interventions is crucial for bolstering cognitive abilities, promoting independence, and elevating the quality of life for individuals with dementia. This review aims to identify current trends in psychotherapies and psychosocial interventions for people with dementia. A Scoping review was developed based on the framework proposed by Arksey and O'Malley. The literature search was conducted on electronic databases, including Scopus, Cochrane Central Register of Controlled Trials, MEDLINE, CINAHL, Nursing & Allied Health Collection, and MedicLatina. Executed in June 2023, the search focused on articles published in English, Portuguese, and Spanish between 2013 and 2023. Through this search, 1409 articles were initially identified. After selecting and analyzing the reports, sixteen trials were included in this review. Eight distinct categories were identified, covering different strategies. These categories run from computerized game-based cognitive training and reminiscence therapy to compensatory and restorative strategies, memory and attention training, calculation training, dual-task training, counseling, and personalized goal attainment. The findings of this scoping review highlight the diverse landscape of psychotherapies and psychosocial interventions for people with dementia.",10.3389/fpsyt.2024.1286475,38317762,Alzheimer disease; cognition therapy; cognitive therapies; dementia; rehabilitation,exclude,,exclude,"S1: Scoping review, not a primary RCT, and not nursing education.","AI-R1: Scoping review, not a primary RCT, and not nursing education."
MorganDJ202438284830,article,"Morgan, DJ and Scherer, L and Pineles, L and Baghdadi, J and Magder, L and Thom, K and Koch, C and Wilkins, N and LeGrand, M and Stevens, D and Walker, R and Shirrell, B and Harris, AD and Korenstein, D",2024,Game-based learning to improve diagnostic accuracy: a pilot randomized-controlled trial.,"Diagnosis (Berlin, Germany)","OBJECTIVES: Perform a pilot study of online game-based learning (GBL) using natural frequencies and feedback to teach diagnostic reasoning. METHODS: We conducted a multicenter randomized-controlled trial of computer-based training. We enrolled medical students, residents, practicing physicians and nurse practitioners. The intervention was a 45 min online GBL training vs. control education with a primary outcome of score on a scale of diagnostic accuracy (composed of 10 realistic case vignettes, requesting estimates of probability of disease after a test result, 0-100 points total). RESULTS: Of 90 participants there were 30 students, 30 residents and 30 practicing clinicians. Of these 62 % (56/90) were female and 52 % (47/90) were white. Sixty were randomized to GBL intervention and 30 to control. The primary outcome of diagnostic accuracy immediately after training was better in GBL (mean accuracy score 59.4) vs. control (37.6), p=0.0005. The GBL group was then split evenly (30, 30) into no further intervention or weekly emails with case studies. Both GBL groups performed better than control at one-month and some continued effect at three-month follow up. Scores at one-month GBL (59.2) GBL plus emails (54.2) vs. control (33.9), p=0.024; three-months GBL (56.2), GBL plus emails (42.9) vs. control (35.1), p=0.076. Most participants would recommend GBL to colleagues (73 %), believed it was enjoyable (92 %) and believed it improves test interpretation (95 %). CONCLUSIONS: In this pilot study, a single session with GBL nearly doubled score on a scale of diagnostic accuracy in medical trainees and practicing clinicians. The impact of GBL persisted after three months.",10.1515/dx-2023-0133,38284830,medical diagnosis; medical education; online game-based learning,exclude,,exclude,"P1: RCT but population is medical students/residents/physicians, not nursing education.","AI-R1: RCT but population is medical students/residents/physicians, not nursing education."
ElSayedMM202438166845,article,"El-Sayed, MM and Taha, SM and AbdElhay, ES and Hawash, MM",2024,Understanding the relationship of academic motivation and social support in graduate nursing education in Egypt.,BMC nursing,"BACKGROUND: Obtaining a postgraduate nursing education in Egypt requires substantial resources, including a robust academic drive and supportive relationships. These resources help students overcome challenges and navigate their educational journey. This study examines the relationship between academic motivation and social support among nursing graduate students. DESIGN: A cross-sectional survey was conducted at two nursing colleges in Egypt, involving 410 randomly selected graduate students. MEASURES: The Academic Motivation Scale-College Version (AMS-C 28) and the Multidimensional Scale of Perceived Social Support (MSPSS) were used. FINDINGS: Findings revealed a statistically significant positive relationship between academic motivation and perceived social support (r = 0.515, p < 0.001). Hierarchical regression analysis revealed that 12.9% (Adjusted R² = 0.129) of the variance in academic motivation could be explained by perceived social support and level of education. CONCLUSION: This study pinpointed intrinsic motivation as the primary impetus for graduate nursing students. Robust social support and active participation in social and recreational activities were also significant motivators. Nursing education programs can enhance intrinsic motivation by integrating authentic learning experiences, providing empowering mentorship, offering condensed doctoral programs, and ensuring substantial peer support. The exploration of the role of novelty in graduate nursing education, facilitated by innovative teaching methods such as collaborative virtual reality simulations, gamification, and team-based research projects, can be advantageous. Building robust social networks is vital for establishing a supportive and motivating learning environment for nursing graduates in Egypt.",10.1186/s12912-023-01671-5,38166845,Academic motivation; Egypt; Graduates; Nursing education; Social Support,exclude,,exclude,"S1: Cross-sectional survey, not an RCT and no game intervention.","AI-R1: Cross-sectional survey, not an RCT and no game intervention."
JosephAR202438150821,article,"Joseph, AR and Wright, VM and Watkins, SM and Goddard, SE and Mast, DD",2024,Evaluation of the Performance of a Card Game to Introduce Students to Interprofessional Collaboration: A Randomized 2-Group Comparison Study.,Nurse educator,"BACKGROUND: Gamification is an approach that can be used to introduce interprofessional collaboration in nursing and health science. Card games are an effective and convenient way to educate students about clinical professions. PURPOSE: We compared the perception of an experimental group of students who played an educational card game to a control group that played an uninstructive card game. METHODS: College students (n = 148) from nursing and health science majors consented to play a 30-minute card game and complete a 13-item survey. RESULTS: Perceptions of the card game were significantly better for students in the experimental group who played the interprofessional collaboration game than for those in the control group ( t = 10.33, P < .001). Survey subscales were rated significantly higher for respondents who played the interprofessional card game. CONCLUSIONS: The use of an innovative card game teaching strategy significantly increased the perception of interprofessional collaboration among college students.",10.1097/NNE.0000000000001594,38150821,,maybe,,maybe,,AI-R1: Randomized card-game study includes nursing students but mixed health-science majors and comparator is another card game; uncertain.
QuekLH202437924674,article,"Quek, LH and Tan, AJQ and Sim, MJJ and Ignacio, J and Harder, N and Lamb, A and Chua, WL and Lau, ST and Liaw, SY",2024,Educational escape rooms for healthcare students: A systematic review.,Nurse education today,"OBJECTIVES: To synthesize evidence on the implementation and evaluation of educational escape rooms for healthcare students. DESIGN: A systematic review. DATA SOURCES: A search of seven databases including PubMed, Scopus, Web of Science, Cochrane, EMBASE, CINAHL, and Education Resources Information Center was conducted for published studies from inception to January 2023. The selected articles were assessed by two independent researchers for meeting the inclusion criteria and methodological quality. The data was narratively synthesised. RESULTS: Fifty-two studies were included in the review. Escape rooms were employed as learning and assessment strategies for the delivery of diverse topics within dentistry, medical, nursing, pharmacy and physiotherapy pre-registration healthcare education. Most were conducted on nursing students with learning topics focusing on the development of knowledge related to patient care management. Virtual escape rooms became more prevalent following the COVID-19 pandemic. The specific design features of escape rooms were based on the elements of game-based learning including team learning with appropriate size, time limit and sequential path-design of puzzles. Applying the experiential learning approach, the facilitators played a pivotal role in pre-briefing, facilitating the gameplay, and debriefing. Escape rooms were evaluated to be enjoyable and have an impact on students' cognitive, psychomotor, non-technical and affective skills learning outcomes. However, the learning outcomes compared with conventional learning strategies were inconclusive due to lack of randomised controlled trials. CONCLUSION: Escape rooms are increasingly being used as experiential and game-based learning in healthcare education. It will continue to evolve with virtual technology advancement and is a promising tool to provide virtual team training within interprofessional education for the development of teamwork and communication skills. While more rigorous research using a randomised controlled trial design is needed to evaluate the effectiveness of escape rooms and their design features, qualitative studies, particularly on the perspective of facilitators are needed to unravel the learning process.",10.1016/j.nedt.2023.106004,37924674,Escape room; Experiential learning; Gamification; Healthcare education; Systematic review,exclude,,exclude,"S1: Systematic review of escape rooms, not a primary RCT.","AI-R1: Systematic review of escape rooms, not a primary RCT."
OrduY202337769493,article,"Ordu, Y and Çalışkan, N",2023,The effect of virtual game simulation on students' perception of nursing diagnosis and clinical practice: Post-test only randomized controlled trial.,Nurse education in practice,"BACKGROUND: The virtual game simulation was prepared for nursing diagnosis and goal setting. OBJECTIVES: To determine the effect of virtual game simulation on nursing students' perception of nursing diagnosis and clinical practice. DESIGN: This study is a post-test randomized controlled trial only. METHODS: The study was conducted with 92 s-year students enrolled in the Nursing Department of a state university in a province of Turkey. Data were collected using the Descriptive Characteristics Form, Perceptions of Nursing Diagnoses Survey, and the Form for Evaluating the Effect of Virtual Game Simulation on Clinical Practice. Virtual game simulations, which are prepared for determining nursing diagnosis and creating goals, are offered to the use of first-year students after the theoretical education of the nursing process. In order to evaluate the effect of virtual game simulations on the perception of nursing diagnosis and clinical practice, second-year students who played the game voluntarily were included in the experimental group, and those who did not play were included in the control group. Students in the control (n = 46) and experimental (n = 46) groups completed the data collection tools prepared online via Google Forms. The relationship between the grouped variants was tested by Chi-Square (χ<sup>2</sup>) analysis. Mann-Whitney U-test was used because the data did not show normal distribution. RESULTS: It was found that the mean score of the control group was significantly higher than the experimental group in the sub-dimension of the delineation and promotion of the nursing profession and in the total score of the Perceptions of Nursing Diagnoses Survey (PNDS) (p < 0.05). The students in the experimental group made positive statements about the effect of the virtual game simulation on clinical practice, such as, ""I can determine nursing diagnoses correctly"", ""I can create the right target for the patient"", and ""I understand how to record the data I collect from the patient"". The negative statements of the students were as follows: ""I have difficulty in collecting data from the patient"", ""I have difficulty in interviewing the patient"" and ""I cannot be sure that I have determined all the nursing diagnoses for my patient"". CONCLUSIONS: Virtual game simulation was found to be effective in students' perception of nursing diagnosis. It was noted that most of the students expressed positive views regarding the impact of virtual game simulations on clinical practice. It is recommended to use virtual game simulation to support formal education in teaching the nursing process.",10.1016/j.nepr.2023.103792,37769493,Clinical practice; Nursing diagnosis; Nursing student; Virtual game simulation,maybe,,maybe,,AI-R1: Virtual game simulation in nursing students but allocation by voluntary play rather than true randomization; design uncertain.
HsuMH202437699207,article,"Hsu, MH and Chen, YH",2024,Personalized Medical Terminology Learning Game: Guess the Term.,Games for health journal,"<b><i>Objective:</i></b> Wordbot, a chatbot designed for gamified education, transforms the process of memorizing complex medical terminology into an engaging and enjoyable activity for medical students. Taking inspiration from the ""guessing words"" game, Wordbot aims to improve medical students' learning outcomes by making the vocabulary memorization process more memorable. <b><i>Materials and Methods:</i></b> Wordbot, which can be implemented on the LINE platform, was created for this research, specifically to improve medical terminology learning. Wordbot incorporated mobile devices and personal computer-compatible flashcard games with features such as user ranking and personalization to enhance motivation and optimize learning outcomes. In the experimental research setting, half of a total of 48 nursing students were randomly assigned to use Wordbot for 4 months, and the other half were assigned to a control group relying on self-study without the help of Wordbot. Both groups received pretest and post-test to assess their respective learning of medical terminology. In this study, a statistical <i>t</i>-test was used to analyze the results between the two groups. In addition, user usability testing was conducted to evaluate the usability of Wordbot and gather feedback on user experience. <b><i>Results:</i></b> The results of this study have demonstrated that Wordbot is effective in facilitating students learning of medical terminology. Students experienced a significant improvement in their knowledge of medical terminology. An average user usability test score of 83.25 indicated that users' satisfaction with Wordbot is high. <b><i>Conclusion:</i></b> Incorporating gamification and personalization elements in Wordbot can significantly improve the overall enjoyment of the learning process. By participating in diverse interactive activities, users can effectively enhance their proficiency in spelling, recognition, and speaking. Wordbot utilizes sophisticated algorithms to generate customized questions based on identified mistakes, which facilitate error identification and correction. The robust findings of this study overwhelmingly support Wordbot's role as a convenient and easily accessible tool for learning medical terminology. The study was conducted according to the guidelines of the Declaration of Helsinki and approved by the Institutional Review Board of Chang Gung Medical Foundation (Protocol code: 202201586B0, date of approval: 8 November 2022). We obtained informed consent from all of our study participants regarding their willingness to participate in this study.",10.1089/g4h.2023.0054,37699207,Chatbot; Distance education; Human–computer interface; Informal learning; Mobile learning; Online learning,maybe,,maybe,,"AI-R1: Gamified Wordbot vs self-study with randomized nursing students and pre/post test, but uses 'nursing students' and 'medical students' interchangeably; population/design uncertain."
AlczarArteroPM202437666723,article,"Alcázar Artero, PM and Greif, R and Cerón Madrigal, JJ and Escribano, D and Pérez Rubio, MT and Alcázar Artero, ME and López Guardiola, P and Mendoza López, M and Melendreras Ruiz, R and Pardo Ríos, M",2024,Teaching cardiopulmonary resuscitation using virtual reality: A randomized study.,Australasian emergency care,"BACKGROUND: The main functions of healthcare professionals include training and health education. In this sense, we must be able to incorporate new technologies and serious game to the teaching cardiopulmonary resuscitation. METHODS: a multicenter, comparative and cross-sectional study was carried out to assess the learning of resuscitation of a group that was trained with the use of serious gaming with virtual reality, as compared to a control group trained with conventional classroom teaching. RESULTS: the mean quality obtained in chest compressions for the virtual reality group was 86.1 % (SD 9.3), and 74.8 % (SD 9.5) for the control group [mean difference 11.3 % (95 % CI 6.6-16.0), p < 0.001]. Salivary Alpha-Amylase was 218.882 (SD 177.621) IU/L for the virtual reality group and 155.190 (SD 116.746) IU/L for the control group [mean difference 63.691 (95 % CI 122.998-4.385), p = 0.037]. CONCLUSION: using virtual reality and serious games can improve the quality parameters of chest compressions as compared to traditional training.",10.1016/j.auec.2023.08.002,37666723,Cardiopulmonary resuscitation; Clinical simulation; Innovation; Nurse; Salivary alpha-amylase; Serious gaming; Virtual reality,maybe,,maybe,,AI-R1: Serious-game VR vs conventional CPR teaching but described as cross-sectional comparative and population not clearly nursing; uncertain.
vanHaperenM202337629237,article,"van Haperen, M and Kemper, TCPM and Hermanides, J and Eberl, S and Hollmann, MW and Breel, JS and Preckel, B",2023,"Does Regular Practice with a ""Flexible Bronchoscopy Simulator"" Improve Fibreoptic Intubation Skills in Experts and Novices? A Randomized Controlled Study.",Journal of clinical medicine,"BACKGROUND: The appropriate management of a ""difficult airway"" remains a challenge for novices and experienced anaesthetists. With the current available airway technologies, e.g., video laryngoscopy, flexible bronchoscopy (fibreoptic intubation (FOI)) for endotracheal intubation is decreasing, likely diminishing caregiver skills. We investigated whether bronchoscopy simulator training improved FOI skills. METHODS: 72 volunteers, consisting of anaesthetists, anaesthesia residents, and nurses, performed six exercises on a bronchoscopy simulator. At baseline and after 12 months, the six exercises included one serious game (to train agility), two basic airways, and three difficult airways. After a baseline assessment, subjects were randomly allocated to the intervention group (with) or control group without bronchoscopy simulator training every six weeks for 10 min using a preloaded serious game. The primary outcome was the difference in the time to reach the carina after 12 months, as measured objectively by the simulator. The level of stress and FOI confidence after 12 months were secondary outcomes. RESULTS: The control and intervention groups had a similar time to reach the carina in difficult airway cases and the reported stress levels, at baseline and 12 months, showed no difference. In contrast, the intervention group's self-reported confidence in FOI skills improved more. CONCLUSIONS: Although participants rated higher in confidence, practicing FOI skills on an airway simulator with an agility game did not increase their performance in simulated challenging airway instances.",10.3390/jcm12165195,37629237,airway management; airway simulator; education; fibreoptic intubation; simulated difficult airway,exclude,,exclude,"P1: RCT of bronchoscopy simulator in anaesthetists/residents/nurses mixed; predominantly physicians, not nursing education.","AI-R1: RCT of bronchoscopy simulator in anaesthetists/residents/nurses mixed; predominantly physicians, not nursing education."
KukkohoviS202337338731,article,"Kukkohovi, S and Siira, H and Arolaakso, S and Miettunen, J and Elo, S",2023,The effectiveness of digital gaming on the functioning and activity of older people living in long-term care facilities: a systematic review and meta-analysis.,Aging clinical and experimental research,"BACKGROUND: The population is aging globally. Older people living in long-term care facilities have many functional impairments, such as mobility problems and depression. Digital games and so-called exergames can offer a motivating and entertaining way to maintain older people's physical activity and thus their ability to function. However, previous studies have reported conflicting results about the effects of digital gaming and have focused on community-dwelling older people. OBJECTIVE: To identify, critically appraise, and synthesize evidence about the effectiveness of digital games on older people's physical, psychological, and social functioning and physical and social activity in long-term care facilities. METHODS: Five databases were systematically searched, and relevant studies were screened. Fifteen randomized-controlled trials and quasi-experimental studies (total N = 674) were included in meta-analysis. RESULTS: All digital games used in interventions were exergames. Meta-analysis showed that exergame interventions have a statistically significant large effect on physical functioning [number of studies (N) = 6, standardized mean difference (SMD) = 0.97, p = 0.001] measured by Timed Up and Go or Short Physical Performance Battery and self-assessed physical activity (N = 3, SMD = 1.20, p < 0.001) and medium effect on social functioning (N = 5, SMD = 0.74, p = 0.016) compared to alternative intervention or no intervention. Social activity was not measured in any study. CONCLUSIONS: The results are encouraging that exergames effectively increase the functioning and activity of older adults living in long-term facilities. Successful implementation of such activities requires the competence of nursing staff and rehabilitation professionals in digitalization.",10.1007/s40520-023-02459-y,37338731,Activity; Digital game; Functioning; Long-term care facility; Older people,exclude,,exclude,"S1: Systematic review/meta-analysis of exergames for older people, not a primary RCT in nursing education.","AI-R1: Systematic review/meta-analysis of exergames for older people, not a primary RCT in nursing education."
LeeYH202337165743,article,"Lee, YH and Lin, CH and Wu, WR and Chiu, HY and Huang, HC",2023,Virtual reality exercise programs ameliorate frailty and fall risks in older adults: A meta-analysis.,Journal of the American Geriatrics Society,"BACKGROUND: Virtual reality (VR) technology constitutes a promising rehabilitation strategy, but its effect on frailty in older adults remains inconclusive. This study examined the effects of interactive VR training programs on lower-limb muscle strength, walking speed, balance, and fall risks in older adults with frailty. METHODS: Various electronic databases comprising PubMed, the Cumulative Index to Nursing and Allied Health Literature, the Cochrane Library, Embase, the Chinese Electronic Periodical Service, the Chinese National Knowledge Infrastructure, and gray literature were searched from their inception through December 31, 2022 for relevant studies. Randomized controlled trials that examined the effects of interactive VR training programs on lower-limb muscle strength, balance, walking speed, and fall risks as measured by validated scales or methods. in older adults aged 65 years and older with frailty were included. A random-effects model was employed to examine the overall effect size, and the trim-and-fill method was adopted to examine publication bias. RESULTS: For those studies that defined frailty using fall risks, substantial evidence demonstrated that interactive VR training interventions increased lower-limb muscle strength (Hedges' g = 0.35, p = 0.015), walking speed (Hedges' g = 0.29, p = 0.003), balance (Hedges' g = 0.62, p = 0.011), and fall risks (Hedges' g = -0.61, p < 0.001). Studies that defined frailty in accordance with the Fried frailty phenotype criteria indicated that interactive VR training interventions only increased walking speed (Hedges' g = 0.28, p = 0.023) and balance (Hedges' g = 0.27, p = 0.049). CONCLUSIONS: Interactive VR training programs may benefit older adults with frailty with respect to walking speed and balance. More studies with good study quality are required to validate the effects of interactive VR exercise training on these frailty-related parameters in older adults.",10.1111/jgs.18398,37165743,balance; frailty; muscle strength; virtual reality; walking speed,exclude,,exclude,"S1: Meta-analysis of VR exercise for older adults, not nursing education.","AI-R1: Meta-analysis of VR exercise for older adults, not nursing education."
OrduY202336871387,article,"Ordu, Y and Çalışkan, N",2023,"The effects of virtual gaming simulation on nursing students' diagnosis, goal setting, and diagnosis prioritization: A randomized controlled trial.",Nurse education in practice,"BACKGROUND: Virtual gaming simulation is a 2D computer game used to enhance the knowledge and skills of nursing students. OBJECTIVES: This research was conducted to investigate the effects of virtual gaming simulation on the nursing diagnosis, goal setting and diagnosis prioritization of first-year nursing students. DESIGN: Randomized controlled trial conducted between March and April 2022. PARTICIPANTS: In this study, 102 first-year nursing students registered in Fundamentals of Nursing-II were included. The students were divided at random into two groups: control (n = 51) and intervention (n = 51). METHOD: Data were collected using the descriptive characteristics form, nursing diagnosis, goal setting, diagnosis prioritization form, virtual evaluation simulation and virtual gaming simulation evaluation form. Didactic training in the nursing process was provided to all students in the classroom simultaneously. The day following the didactic training, the training scenario was explained to the control group in the classroom. On the same day, a simulation of the virtual training scenario developed for the intervention group was played in the computer lab. One week later, the control group completed the nursing diagnosis, goal setting and diagnosis prioritization form prepared for the evaluation scenario in the classroom and the intervention group played the virtual evaluation simulation that was developed based on the same case on the same day in the computer lab. Then, students' opinions regarding virtual gaming simulation were obtained. RESULTS: The findings showed that the mean scores of nursing diagnosis and goal-setting knowledge of the intervention group were significantly higher than those of the control group (p < 0.05), whereas there was no significant difference between the groups regarding the mean scores of diagnosis prioritization knowledge (p > 0.05). CONCLUSIONS: Virtual gaming simulation increased the mean scores of nursing diagnosis and goal-setting knowledge of the students. Most of the students stated positive statements related to virtual gaming simulations.",10.1016/j.nepr.2023.103593,36871387,Nursing diagnosis; Nursing process; Nursing student; Virtual gaming simulation,include,,include,,AI-R1: RCT of virtual gaming simulation in nursing students with diagnosis/goal-setting outcomes.
MaheuCadotteMA202336729896,article,"Maheu-Cadotte, MA and Dubé, V and Lavoie, P",2023,Development and Contribution of a Serious Game to Improve Nursing Students' Clinical Reasoning in Acute Heart Failure: A Multimethod Study.,"Computers, informatics, nursing : CIN","Clinical reasoning is essential for nurses and nursing students to recognize and intervene when hospitalized patients present acute heart failure. Serious games are digital educational interventions that could foster the development of clinical reasoning through an engaging and intrinsically motivating learning experience. However, elements from a playful approach (eg, rewards, narrative elements) are often absent or poorly integrated in existing serious games, which may limit their contribution to learning. Thus, we developed and studied the contribution of a novel serious game on nursing students' engagement, intrinsic motivation, and clinical reasoning in the context of acute heart failure. We adopted a multimethod design and randomized 28 participants to receive two serious game prototypes in a different sequence, one that fully integrated elements of a playful approach (SIGN@L-A) and one that offered only objectives, feedback, and a functional aesthetic (SIGN@L-B). Through self-reported questionnaires, participants reported higher levels of engagement and intrinsic motivation after using SIGN@L-A. However, negligible differences in clinical reasoning scores were found after using each serious game prototype. During interviews, participants reported on the contribution of design elements to their learning. Quantitative findings should be replicated in larger samples. Qualitative findings may guide the development of future serious games.",10.1097/CIN.0000000000000966,36729896,,maybe,,maybe,,AI-R1: Randomized serious-game study in nursing students but compares two game prototypes (no conventional comparator); comparator issue.
TangY202336413059,article,"Tang, Y and Gu, R and Zhao, Y and Wang, J and Zhang, Y and Li, Q and Wang, Z and Wang, S and Wei, Q and Wei, L",2023,Effectiveness of a Game-Based Mobile Application in Educating Nursing Students on Venous Blood Specimen Collection: A Randomized Controlled Trial.,Games for health journal,"<b><i>Aim:</i></b> Incorporating mobile applications into traditional clinical teaching methods to assess the impact of game-based mobile applications on the practical knowledge and skill levels of venous blood specimen collection among nursing students. <b><i>Background:</i></b> Although game-based mobile applications are recognized as teaching aids that replicate clinical practice in a safe environment, their impact and effectiveness are relatively unknown in the education of nursing students. <b><i>Design:</i></b> In September 2021, a single-blind randomized controlled trial was conducted in a university-affiliated hospital in China. <b><i>Methods:</i></b> One hundred five nursing students were randomly divided into the control group (<i>n</i> = 53) and the experimental group (<i>n</i> = 52). All participants received the same theoretical and operational training. For the next 7 days, the experimental group used a game-based mobile application, and the control group practiced venous blood specimen collection using traditional teaching methods. We observed the before-and-after comparison of the skill performance and learning curve of both groups of participants. <b><i>Results:</i></b> The final skill performance scores of the nursing students in the experimental group were higher than that of the nursing students in the control group (<i>P</i> < 0.001). Analysis of the learning curve showed that to master the skills, the experimental and control groups needed an average of 8 and 10 repetitions, respectively. <b><i>Conclusion:</i></b> This mobile application has a positive learning effect on nursing students' venous blood specimen collection skills in the short term. It should be applied to the training of clinical nursing skills.",10.1089/g4h.2022.0085,36413059,Learning curve; Mobile application; Nursing students; Venous blood specimen collection,include,,include,,AI-R1: Single-blind RCT of game-based app vs traditional teaching in nursing students with skill outcomes.
ElzekyMEH202236384544,article,"Elzeky, MEH and Elhabashy, HMM and Ali, WGM and Allam, SME",2022,Effect of gamified flipped classroom on improving nursing students' skills competency and learning motivation: a randomized controlled trial.,BMC nursing,"BACKGROUND: Flipped learning excessively boosts the conceptual understanding of students through the reversed arrangement of pre-learning and in classroom learning events and challenges students to independently achieve learning objectives. Using a gamification method in flipped classrooms can help students stay motivated and achieve their goals.  METHODS: This study adopted a randomized controlled study design with a pre-test and post-test and involved 128 nursing students at Mansoura University. This study randomly divided the students into the study and control groups. Data were collected at three time points using six tools. In the intervention group, Moodle was gamified for 6 weeks.  RESULTS: A significant difference in the students' self-confidence (p = 0.021), skills knowledge (p < 0.001), intensity of preparation (p < 0.001), and motivation (p < 0.001) was observed between the two groups; however, no difference in the students' skills performance (p = 0.163) was observed between the two groups after using gamified flipped classrooms. CONCLUSIONS: Compared with the traditional flipped classrooms, gamified flipped classrooms improved nursing students' motivation, intensity of preparation, skills knowledge, and self-confidence during laboratory clinical practice. Thus, gamification is a learning approach that can be implemented in conjunction with the flipped classroom model to motivate students to participate in the learning process. TRIAL REGISTRATION: Prospectively registered with ClinicalTrials.gov on 26/04/2021; registration number NCT04859192.",10.1186/s12912-022-01096-6,36384544,Flipped classroom; Gamification; Learning motivation; Nursing students; Self-confidence; Skills competency,include,,include,,AI-R1: RCT of gamified flipped classroom vs traditional in nursing students with skills/motivation outcomes.
GavarkovsA202236350706,article,"Gavarkovs, A and Kusurkar, RA and Kulasegaram, K and Crukley, J and Miller, E and Anderson, M and Brydges, R",2022,Motivational Design for Web-Based Instruction in Health Professions Education: Protocol for a Systematic Review and Directed Content Analysis.,JMIR research protocols,"BACKGROUND: Web-based instruction plays an essential role in health professions education (HPE) by facilitating learners' interactions with educational content, teachers, peers, and patients when they would not be feasible in person. Within the unsupervised settings where web-based instruction is often delivered, learners must effectively self-regulate their learning to be successful. Effective self-regulation places heavy demands on learners' motivation, so effective web-based instruction must be designed to instigate and maintain learners' motivation to learn. Models of motivational design integrate theories of motivation with design strategies intended to create the conditions for motivated engagement. Teachers can use such models to develop their procedural and conceptual knowledge in ways that help them design motivating instruction in messy real-world contexts. Studies such as randomized controlled trials (RCTs) and other quasi-experimental designs that compare different motivational design strategies play a critical role in advancing models of motivational design. Synthesizing the evidence from those studies can identify effective strategies and help teachers and researchers understand the mechanisms governing why strategies work, for whom, and under what circumstances. OBJECTIVE: The planned review aims to analyze how studies comparing motivational design strategies for web-based instruction in HPE support and advance models of motivational design by (1) controlling for established risks to internal validity, (2) leveraging authentic educational contexts to afford ecological validity, (3) drawing on established theories of motivation, (4) investigating a wide breadth of motivational constructs, and (5) analyzing mediators and moderators of strategy effects. METHODS: The planned review will use database searching, registry searching, and hand searching to identify studies comparing motivational design strategies for web-based instruction, delivered to learners in HPE. Studies will be considered from 1990 onward. Two team members will independently screen studies and extract data from the included studies. During extraction, we will record information on the design characteristics of the studies, the theories of motivation they are informed by, the motivational constructs they target, and the mediators and moderators they consider. RESULTS: We have executed our database and registry searches and have begun screening titles and abstracts. CONCLUSIONS: By appraising the characteristics of studies that have focused on the motivational design of web-based instruction in HPE, the planned review will produce recommendations that will ensure impactful programs of future research in this crucial educational space. TRIAL REGISTRATION: PROSPERO CRD42022359521; https://tinyurl.com/57chuzf6. INTERNATIONAL REGISTERED REPORT IDENTIFIER (IRRID): DERR1-10.2196/42681.",10.2196/42681,36350706,digital learning; e-learning; health care; health professional; instructional design; medical education; motivation; nursing education; professional education; serious games; web-based learning,exclude,,exclude,"S1: Systematic review protocol, not a primary RCT.","AI-R1: Systematic review protocol, not a primary RCT."
AlMugheedK202236327261,article,"Al-Mugheed, K and Bayraktar, N and Al-Bsheish, M and AlSyouf, A and Aldhmadi, BK and Jarrar, M and Alkhazali, M",2022,"Effectiveness of game-based virtual reality phone application and online education on knowledge, attitude and compliance of standard precautions among nursing students.",PloS one,"Game-based virtual reality phone applications can create a realistic environment to prepare for clinical applications and improve students' knowledge of and compliance with standard precautions. An experimental study was performed among 126 nursing students' from the third and fourth nursing levels to determine the effect of online education and game-based virtual reality phone applications related to standard precautions. Students were divided randomly into two groups; the experimental group used online education and game-based virtual reality phone applications, while the control group used traditional education. The study was performed between July and August 2019 to prevent clashes with lectures and midterm and final examinations. A tool package including knowledge, attitude, and compliance with standard precautions was used in pre-and post-tests among nursing students. The results showed that the knowledge of, attitudes towards, and compliance with standard precautions differed between the two groups. The performance of the experimental group of nursing students significantly improved with online instruction and game-based virtual reality phone applications. This study demonstrated the effectiveness of online education and game-based virtual reality phone application among nursing students.",10.1371/journal.pone.0275130,36327261,,maybe,,maybe,,"AI-R1: Game-based VR app vs traditional in nursing students with knowledge outcomes but intervention bundles online education; described as experimental, design uncertain."
ChangYS202235926260,article,"Chang, YS and Hu, SH and Kuo, SW and Chang, KM and Kuo, CL and Nguyen, TV and Chuang, YH",2022,Effects of board game play on nursing students' medication knowledge: A randomized controlled trial.,Nurse education in practice,"AIM: This study aimed to examine the effectiveness of an educational board game in improving nursing students' medication knowledge. BACKGROUND: Maintaining patient safety is a core practice for nurses. Medication management is a central principle of patient safety. Nurses acquire pharmacology knowledge and medication safety skills in the classroom training. Thus, solidifying and strengthening nursing students' medication knowledge are crucial tasks for nursing faculty members. In recent years, board games, which offer both entertainment and competitive play, have been employed to educate students in a variety of disciplines and settings. Through board game play, students can learn in an enjoyable and fun atmosphere. DESIGN: A randomized controlled trial design. METHODS: A convenience sample of 69 nursing students was obtained from a university in Taiwan. Participants were randomly assigned either to an experimental (board game) group (n = 35) or a comparison group (n = 34) using block randomization. The experimental group engaged in board game play to learn about medications, whereas the comparison group attended a one-hour didactic lecture. Using questionnaires, data were collected before the intervention, immediately post intervention and one month post intervention. RESULTS: Following the intervention, regardless of the learning method, both groups showed significant improvements in their immediate recall of medication information. However, when retested after one month, the experimental group obtained significantly higher scores than the comparison group. Moreover, students in the experimental group reported more satisfaction with the learning method than those in the comparison group. CONCLUSIONS: The study results suggest that learning through board games could enhance nursing students' retention of knowledge. Students reported favorable reactions to using a board game learning method for increasing knowledge of medication. With respect to this finding, faculty members may consider employing board games as teaching tools in nursing and other health science courses. Moreover, the findings of this study can also provide additional information for nursing managers in hospital wards or long-term care facilities where nurses are trained to familiarize themselves with frequently administered medications. TWEETABLE ABSTRACT: Board game play can enhance nursing students' retention of knowledge; students reported positive reactions to game-based learning for medication training.",10.1016/j.nepr.2022.103412,35926260,Board games; Knowledge; Medication; Nursing students,include,,include,,AI-R1: RCT of educational board game vs didactic lecture in nursing students with medication knowledge outcome.
YangSY202235914345,article,"Yang, SY and Oh, YH",2022,The effects of neonatal resuscitation gamification program using immersive virtual reality: A quasi-experimental study.,Nurse education today,"BACKGROUND: Clinical practice in neonatal intensive care units for nursing college students has been restricted due to the COVID-19 pandemic outbreak; thus, the gamification program has emerged as an alternative learning method. Consequently, there is a need to examine the effectiveness of such alternative learning methods to enhance the response to high-risk newborn emergencies. OBJECTIVES: To examine the effects (neonatal resuscitation nursing knowledge, problem-solving and clinical reasoning ability, self-confidence in practical performance, degree of anxiety, and learning motivation) of a neonatal resuscitation gamification program using immersive virtual reality based on Keller's ARCS model. DESIGN: A non-randomized controlled simulation study with a pretest-posttest design. SETTING: Lab and lecture rooms of two universities in South Korea, from June to November 2021. PARTICIPANTS: Prelicensure nursing students. METHODS: The virtual reality group (n = 29) underwent a neonatal resuscitation gamification program using virtual reality based on Keller's ARCS model. The simulation group (n = 28) received high-fidelity neonatal resuscitation simulations and online neonatal resuscitation program lectures. The control group (n = 26) only received online neonatal resuscitation program lectures. Changes in scores among these groups were compared using analysis of variance and analysis of covariance with SPSS for Windows version 27.0. RESULTS: Post intervention, neonatal resuscitation knowledge [F(2) = 3.83, p = .004] and learning motivation [F(2) = 1.79, p = .025] were significantly higher in the virtual reality and simulation groups than in the control group, whereas problem-solving ability [F(2) = 2.07, p = .038] and self-confidence [F(2) = 6.53, p < .001] were significantly higher in the virtual reality group than in the simulation and control groups. Anxiety [F(2) = 16.14, p < .001] was significantly lower in the simulation group than in the virtual reality and control groups. CONCLUSIONS: The neonatal resuscitation gamification program using immersive virtual reality was found to be effective in increasing neonatal resuscitation knowledge, problem-solving ability, self-confidence, and learning motivation of the nursing students who participated in the trial application process.",10.1016/j.nedt.2022.105464,35914345,Gamification; Intensive care; Neonatal resuscitation; Nursing; Students; Virtual reality,exclude,,exclude,S1: Non-randomized quasi-experimental study; also comparator is high-fidelity simulation.,AI-R1: Non-randomized quasi-experimental study; also comparator is high-fidelity simulation.
KurucaOzdemirE202235749962,article,"Kuruca Ozdemir, E and Dinc, L",2022,Game-based learning in undergraduate nursing education: A systematic review of mixed-method studies.,Nurse education in practice,"AIM: To investigate game-based learning in nursing education and summarize findings of its impact on nursing students' learning outcomes. BACKGROUND: Nurses are the first point of contact for care and make up the largest proportion of the global health workforce. To respond effectively to the care needs of the population, nurses need to be adequately trained during their professional education. Game-based learning is increasingly becoming a strategy to complement simulation strategies in nursing education. DESIGN: A systematic review of mixed-methods studies. METHODS: A search was conducted in the electronic databases Medline, PubMed, Science Direct, Scopus and Web of Science. Quantitative, qualitative and mixed methods studies on nurse education published in English between 2000 and 2020 were considered. The Mixed Methods Assessment Tool was used for quality assessment. Data abstraction and synthesis was performed using a data extraction form. RESULTS: A total of 46 studies from the 15 countries were included. The included studies were eight quantitative randomized controlled trials, 12 quantitative non-randomized controlled trials, 15 quantitative descriptive, five qualitative and six mixed methods studies. The results showed that game-based learning was used for many different courses or content in nursing education. Simulation games were the most used game type. Game-based learning facilitated the achievement of learning outcomes primarily in the cognitive domain. Some gamification elements and design-related aspects of game-based environments were evaluated as positive and negative. Game-based learning is a useful approach to assessing learning outcomes in only three studies. CONCLUSION: Game-based learning is a useful method to achieve learning outcomes mainly in the cognitive domain, with some positive and negative aspects. Further research should investigate the effects of games on affective and behavioral learning outcomes, as well as the use of games to assess learning outcomes. Potential limitations of this review are that some studies could not be identified because of access issues and that some studies included participants other than nursing students.",10.1016/j.nepr.2022.103375,35749962,Game-based learning; Games; Nursing; Nursing student; Systematic review,exclude,,exclude,"S1: Systematic review of mixed-method studies, not a primary RCT.","AI-R1: Systematic review of mixed-method studies, not a primary RCT."
RodriguezFerrerJM202235511232,article,"Rodriguez-Ferrer, JM and Manzano-León, A and Cangas, AJ and Aguilar-Parra, JM",2022,A Web-Based Escape Room to Raise Awareness About Severe Mental Illness Among University Students: Randomized Controlled Trial.,JMIR serious games,"BACKGROUND: People with severe mental illness (SMI) face discriminatory situations because of prejudice toward them, even among health care personnel. Escape rooms can be a novel educational strategy for learning about and empathizing with SMI, thus reducing stigma among health care students. OBJECTIVE: This study aimed to examine the effect of the Without Memories escape room on nursing students' stigma against SMI. METHODS: A pre- and postintervention study was conducted with a control group and an experimental group. A total of 306 students from 2 Andalusian universities participated in the study. Data were collected through a pre-post study questionnaire, consisting of an adapted version of the Attributional Style Questionnaire and a questionnaire on motivation for cooperative playful learning strategies. The control group carried out an escape room scenario without sensitizing content, whereas the experimental group carried out an escape room scenario on SMI, with both escape rooms being carried out in a 1-hour session of subjects related to mental health. To answer the research questions, a 2-way analysis of variance with repeated measures, a linear regression, and a 2-way analysis of variance were performed. RESULTS: After the intervention, a significant reduction (P<.001) was observed in the experimental group in stigmatizing attitudes compared with the control group, in which no statistically significant changes (P>.05) were observed. In contrast, the linear regression (t<sub>195</sub>=-22.15; P<.001) showed that there was an inverse relationship between flow and the level of reduced stigma. When controlling for having or not having a close relative, the intervention was also shown to be effective (P<.001) in reducing the stigma displayed, both for people with affected and unaffected relatives. CONCLUSIONS: Our findings suggest that the Without Memories escape room can be used as an effective tool to educate and raise awareness about stigmatizing attitudes toward SMI in university students studying health care. Future testing of the effectiveness of educational escape rooms should be designed with new programs through playful strategies of longer duration to evaluate whether they can achieve a greater impact on motivation, acquisition of knowledge, and awareness. In addition, the feasibility of implementing the Without Memories escape room in other careers related to health and community should be investigated.",10.2196/34222,35511232,escape room; higher education; mental disorder; mental health; nursing education; serious games; severe mental disorder,maybe,,maybe,,AI-R1: Escape-room RCT with nursing students but comparator is a non-sensitizing escape room (also gamified); outcome is stigma not clearly learning.
KimH202235455822,article,"Kim, H and Kim, B",2022,Effects of Situation-Based Flipped Learning and Gamification as Combined Methodologies in Psychiatric Nursing Education: A Quasi-Experimental Study.,"Healthcare (Basel, Switzerland)","In psychiatric nursing courses, students learn about patients with mental illnesses or types of distress that may not be common in their daily lives. Consequently, some students experience difficulties interacting with patients. Therefore, new learning models that depart from the traditional one-way learning methods, engage students in clinical settings, and increase their motivation are needed. Situation-based flipped learning combined with gamification can improve nursing students' care for patients with mental health problems. A total of 102 nursing students from a university in G Metropolitan City, Korea were randomly and equally divided into experimental and control groups. The experimental group participated in an eight-week psychiatric nursing program that included situation-based flipped learning combined with gamification. The control group participated in the traditional team-based lectures. After the program, both groups' learning attitudes, problem-solving abilities, and empathetic responses were measured. The experimental group showed improved problem-solving (F = 4.012, <i>p</i> = 0.048) and empathetic abilities (t = -2.014, <i>p =</i> 0.047) after participating in situation-based flipped learning combined with gamification. The program was effective in helping students empathize with their patients and improve their problem-solving skills. Future curricula should be developed to incorporate flipped learning to nurture the practical competencies required for medical professionals, particularly in psychiatric nursing education.",10.3390/healthcare10040644,35455822,flipped learning; gamification; nursing; psychiatric; situation,maybe,,maybe,,AI-R1: Randomized study of flipped learning plus gamification vs lectures in nursing students but titled quasi-experimental; design uncertain.
ThangaveluDP202235429749,article,"Thangavelu, DP and Tan, AJQ and Cant, R and Chua, WL and Liaw, SY",2022,Digital serious games in developing nursing clinical competence: A systematic review and meta-analysis.,Nurse education today,"OBJECTIVE: This review aimed to synthesise evidence from experimental studies of the application of digital serious games in developing nursing clinical competence. DESIGN: Systematic review and meta-analysis. DATA SOURCES: Eight databases were searched for randomized controlled trials and quasi-experimental studies published in English from 2000 to 2021. REVIEW METHODS: Preferred Reporting Items for Systematic Reviews and Meta-Analyses (PRISMA) guidelines were adopted in this review. Quality appraisal was conducted using Cochrane's Risk of Bias tool and the Joanna Brigg's Institute Critical Appraisal Tool for Quasi-Experimental Designs. A narrative synthesis of studies, and a meta-analysis and subgroup analysis, was performed on the study outcomes. RESULTS: 22 experimental studies including 13 randomized controlled trials and nine quasi-experimental studies were included. Of these, 19 studies examined nursing students and three examined qualified nurses. These studies applied serious games to develop nursing competencies in management of nursing care, clinical reasoning skills, procedural skills, legal practice and quality improvement. Compared with control groups, serious games improved knowledge (SMD = 1.30, 95% CI [0.75, 1.86]) and skills (SMD = 0.38, 95% CI [0.17, 0.60]). Subgroup analysis for both knowledge and skills outcomes demonstrated that serious games were more effective than control groups with either no intervention or other educational interventions. A large effect size (SMD = 1.13, 95% CI [0.91, 1.34]) was found in favour of serious games for improving knowledge scores in management of nursing care. CONCLUSION: The reviewed studies identified a broad application of digital serious games for developing nursing competencies. The knowledge and skills performance outcomes supported the use of serious games, which were found to be superior to conventional educational interventions. More serious games are required to be incorporated into undergraduate and continuing nursing education for workplace training, with more rigorous studies examining the effect of serious games in improving the quality and safety of clinical nursing practice.",10.1016/j.nedt.2022.105357,35429749,Computer game; Digital game; Gamification; Nurse education; Nursing competency; Serious game; Systematic review,exclude,,exclude,"S1: Systematic review and meta-analysis, not a primary RCT.","AI-R1: Systematic review and meta-analysis, not a primary RCT."
InangilD202235266898,article,"Inangil, D and Dincer, B and Kabuk, A",2022,Effectiveness of the Use of Animation and Gamification in Online Distance Education During Pandemic.,"Computers, informatics, nursing : CIN","The study aimed to determine the effects on knowledge and motivation of animation and gamification in online distance education for a diabetes nursing course. This study was a randomized, controlled, prospective study implemented with 70 nursing students. The animation and gamification were applied to the experimental group. Data were collected using the ""Diabetes Nursing Knowledge Test,"" ""Instructional Materials Motivation Survey,"" and ""Opinion Form on Diabetes Education Supported by Digital Instruments."" There was a statistical difference between the Diabetes Nursing knowledge scores of the groups after the course (P < .05). The students in the experimental group had significantly higher attention and satisfaction and total scores from the Motivation Scale for Teaching Material sub-dimensions compared with the control group (P < .001). The results of our study in generation Z nursing students demonstrated that the use of animation and gamification in online distance learning in nursing students increased their knowledge as well as motivation.",10.1097/CIN.0000000000000902,35266898,,include,,include,,AI-R1: RCT of animation plus gamification vs control in nursing students with knowledge/motivation outcomes.
KleschnitzkiJM202235172959,article,"Kleschnitzki, JM and Beyer, L and Beyer, R and Großmann, I",2022,The Effectiveness of a Serious Game (MemoreBox) for Cognitive Functioning Among Seniors in Care Facilities: Field Study.,JMIR serious games,"BACKGROUND: Serious games have been found to have enhancing and preventative effects on cognitive abilities in healthy older adults. Yet, there are few results on the effects in older seniors with age-related low cognitive impairments. Their special needs were considered when designing and using innovate technology in the area of prevention, which is especially relevant owing to the continuously aging population. OBJECTIVE: The objective of this study was to evaluate the impact of a serious game on the cognitive abilities of seniors in order to potentially implement innovative resource-oriented technological interventions that can help to meet future challenges. METHODS: In this controlled trial, we tested the serious game MemoreBox, which features modules specifically designed for seniors in nursing homes. Over a period of 1 year, we tested the cognitive abilities of 1000 seniors at 4 time points using the Mini-Mental Status Test. Only half of the participating seniors engaged with the serious game. RESULTS: The study included an intervention group (n=56) and a control group (did not play; n=55). Based on the in-game data collection, a second intervention group (n=38) was identified within the original intervention group, which exactly followed the planned protocol. There were no noteworthy differences between the demographic and main variables of the overall sample. The large reduction in the sample size was due to the effects of the COVID-19 pandemic (drop-out rate: 88.9%). The CI was set at 5%. Mixed analysis of variance (ANOVA) between the cognitive abilities of the intervention and control groups did not show a statistically significant difference between time and group (F<sub>2.710,295.379</sub>=1.942; P=.13; partial η²=0.018). We noted approximately the same findings for mixed ANOVA between the cognitive abilities of the second intervention and control groups (F<sub>3,273</sub>=2.574; P=.054; partial η²=0.028). However, we did observe clear tendencies and a statistically significant difference between the 2 groups after 9 months of the intervention (t<sub>88.1</sub>=-2.394; P=.02). CONCLUSIONS: The results of this study show similarities with the current research situation. Moreover, the data indicate that the intervention can have an effect on the cognitive abilities of seniors, provided that they regularly play the serious game of MemoreBox. The small sample size means that the tendency toward improvement cannot be proven as statistically significant. However, the tendency shown warrants further research. Establishing an effective prevention tool as part of standard care in nursing homes by means of an easy-to-use serious game would be a considerable contribution to the weakened health care system in Germany as it would offer a means of activating senior citizens in partially and fully inpatient care facilities. TRIAL REGISTRATION: German Clinical Trials Register DRKS00016633; https://tinyurl.com/2e4765nj.",10.2196/33169,35172959,aging; care facilities; cognitive function; cognitive impairments; health technology; mental health; seniors; serious game,exclude,,exclude,"P1: Serious game for cognitive function in nursing-home seniors (patients), not nursing education; also non-randomized.","AI-R1: Serious game for cognitive function in nursing-home seniors (patients), not nursing education; also non-randomized."
SarvanS202235158135,article,"Sarvan, S and Efe, E",2022,"The effect of neonatal resuscitation training based on a serious game simulation method on nursing students' knowledge, skills, satisfaction and self-confidence levels: A randomized controlled trial.",Nurse education today,"BACKGROUND: Although students are well prepared theoretically, they lack real-life practical skills because they have not faced an adequate number of emergencies such as neonatal resuscitation. OBJECTIVES: This study was conducted with the objective of determining the impact of integrating serious game simulation (SGS) into neonatal resuscitation training on the neonatal resuscitation related knowledge, skills, satisfaction with training, and self confidence in learning of nursing students. DESIGN: The study is a randomized controlled, pre-test post-test design and single-blind study. SETTINGS AND PARTICIPANTS: This study was conducted on 90 undergraduate nursing students (SGS based training group = 45, control group = 45) enrolled in the fifth semester at the Faculty of Nursing. METHODS: The students were allocated with simple randomization method to intervention and control groups. The training program prepared on the basis of neonatal resuscitation algorithm used a neonatal resuscitation serious game simulation method. At the same time, the serious game simulation method was used as a pre-test and post-test skill assessment tool. Support was obtained from a statistician in evaluation of the data and the data were analyzed using the SPSS (Statistical Package for Social Sciences) for Windows 25.0 program. RESULTS: Post-test measurements indicated a statistically significant positive difference in the ventilation and chest compression performing skills of the intervention group compared to the control group (p = .011, p = .020, respectively). A considerable increase was found in the knowledge and skills level of both groups, after the neonatal resuscitation training (p < .05). The score averages of the Student Satisfaction and Self-Confidence in Learning Scale and its sub-dimensions were high for both groups. CONCLUSIONS: It was concluded that the serious game simulation application used in neonatal resuscitation training was effective in raising the students' ventilation and compression performing skills.",10.1016/j.nedt.2022.105298,35158135,Neonatal resuscitation; Neonate; Nursing student; Serious game simulation,include,,include,,AI-R1: RCT of serious game simulation vs control in nursing students with knowledge/skill outcomes.
XuL202235105640,article,"Xu, L and Li, J and Zhang, X and Pang, Y and Yu, T and Lian, X and Yu, T and Zhu, L and Tong, Q and Li, F",2022,Mobile health-based gamification intervention to increase physical activity participation among patients with coronary heart disease: study protocol of a randomised controlled trial.,BMJ open,"INTRODUCTION: Despite proven benefits, physical activity participation remains low in patients with coronary heart disease (CHD). Scientific evidence suggests that mobile health (mHealth)-based gamification interventions could increase physical activity levels. However, several systematic reviews demonstrated that most gamification intervention designs do not appropriately leverage theories from health behaviour models, and empirical evidence on the efficacy of such interventions among patients with CHD is still emerging. This study embeds the principles of behavioural economics into a gamification intervention based on a smartphone app (WeChat applet) to explore whether a mHealth-based gamification intervention can improve participation in physical activity and other related physical and psychological outcomes in patients with CHD. METHODS: We propose a single-blinded three-arm randomised controlled trial with 108 patients with CHD, who will be randomly divided into three groups (Control group: WeChat applet+step goal setting; Individual group: WeChat applet+step goal setting+gamification; Team group: WeChat applet+step goal setting+gamification+collaboration). The interventions will last for 12 weeks and follow-up for 12 weeks. All patients will receive only WeChat applet-based step goal setting in the follow-up period. The primary outcome is physical activity participation, which includes a change in daily steps and self-reported physical activity from the baseline to 12 and 24 weeks, and the proportion of patient-days that step goals achieved in 12 and 24 weeks. The secondary outcomes include biomedical and lifestyle-related risk factors, intrinsic motivation, enjoyment, competence, autonomy and relatedness, social support and mental health and patients' satisfaction, perceptions and intervention experience. ETHICS AND DISSEMINATION: The Human Research Ethics Committee of the School of Nursing, Jilin University (HREC 2020122401) approved this. The results will be published in peer-reviewed journals and presented at conferences. TRIAL REGISTRATION NUMBER: ChiCTR2100044879; Pre-results.",10.1136/bmjopen-2021-054623,35105640,behavioral intervention; gamification; mobile health; physical activity; randomized controlled trial,exclude,,exclude,"P1: Gamification RCT protocol in coronary heart disease patients, not nursing education.","AI-R1: Gamification RCT protocol in coronary heart disease patients, not nursing education."
FernandesCS202235033981,article,"Fernandes, CS and Magalhães, B and Gomes, JA and Santos, C",2022,Exergames to improve Rehabilitation after Anterior Cruciate Ligament Injury: Systematic review and GRADE evidence synthesis.,International journal of orthopaedic and trauma nursing,"INTRODUCTION: Exergames are a fun, engaging, and interactive form of exercise that has been used in rehabilitation. This systematic review aimed to evaluate the effectiveness of exergames compared to usual rehabilitation after anterior cruciate ligament reconstruction. METHOD: We performed a Systematic Review and GRADE evidence synthesis. The PRISMA guidelines for systematic reviews were followed. MEDLINE® (Medical Literature Analysis and Retrieval System Online), CINAHL® (Cumulative Index to Nursing and Allied Health Literature), SPORTDiscus, SCOPUS, SciELO (Scientific Electronic Library Online), Cochrane Central Register of Controlled Trials, and PEDro (Physiotherapy Evidence Database) were searched from their first record to May 2021. Randomised controlled trials using exergames as an intervention were included. RESULTS: Initial literature searches yielded 794 non-duplicated records. After exclusion based on title, abstract, and full text review, five articles were included for analysis. Compared with the control group, the participants in the exergames group showed differences in proprioception and flexion angle difference. CONCLUSION: Although there is no conclusive evidence that favours exergames over traditional rehabilitation, they did not aggravate the effects of rehabilitation. Nonetheless, exergames can be safe and motivating.",10.1016/j.ijotn.2021.100917,35033981,Anterior cruciate ligament; Exergames; Games; Rehabilitation; Review,exclude,,exclude,"S1: Systematic review of exergames for ACL rehab, not nursing education.","AI-R1: Systematic review of exergames for ACL rehab, not nursing education."
CalikA202234986013,article,"Calik, A and Kapucu, S",2022,The Effect of Serious Games for Nursing Students in Clinical Decision-Making Process: A Pilot Randomized Controlled Trial.,Games for health journal,"<b><i>Background:</i></b> Serious games (SGs) have been proposed as a type of technology-enhanced simulation that may provide nursing students with an opportunity to practice their clinical reasoning and decision-making skills in a realistic and safe environment. <b><i>Materials and Methods:</i></b> The aim of this study is to determine the effect of serious play on nursing students' self-confidence (SC) and anxiety in clinical decision making. The randomized controlled trial evaluated the efficacy of SGs for undergraduate nursing students using pre- and posttests. The study was conducted during nursing students' clinical practice and teaching. All undergraduate nursing students (<i>n</i> = 120) attending internal medicine nursing lesson were approached. Sixty students out of 120 answered the questionnaires at both baseline and follow-up (30 in the experimental group [EG] and 30 in the control group). The students answered the questionnaire after taking the first clinical practice, taking the endocrine course. In the 1 week, the EG played the game and both groups returned to clinical practice. Questionnaire data were collected after clinical application. <b><i>Results:</i></b> SC and two subdimensions, using the information in hand to determine the problem, and knowing and taking action, were improved in the intervention group and a significant interaction effect was found for changes over time between the two groups. Anxiety scores between groups were not statistically significant differences. <b><i>Conclusions:</i></b> Nursing professional educators can adopt SGs to improve cognitive and attention skills, strengthen judgment, require making time efficient, practice making safe decisions, and encourage the exploration of decision.",10.1089/g4h.2021.0180,34986013,Diabetic ketoacidosis; Nursing education; Serious game,include,,include,,AI-R1: Pilot RCT of serious game vs control in nursing students with self-confidence/anxiety outcomes.
ChangCY202234968932,article,"Chang, CY and Chung, MH and Yang, JC",2022,Facilitating nursing students' skill training in distance education via online game-based learning with the watch-summarize-question approach during the COVID-19 pandemic: A quasi-experimental study.,Nurse education today,"BACKGROUND: Key challenges for clinical education during the COVID-19 pandemic include how to continue teaching and learning, how to teach core clinical skills, and how to demonstrate professional and practical skills in various clinical situations. Therefore, nursing students need to learn how to assist with in-patient intubation, eliminate accumulated sputum overflow, and the basic techniques of sputum suction. OBJECTIVES: We proposed and investigated an approach to integrating online game-based learning with the watch-summarize-question strategy to improve nursing students' learning achievement, self-efficacy, learning engagement, and learning satisfaction in sputum suction skill training. DESIGN: A quasi-experimental study with pretest and posttest design. SETTINGS AND PARTICIPANTS: We randomly allocated 45 first-year nursing students to an experimental group (n = 21) or a control group (n = 24) at a school of nursing in a university. METHODS: The experimental group adopted the online game-based learning and watch-summarize-question strategy, while the control group used video-based learning. Participants were assessed on learning achievement of sputum suction skills, self-efficacy, learning engagement, and learning satisfaction before and after the intervention. RESULTS: The experimental group, which used the proposed approach, achieved statistically significant higher learning achievement, self-efficacy, learning engagement, and learning satisfaction than the control group. CONCLUSIONS: The integration of online game-based learning with the watch-summarize-question strategy demonstrated a positive impact on nursing students' sputum suction skill training. Nurse educators and researchers should consider integrating computer technology and teaching strategies to facilitate nursing education.",10.1016/j.nedt.2021.105256,34968932,Distance education; Learning engagement; Nursing education; Online game-based learning; Self-efficacy,exclude,,exclude,"S1: Quasi-experimental study (random allocation but no RCT design label), pretest-posttest; borderline but stated quasi-experimental.","AI-R1: Quasi-experimental study (random allocation but no RCT design label), pretest-posttest; borderline but stated quasi-experimental."
SuleimanMartosN202234935178,article,"Suleiman-Martos, N and García-Lara, R and Albendín-García, L and Romero-Béjar, JL and Cañadas-De La Fuente, GA and Monsalve-Reyes, C and Gomez-Urquiza, JL",2022,Effects of active video games on physical function in independent community-dwelling older adults: A systematic review and meta-analysis.,Journal of advanced nursing,"AIM: To analyse the effects of active video games on physical function in independent community-dwelling older adults. DESIGN: Systematic review and meta-analysis of randomized controlled trials. DATA SOURCES: The CINAHL, LILACS, Medline, Proquest and Scopus databases were consulted, with no restriction by year of publication. REVIEW METHODS: Preferred Reporting Items for Systematic Reviews and Meta-Analyses (PRISMA) guidelines were followed. The meta-analysis was performed using RevMan software. RESULTS: The analysis included 22 randomized controlled trials with a total of 1208 participants (all ≥55 years old). In our meta-analyses, the effects produced by playing the active video games (mean differences) were statistically significant for the variables Gait speed and Timed up-and-go. The differences between the control and experimental groups were not significant in the following tests: 6-minute walk, 30-second chair stand, balance (measured with the Berg Balance Scale), cadence, grip strength, knee extension strength, 8-Foot Up-and-Go or velocity. CONCLUSIONS: Physical exercise from participation in active video games has beneficial effects on two clinical parameters (Gait speed and Timed up-and-go) in independent community-dwelling older adults. However, the effects on other parameters do not differ from those obtained with conventional exercise training. Therefore, the clinical significance of these benefits is limited. IMPACT: Older adults usually perform little physical activity. In consequence, researchers have increasingly considered alternatives to traditional forms of exercise. One such is that provided by active video games, which can be a source of stimulation, encouraging adherence and motivation in exercise programmes. Our review shows that active video games can improve gait speed and mobility, but in other respects obtain no differences from conventional exercises. Further tailored randomized clinical trials should be undertaken with diverse populations of older adults to evaluate different physical function variables to determine the most appropriate training approach and its optimal design and duration.",10.1111/jan.15138,34935178,ageing; exergame; health game; nursing; older adults; physical function,exclude,,exclude,"S1: Systematic review and meta-analysis of active video games in older adults, not nursing education.","AI-R1: Systematic review and meta-analysis of active video games in older adults, not nursing education."
FuscoNM202234911703,article,"Fusco, NM and Foltz-Ramos, K and Ohtake, PJ",2022,An Interprofessional Escape Room Experience to Improve Knowledge and Collaboration Among Health Professions Students.,American journal of pharmaceutical education,"<b>Objective.</b> The purpose of this study was to extend our understanding of escape room pedagogical design by investigating the impact of escape room puzzle content on changes in students' immediate recall knowledge and demonstration of interprofessional skills during a subsequent simulation.<b>Methods.</b> Students from nursing, pharmacy, and physical therapy programs were randomized to complete an escape room themed around acute management of sepsis (intervention group; n=133) or general acute care (control group; n=129) prior to participating in a simulated patient discharge case conference. Students completed a knowledge assessment before the escape room, immediately after the escape room, and immediately after the simulation. Additionally, students completed the Interprofessional Socialization and Valuing Scale (ISVS-21) before and after the experience along with a post-program evaluation. Faculty rated student achievement of interprofessional learning objectives during the simulation using a standardized rubric.<b>Results.</b> Students in the intervention group had higher scores on the knowledge test administered immediately after the escape room. All participants' ISVS-21 scores increased from before to after the activity. Interprofessional learning objectives, as evaluated by faculty, were met by 248 (94.7%) students.<b>Conclusion.</b> Participating in an interprofessional escape room activity with specific puzzle content improved students' immediate recall knowledge. In both groups, self-assessed interprofessional socialization improved, and a high percentage of students achieved the interprofessional learning objectives in a subsequent simulation. Escape rooms can be an innovative pedagogical tool that can positively impact immediate recall knowledge and interprofessional collaborative skills of health professions students.",10.5688/ajpe8823,34911703,educational game; escape room; interprofessional education; students,maybe,,maybe,,AI-R1: Randomized escape-room study includes nursing students but mixed pharmacy/PT and comparator is general-care escape room (also gamified); uncertain.
GuR202234864483,article,"Gu, R and Wang, J and Zhang, Y and Li, Q and Wang, S and Sun, T and Wei, L",2022,Effectiveness of a game-based mobile application in educating nursing students on flushing and locking venous catheters with pre-filled saline syringes: A randomized controlled trial.,Nurse education in practice,"AIM: This study aimed to determine the effect of a game-based mobile application on the skill levels of nursing students in respect of flushing and locking of venous catheters with pre-filled saline syringes. BACKGROUND: In the context of the education of nursing students, a game-based mobile application was used as a motivational aid to improve nursing students' skills in flushing and locking of venous catheters. DESIGN: A single-blind randomized controlled trial was conducted from August 2020, in a university-affiliated hospital in China. METHODS: A total of 154 nursing students were divided randomly into two groups: a control group (n = 77) and an experimental group (n = 77). All the participants received a 30-min theoretical interpretation, 30-min demonstration, and one opportunity to practice. For the next seven days, the participants in the experimental group used a game-based mobile application as a motivational aid to practice their skills in flushing and locking of venous catheters; the control group received no additional intervention. We observed the skill performance and the incidence of errors in the procedural steps of the participants in the two groups at first and seven days later, along with the learning curve of the skills of the experimental group in respect of flushing and locking of venous catheters. RESULTS: The final skill performance scores of the nursing students in the experimental group were higher than the average scores of the nursing students in the control group (p = 0.003); The incidence of errors in material preparation rate, hand hygiene, and flushing and locking in the experimental group were lower than that in the control group (p = 0.027, p = 0.035, p = 0.045). Analysis of the learning curve revealed that the experimental group needed an average of 11 repeat practices sessions to master the skills. CONCLUSIONS: In the short term, the game-based mobile application was effective in improving the skills of nursing students in flushing and locking venous catheters with pre-filled saline syringes. It is an effective complement to existing training methods.",10.1016/j.nepr.2021.103260,34864483,Flushing and Locking; Learning curve; Mobile application; Nursing students; Simulation Training,include,,include,,AI-R1: Single-blind RCT of game-based app vs no extra intervention in nursing students with skill outcomes.
IsmailNA202234851732,article,"Ismail, NA and Hashim, HA and Ahmad Yusof, H",2022,Physical Activity and Exergames Among Older Adults: A Scoping Review.,Games for health journal,"Recently, exergames have been widely applied as exercise platforms among older adults. However, studies on the influence of exergames on older adults' physical activity remain scarce. The review article highlights the potential benefit of exergames as a physical activity tool for older adults. The literature search followed the PRISMA guidelines on databases PubMed (Public/Publisher MEDLINE), CINAHL (Cumulative Index to Nursing and Allied Health Literature), Cochrane, and Scopus. The literature included studies that evaluated the influence of exergames on older adults' physical activity. Articles were excluded if the mixed intervention was used, emphasizing specific limbs, improving specific tasks, or not mentioning intervention. The review article identified 25 studies that reported on 855 older adults 55 years of age and older. In addition, the common exergaming technology platforms examined were Microsoft Kinect™, Nintendo<sup>®</sup> Wii™, cybercycling, and interactive video dance games. Meanwhile, 11 studies used a pretest/post-test design and randomized controlled trial design in 14 studies. The review found that exergames significantly impacted the older adults' physical activity level as participants experienced improved balance and cognitive function, and enjoyed playing exergame, thus prolonging their game engagement. Although research on exergames is still new, current evidence showed a significant potential benefit of exergames as a physical activity tool for older adults. To overcome the limitation on various parameters that showed different effects and outcomes of exergames, the study recommends implementing randomized controlled trials with long-term observation using a mixed-method approach. Moreover, a multidisciplinary method involving exercise and neuromotor control experts could determine potential mechanisms of action that benefited from the exercises.",10.1089/g4h.2021.0104,34851732,Exercise; Exergames; Older adults; Scoping review; Virtual reality,exclude,,exclude,"S1: Scoping review of exergames in older adults, not nursing education.","AI-R1: Scoping review of exergames in older adults, not nursing education."
QinH202134811724,article,"Qin, H and Reid, I and Gorelik, A and Ng, L",2021,Environmental enrichment for stroke and other non-progressive brain injury.,The Cochrane database of systematic reviews,"BACKGROUND: Rehabilitation is effective for recovery after stroke and other non-progressive brain injuries but it is unclear if the rehabilitation environment itself, outside of limited therapy hours, is maximally conducive to recovery. Environmental enrichment is a relatively new concept within rehabilitation for humans. In this review, this is defined as an intervention designed to facilitate physical (motor and sensory), cognitive and social activity by the provision of equipment and organisation of a structured, stimulating environment. The environment should be designed to encourage (but not force) activities without additional specialised rehabilitation input. OBJECTIVES: To assess the effects of environmental enrichment on well-being, functional recovery, activity levels and quality of life in people who have stroke or non-progressive brain injury. SEARCH METHODS: We conducted the search on 26 October 2020. We searched the Cochrane Central Register of Controlled Trials (CENTRAL) in the Cochrane Library; MEDLINE (from 1950); Embase (from 1980); the Cumulative Index to Nursing and Allied Health Literature (CINAHL; from 1982); the Allied and Complementary Medicine Database (AMED; from 1985); PsycINFO (from 1806); the Physiotherapy Evidence Database (PEDro; from 1999); and 10 additional bibliographic databases and ongoing trial registers. SELECTION CRITERIA: We planned to include randomised controlled trials (RCTs) that compared environmental enrichment with standard services. DATA COLLECTION AND ANALYSIS: Two review authors independently assessed eligible studies, extracted data, and assessed study quality. Any disagreements were resolved through discussion with a third review author. We determined the risk of bias for the included study and performed a 'best evidence' synthesis using the GRADE approach. MAIN RESULTS: We identified one RCT, involving 53 participants with stroke, comparing environmental enrichment (which included physical, cognitive and social activities such as reading material, board and card games, gaming technology, music, artwork, and computer with Internet) with standard services in an inpatient rehabilitation setting. We excluded five studies, found two studies awaiting classification and one ongoing study which described environmental enrichment in their interventions. Of the excluded studies, three were non-RCTs and two described co-interventions with a significant component of rehabilitation. Based on the single small included RCT at high risk of bias, data are insufficient to provide any reliable indication of benefit or risk to guide clinical practice in terms of the provision of environmental enrichment. AUTHORS' CONCLUSIONS: The gap in current research should not, however, be interpreted as proof that environmental enrichment is ineffective. Further research is needed with robust study designs, such as cluster RCTs, and consistent outcome measurement evaluating the effectiveness of environmental enrichment in different settings (inpatient versus outpatient), the relative effectiveness of various components of environmental enrichment, cost-effectiveness, and safety of the intervention in people following stroke or other non-progressive brain injuries. It should be noted, however, that it is challenging to randomise or double-blind trials of environmental enrichment given the nature of the intervention.",10.1002/14651858.CD011879.pub2,34811724,,exclude,,exclude,"S1: Cochrane systematic review of environmental enrichment for stroke, not nursing education or game intervention.","AI-R1: Cochrane systematic review of environmental enrichment for stroke, not nursing education or game intervention."
MolinaTorresG202234799191,article,"Molina-Torres, G and Cardona, D and Requena, M and Rodriguez-Arrastia, M and Roman, P and Ropero-Padilla, C",2022,"The impact of using an ""anatomy escape room"" on nursing students: A comparative study.",Nurse education today,"BACKGROUND: Anatomy is an important part of health science education. In teaching anatomy, new teaching strategies have been studied in comparison with traditional-based approaches. In this manner, strategies such as the escape room-based approach have been used as an innovative learning approach in nursing education, but little is known about its application in an Anatomy module. OBJECTIVE: To evaluate the effectiveness of the escape room for anatomy-related knowledge retention in nursing and the perceived value of the game. DESIGN: In the first semesters of the academic years 2017-2018 and 2018-2019, a comparative cross-sectional study was conducted. SETTINGS: This study took place at the University of Almeria with students enrolled in the Anatomy module. PARTICIPANTS: A total of 248 first-year nursing students took part in the study. METHODS: The study included two groups: an experimental group (EG) that participated in an escape room in the final session of their Anatomy module, and a control group (CG) that received a traditional-based teaching approach in their final lesson. RESULTS: Students enrolled in the Anatomy module were randomly assigned to either the experimental (EG, n = 128) or control groups (CG, n = 120). The escape room was conducted in groups of four and lasted no more than 15 min. In terms of satisfaction with the escape room, EG scored above the mean. The item ""I enjoyed playing"" received the highest score (4.88 ± 0.35). Taking the final scores of each group into account, the EG had a final average score of 8.94 ± 0.96, while the CG had a final average score of 7.70 ± 1.25 (p = 0.001). CONCLUSIONS: According to the findings, the ""Anatomy Escape Room"" is a game-based approach that motivates students and constitutes a down-to-earth resource for anatomy learning in healthcare students.",10.1016/j.nedt.2021.105205,34799191,Anatomy; Comparative study; Escape room; Game-based learning; Nursing students,maybe,,maybe,,"AI-R1: Escape room (game) vs traditional teaching in nursing students; described as cross-sectional but states random assignment, uncertain design so MAYBE."
MinA202234717098,article,"Min, A and Min, H and Kim, S",2022,Effectiveness of serious games in nurse education: A systematic review.,Nurse education today,"OBJECTIVES: To systematically summarize research employing serious games in nurse education, to examine their effectiveness, to provide recommendations and implementation strategies, and to suggest future directions for the development and application of serious games in nurse education. DESIGN: A systematic review. DATA SOURCES: An online search of the CINAHL, Medline, PubMed, EMBASE, PsycINFO, SCOPUS, and Web of Science databases, and a manual search of the reference lists of selected studies or review articles published in English and Korean between 1990 and July 2020. REVIEW METHODS: This systematic review was conducted in accordance with the Cochrane Handbook for Systematic Reviews of Interventions. Articles that employed a serious game approach in nurse education were included. Two authors independently screened and reviewed the articles and assessed the methodological quality using the Cochrane risk-of-bias tools. RESULTS: A total of seven studies met the inclusion criteria: three randomized controlled trials and four quasi-experimental studies. Heterogeneity was found across all studies regarding the application of serious games, platforms, and gamification elements. Most of the studies evaluated the effectiveness of serious games using knowledge tests, while two studies evaluated skills performance. Two randomized controlled trials and two one group before and after studies reported that the use of serious games improved nursing students' and nurses' knowledge and performance. CONCLUSIONS: This systematic review does not provide comprehensive insights into the effectiveness of serious games in nurse education. However, based on the evidence reviewed, we provide suggestions for developing and implementing serious games in nurse education to enhance students' knowledge and performance.",10.1016/j.nedt.2021.105178,34717098,Games; Gamification; Nurse education; Nurses; Nursing students; Serious games,exclude,,exclude,"S1: Systematic review of serious games, not a primary RCT.","AI-R1: Systematic review of serious games, not a primary RCT."
CarterG202134624040,article,"Carter, G and Brown Wilson, C and Mitchell, G",2021,The effectiveness of a digital game to improve public perception of dementia: A pretest-posttest evaluation.,PloS one,"The global impact of dementia is a key healthcare priority, and although it is possible to live well with dementia, public perception is often negative. Serious digital games are becoming a credible delivery method to educate/train individuals in the business and health sectors and to challenge perceptions. The main objective of the study was to evaluate the effectiveness of a digital game prototype on individual attitudes towards dementia. A digital game to improve public knowledge and understanding about dementia (www.dementiagame.com) was co-designed with people living with dementia and student nurses. The Game was evaluated using a pretest-posttest design. Participants for the evaluation were recruited via social media in one UK university and completed the Approaches to Dementia Questionnaire (ADQ) before and after playing the game. Overall, 457 individuals completed both pre and post test questionnaires. The total ADQ score demonstrated a significant improvement in positive attitudes (p < 0.001), and both subscales of Hope and Recognition of Personhood also saw significant improvements (p < 0.001). The use of a serious digital game has demonstrated a significant effect on the respondents' perceptions of dementia. Overall, there was a more positive view of the abilities of people with dementia and what their capabilities were. They were also more likely to be recognised as unique individuals with the same values as any other person. The benefit of using digital gaming to improve perceptions of dementia has been demonstrated, nonetheless further research is required to reach a more diverse population and test as a Randomised Control Trial to provide definitive evidence for use in policy and practice.",10.1371/journal.pone.0257337,34624040,,exclude,,exclude,"S1: Pretest-posttest single-group evaluation among public, not an RCT and not nursing education.","AI-R1: Pretest-posttest single-group evaluation among public, not an RCT and not nursing education."
VergheseJ202134522910,article,"Verghese, J and Mahoney, JR and Ayers, E and Ambrose, A and Wang, C and Holtzer, R",2021,"Computerised cognitive remediation to enhance mobility in older adults: a single-blind, single-centre, randomised trial.",The lancet. Healthy longevity,"BACKGROUND: Decline in executive functions and related cognitive processes is associated with mobility decline, and these functions might be amenable to cognitive remediation. This study aimed to examine whether a computerised cognitive remediation programme would improve walking in adults aged 70 years and older. METHODS: This single-blind, randomised trial at one academic centre in the USA evaluated the efficacy of an 8-week computerised programme (also known as brain games) of progressive intensity and complexity to improve walking in older adults at high-risk for mobility disability. Inclusion criteria included being 70 years or older; ambulatory; and at high-risk for mobility disability, defined using a cutscore of nine or less (frail range) on the Short Physical Performance Battery and a walking speed of 100 cm/s or less. Individuals with dementia, acute or terminal medical illnesses, recent or planned surgery affecting mobility, mobility limitations solely due to musculoskeletal limitation or pain that prevented them from completing mobility tests, and those who were nursing home residents were excluded. Participants were block randomised (1:1; block size 12 and no stratification) to the intervention group or the control group (low complexity computer games and health education classes). Primary outcomes were change in walking speed at normal pace and walking while talking conditions assessed from baseline to 8 weeks post-intervention by investigators who were masked to group assignment. Groups were compared using the intention-to-treat principle with linear mixed models adjusted for confounders. This trial was registered with ClinicalTrails.gov, NCT02567227. FINDINGS: Between March 1, 2016, and March 12, 2020, 383 patients were enrolled and randomly assigned to the intervention or control group. After randomisation, 11 (3%) patients were diagnosed with dementia. 372 (97%; 271 [73%] women) were included in the intention-to-treat analysis. The mean age of participants was 77·0 years [SD 5·6]). 183 (49·2%) participants were Black and 62 (16·7%) were Hispanic. 314 (93%) of the target 338 completers had finished the intervention when the trial was terminated due to the COVID-19 pandemic. Although there were significant within-group improvements in both groups after the 8-week intervention, there was no significant difference in normal walking speed (-1·03 cm/s [SD 1·30]; 95% CI -3·60 to 1·54) and walking while talking conditions (0·59 cm/s [SD 1·61]; 95% CI -2·59 to 3·76) between the intervention and control groups. Similarly, within-group, but no between-group, differences were seen on executive function tests and physical function. There were no severe adverse events related to interventions. INTERPRETATION: Computerised cognitive remediation improved walking in adults aged 70 years and older at high-risk for mobility disability, but improvements were not significantly greater compared with an active control. Although our findings corroborate the within-group improvements on cognition and mobility reported in previous pilot clinical trials, future studies are required to determine the optimal dose, frequency, intensity, and content of computerised cognitive remediation programmes. FUNDING: National Institute on Aging.",10.1016/s2666-7568(21)00173-2,34522910,,exclude,,exclude,"P1: Cognitive remediation for older adults' mobility, not nursing education.","AI-R1: Cognitive remediation for older adults' mobility, not nursing education."
LiuYM202134315062,article,"Liu, YM and Hou, YC",2021,"Effect of multi-disciplinary teaching on learning satisfaction, self-confidence level and learning performance in the nursing students.",Nurse education in practice,"AIM: The aim of this study was to design a multidisciplinary teaching method that combines game-based learning with a clinical situation-based teaching program and to test learning motivation, learning satisfaction and self-confidence. BACKGROUND: Research has suggested that game-based learning and clinical situation-based teaching can effectively capture student attention and stimulate student learning motivation as well as increase learning satisfaction and self-confidence. DESIGN: The randomized and experimental design used in this study was a pretest-posttest control group design. METHODS: This study recruited participants from a technical college in the north of Taiwan. The experimental group (receiving multidisciplinary teaching) comprised 48 participants and the control group (receiving traditional teaching) comprised 50 participants. Participants took a pretest before the multidisciplinary teaching intervention, received a total of 12 weeks of intervention and then took a posttest within 1 week of the end of the course. These participants completed a questionnaire regarding learning satisfaction, confidence and learning performance. RESULTS: The multidisciplinary teaching intervention improved learning satisfaction (t = 7.36, p < 0.001), self-confidence (t = 7.34, p < 0.001) and learning performance (t = 6.66, p < 0.001). Multidisciplinary teaching interventions can improve learning satisfaction, self-confidence and learning performance among nursing students. CONCLUSIONS: Multidisciplinary teaching should be promoted in the context of nursing teaching and students have the multidisciplinary learning.",10.1016/j.nepr.2021.103128,34315062,Learning performance; Learning satisfaction; Multidisciplinary teaching; Nursing students; Self-confidence,include,,include,,AI-R1: RCT comparing game-based multidisciplinary teaching vs traditional teaching in nursing students with learning outcomes.
GunstM202234156650,article,"Gunst, M and De Meyere, I and Willems, H and Schoenmakers, B",2022,Effect of exergaming on wellbeing of residents in a nursing home: a single blinded intervention study.,Aging clinical and experimental research,"INTRODUCTION: To improve the quality of life in nursing homes, meaningful activities and social contact are indispensable. Exergames can play a role addressing these needs. METHODS: In a randomized single blinded controlled intervention study, we investigated the effect of playing exergames on general wellbeing, fun and on social interaction. RESULTS: Thirty-five residents participated: 18 residents took part in the intervention group and 17 in the control group. The median mental wellbeing score of the intervention group increased from 42/50 to 45. The median sleep score of the intervention increased from 23/30 to 28. The median pain score of the intervention group improved from 18/20 to 20. The median score on subjective cognition increased from 24/30 to 26 while the mean scores on the objective assessment decreased from 1.8/2 to 1.7. Coaches gave an average fun score of 8.9/10 and an average intensity of exercise score of 11.6/20. Residents and coaches appreciated the social contact. Coaches reported a high feasibility (average of 4.1/5) but a low accessibility and a high intensity of supervision. CONCLUSIONS: Exergaming is a feasible and pleasant complement to the usual activities with a positive impact on wellbeing, sleep, pain, and perceived cognition. Future research should focus on vulnerable groups and aim to develop a study in an implementation design.",10.1007/s40520-021-01903-1,34156650,Care quality; Exergames; Nursing home; Older persons,exclude,,exclude,"P1: Exergaming for nursing home residents' wellbeing, not nursing education.","AI-R1: Exergaming for nursing home residents' wellbeing, not nursing education."
LinPJ202134151444,article,"Lin, PJ and Fanjiang, YY and Wang, JK and Lu, CW and Lin, KC and Cheong, IM and Pan, KY and Chen, CW",2021,Long-term effectiveness of an mHealth-tailored physical activity intervention in youth with congenital heart disease: A randomized controlled trial.,Journal of advanced nursing,"AIMS: To evaluate the long-term effectiveness of the Care & Organize Our Lifestyle (COOL) programme, a self-regulation theory-based mHealth programme, on improving disease knowledge and physical activity in youth with congenital heart disease (CHD). DESIGN: A three-arm parallel-group randomized controlled trial. METHODS: A total 143 participants with simple and moderate CHD aged 15-24 years were recruited from June 2016 to February 2018. The 12-month programme compared two active intervention groups to a standard-care control group (n = 47). Participants in one active intervention group (n = 49) were provided with COOL Passport, a mobile healthcare application. Those in the other group (n = 47) were provided with access to the Health Promotion Cloud system and use of game-based interactive platforms along with COOL Passport. Outcomes were the Leuven Knowledge Questionnaire for Congenital Heart Disease and the International Physical Activity Questionnaire-Taiwan Show-Card Version. RESULTS: After 12 months, 103 participants remained; the overall attrition rate was 28%. No significant differences were observed between the groups in any domain of disease knowledge after 6 months or 1 year. Neither active group exhibited significantly greater physical activity intensity than the standard-care control group in any month during the 1 year. CONCLUSION: The mHealth-tailored intervention of the COOL programme did not improve disease knowledge or physical activity in young adults with CHD. IMPACT: The application of the COOL Passport and Health Promotion Cloud system and use of game-based interactive platforms must be modified and verified in future studies and may have clinical potential. TRIAL REGISTRATION: The registry of clinical trials was ClinicalTrials.gov: NCT04264650.",10.1111/jan.14924,34151444,congenital heart disease; disease knowledge; mobile health; nursing; physical activity; youth,exclude,,exclude,"P1: mHealth physical activity in youth with congenital heart disease, not nursing education.","AI-R1: mHealth physical activity in youth with congenital heart disease, not nursing education."
MaD202133962185,article,"Ma, D and Shi, Y and Zhang, G and Zhang, J",2021,Does theme game-based teaching promote better learning about disaster nursing than scenario simulation: A randomized controlled trial.,Nurse education today,"BACKGROUND: With the development of information technology, game-based teaching has continuously attracted the attention of nursing educators. It has been proven that games, as an auxiliary tool of traditional teaching, can improve students' learning motivation and learning effects. However, compared with the traditional scenario simulation teaching, whether game-based teaching has obvious advantages is still unknown. OBJECTIVES: This study aimed to explore whether theme game-based teaching is more effective than scenario simulation in improving students' disaster nursing competency. DESIGN: A randomized controlled trial. SETTING: The study was conducted at a provincial vocational college in Xiaogan, Hubei, China. PARTICIPANTS: A total of 104 sophomore nursing students (intervention group = 51, control group = 53) participated. METHODS: After the participants were randomly assigned to the intervention group or control group, disaster-themed games were used in the intervention group, while multi-station disaster simulation was applied in the control group. Pre- and post-tests were conducted to assess the participants' disaster nursing competence using the Questionnaire of Disaster Rescue Ability. RESULTS: After the intervention, disaster nursing competence levels were significantly higher in the intervention group than in the control group (4.04 ± 0.43 vs. 3.77 ± 0.45, P = 0.002). Three domains of disaster nursing competence, cognition (4.05 ± 0.56 vs. 3.75 ± 0.48, P = 0.004), skill (3.88 ± 0.50 vs. 3.62 ± 0.53, p = 0.008) and affective response (4.25 ± 0.42 vs. 4.02 ± 0.48, P = 0.010), were also significantly higher in the intervention group. CONCLUSIONS: Compared with scenario simulation, theme game-based teaching is more effective in improving the disaster nursing competence of nursing students.",10.1016/j.nedt.2021.104923,33962185,Disaster nursing; Nurse education; Nursing students; Randomized controlled trial; Scenario simulation; Theme game,maybe,,maybe,,"AI-R1: RCT of game-based teaching in nursing students but comparator is scenario simulation; may not isolate game effect, prefer MAYBE."
DavisAJ202133872436,article,"Davis, AJ and Parker, HM and Gallagher, R",2021,Gamified applications for secondary prevention in patients with high cardiovascular disease risk: A systematic review of effectiveness and acceptability.,Journal of clinical nursing,"INTRODUCTION: Gamified health mobile applications (apps) are promoted as innovative approaches to self-management and risk factor reduction. However, information is lacking on effectiveness or feasibility in older patients at high risk for cardiovascular diseases (CVD), which limits uptake and recommendations by nurses. This study aimed to evaluate the effectiveness and acceptability of gamified apps for CVD secondary prevention. METHODS: EQUATOR PRISMA checklist was used to guide the systematic review. PubMed, Embase and SCOPUS were searched from inception to January 2020 for studies evaluating app interventions incorporating ≥2 game tactics and targeting secondary prevention in patients diagnosed with heart disease, hypertension, stroke or type 2 diabetes. Narrative summaries of results were used as meta-analysis were not possible. The PROSPERO ID number was CRD42020209791. RESULTS: Seven studies involving 657 patients were included. Gamified apps resulted in more improvement in physical activity, HbA1C and diabetes self-management empowerment compared to multiple different comparators, and more physical activity motivation compared to a neutral content control app. Heart failure knowledge also improved significantly. However, no benefits above usual care were evident for blood pressure or body mass index, or from app use for heart failure self-management, medication adherence or atrial fibrillation knowledge. App acceptability in terms of usage declined with time but was high for the game components of challenges, medication monitoring, viewing of leader boards and badges and walking training participation. Enjoyment was highest for elements that featured surprise/novelty, having teammates, challenges, good graphic design and clarity. CONCLUSIONS: Gamified mobile apps show the potential to improve secondary prevention in high CVD risk patients. Indications for acceptability were evident, with higher adherence than clinic-based secondary prevention programmes. However, further well-designed randomised controlled trials, which track app usage are needed to confirm this potential and encourage nurses to recommend these types of apps.",10.1111/jocn.15808,33872436,Cardiovascular disease; game; gamification; mobile applications; nurses; systematic review; type 2 diabetes mellitus,exclude,,exclude,"S1: Systematic review of gamified apps for patients, not a primary RCT or nursing education.","AI-R1: Systematic review of gamified apps for patients, not a primary RCT or nursing education."
SuppanM202133685854,article,"Suppan, M and Abbas, M and Catho, G and Stuby, L and Regard, S and Achab, S and Harbarth, S and Suppan, L",2021,Impact of a Serious Game (Escape COVID-19) on the Intention to Change COVID-19 Control Practices Among Employees of Long-term Care Facilities: Web-Based Randomized Controlled Trial.,Journal of medical Internet research,"BACKGROUND: Most residents of long-term care facilities (LTCFs) are at high risk of complications and death following SARS-CoV-2 infection. In these facilities, viral transmission can be facilitated by shortages of human and material resources, which can lead to suboptimal application of infection prevention and control (IPC) procedures. To improve the dissemination of COVID-19 IPC guidelines, we developed a serious game called ""Escape COVID-19"" using Nicholson's RECIPE for meaningful gamification, as engaging serious games have the potential to induce behavioral change. OBJECTIVE: As the probability of executing an action is strongly linked to the intention of performing it, the objective of this study was to determine whether LTCF employees were willing to change their IPC practices after playing ""Escape COVID-19."" METHODS: This was a web-based, triple-blind, randomized controlled trial, which took place between November 5 and December 4, 2020. The health authorities of Geneva, Switzerland, asked the managers of all LTCFs under their jurisdiction to forward information regarding the study to all their employees, regardless of professional status. Participants were unaware that they would be randomly allocated to one of two different study paths upon registration. In the control group, participants filled in a first questionnaire designed to gather demographic data and assess baseline knowledge before accessing regular online IPC guidelines. They then answered a second questionnaire, which assessed their willingness to change their IPC practices and identified the reasons underlying their decision. They were then granted access to the serious game. Conversely, the serious game group played ""Escape COVID-19"" after answering the first questionnaire but before answering the second one. This group accessed the control material after answering the second set of questions. There was no time limit. The primary outcome was the proportion of LTCF employees willing to change their IPC practices. Secondary outcomes included the factors underlying participants' decisions, the domains these changes would affect, changes in the use of protective equipment items, and attrition at each stage of the study. RESULTS: A total of 295 answer sets were analyzed. Willingness to change behavior was higher in the serious game group (82% [119/145] versus 56% [84/150]; P<.001), with an odds ratio of 3.86 (95% CI 2.18-6.81; P<.001) after adjusting for professional category and baseline knowledge, using a mixed effects logistic regression model with LTCF as a random effect. For more than two-thirds (142/203) of the participants, the feeling of playing an important role against the epidemic was the most important factor explaining their willingness to change behavior. Most of the participants unwilling to change their behavior answered that they were already applying all the guidelines. CONCLUSIONS: The serious game ""Escape COVID-19"" was more successful than standard IPC material in convincing LTCF employees to adopt COVID-19-safe IPC behavior. INTERNATIONAL REGISTERED REPORT IDENTIFIER (IRRID): RR2-10.2196/25595.",10.2196/27443,33685854,COVID-19; SARS-CoV-2; control; elderly; game; health care worker; impact; infection prevention; intention; long-term care facilities; nursing homes; randomized controlled trial; serious game; transmission,maybe,,maybe,,"AI-R1: RCT of serious game on LTCF employees' IPC intentions; population may include nurses but mixed staff, prefer MAYBE."
GrechJ202133675289,article,"Grech, J and Grech, J",2021,Nursing students' evaluation of a gamified public health educational webinar: A comparative pilot study.,Nursing open,"AIM: To compare undergraduate nursing students' evaluations of a gamified educational webinar to a non-gamified version. Both webinars covered the topic ""Determinants of health,"" part of public health education. DESIGN: A post-test evaluation design with a comparison group, and an additional qualitative component. METHODS: First-year students reading for a Bachelor of Science in Nursing at the Malta College of Arts, Science and Technology were randomly allocated into two classes of 26 students each, and to the gamified and non-gamified webinars. The revised ""Students Evaluations of Educational Quality"" questionnaire was sent to all participants. Participants were also asked to provide comments on their learning experience. RESULTS: A total of 40 participants who attended the gamified and non-gamified webinars completed the questionnaire. Educational quality was perceived as ""good"" to ""very good,"" in both groups. Most participants in the gamified webinar group remarked that gamification helped to increase their engagement and interaction.",10.1002/nop2.826,33675289,determinants of health; gamification; nursing; nursing education; online learning; public health,include,,include,,AI-R1: Nursing students randomly allocated to gamified vs non-gamified webinar with evaluation outcomes.
FoltzRamosK202533587007,article,"Foltz-Ramos, K and Fusco, NM and Paige, JB",2025,Saving patient x: A quasi-experimental study of teamwork and performance in simulation following an interprofessional escape room.,Journal of interprofessional care,"Graduates of health professions programs are required to work collaboratively as part of interprofessional healthcare teams. The purpose of this study was to create and test the use of an interprofessional escape room, as a method to improve teamwork, prior to interprofessional simulation. The study evaluated performance in simulation with the Observed Interprofessional Collaboration tool and self-reported attitudes toward teamwork using the Interprofessional Socialization and Valuing Scale. A total of 233 students from professional nursing (n of 118) and pharmacy students (n of 115) were split into groups of four (two nursing, two pharmacy students). Groups were randomized to participate in the escape room first followed by simulation, or simulation first followed by the escape room. Results indicated median scores in simulation performance were higher for students who participated in an escape room before simulation compared to an escape room after simulation. There was no difference in the mean change in perceptions of teamwork from pre to post between students who participated in an escape room before simulation. Escape rooms can, in a brief period of time, improve teamwork and consequently performance during simulation. Findings support the use of escape rooms in interprofessional education curriculum as a method to promote teamwork.",10.1080/13561820.2021.1874316,33587007,Escape room; communication; interprofessional education; simulation; teamwork,maybe,,maybe,,"AI-R1: Escape room (game) randomized order among nursing and pharmacy students; mixed population and quasi-experimental, prefer MAYBE."
MehtaSJ202033346847,article,"Mehta, SJ and Hume, E and Troxel, AB and Reitz, C and Norton, L and Lacko, H and McDonald, C and Freeman, J and Marcus, N and Volpp, KG and Asch, DA",2020,"Effect of Remote Monitoring on Discharge to Home, Return to Activity, and Rehospitalization After Hip and Knee Arthroplasty: A Randomized Clinical Trial.",JAMA network open,"IMPORTANCE: Hip and knee arthroplasty are the most common inpatient surgical procedures for Medicare beneficiaries in the US, with substantial variation in cost and quality. Whether remote monitoring incorporating insights from behavioral science might help improve outcomes and increase value of care remains unknown. OBJECTIVE: To evaluate the effect of activity monitoring and bidirectional text messaging on the rate of discharge to home and clinical outcomes in patients receiving hip or knee arthroplasty. DESIGN, SETTING, AND PARTICIPANTS: Randomized clinical trial conducted between February 7, 2018, and April 15, 2019. The setting was 2 urban hospitals at an academic health system. Participants were patients aged 18 to 85 years scheduled to undergo hip or knee arthroplasty with a Risk Assessment and Prediction Tool score of 6 to 8. INTERVENTIONS: Eligible patients were randomized evenly to receive usual care (n = 153) or remote monitoring (n = 147). Those in the intervention arm who agreed received a wearable activity monitor to track step count, messaging about postoperative goals and milestones, pain score tracking, and connection to clinicians as needed. Patients assigned to receive monitoring were further randomized evenly to remote monitoring alone or remote monitoring with gamification and social support. Remote monitoring was offered before surgery, began at hospital discharge, and continued for 45 days postdischarge. MAIN OUTCOMES AND MEASURES: The primary outcome was discharge status (home vs skilled nursing facility or inpatient rehabilitation). Prespecified secondary outcomes included change in average daily step count and rehospitalizations. RESULTS: A total of 242 patients were analyzed (124 usual care, 118 intervention); median age was 66 years (interquartile range, 58-73 years); 78.1% were women, 45.5% were White, 43.4% were Black; and 81.4% in the intervention arm agreed to receive monitoring. There was no significant difference in the rate of discharge to home between the usual care arm (57.3%; 95% CI, 48.5%-65.9%) and the intervention arm (56.8%; 95% CI, 47.9%-65.7%) and no significant increase in step count in those receiving remote monitoring plus gamification and social support compared with remote monitoring alone. There was a statistically significant reduction in rehospitalization rate in the intervention arm (3.4%; 95% CI, 0.1%-6.7%) compared with the usual care arm (12.2%; 95% CI, 6.4%-18.0%) (P = .01). CONCLUSIONS AND RELEVANCE: In this study, the remote monitoring program did not increase rate of discharge to home after hip or knee arthroplasty, and gamification and social support did not increase activity levels. There was a significant reduction in rehospitalizations among those receiving the intervention, which may have resulted from goal setting and connection to the care team. TRIAL REGISTRATION: ClinicalTrials.gov Identifier: NCT03435549.",10.1001/jamanetworkopen.2020.28328,33346847,,exclude,,exclude,"P1: Remote monitoring trial in arthroplasty patients, not nursing education or game-based teaching.","AI-R1: Remote monitoring trial in arthroplasty patients, not nursing education or game-based teaching."
SuppanL202033296329,article,"Suppan, L and Abbas, M and Catho, G and Stuby, L and Regard, S and Harbarth, S and Achab, S and Suppan, M",2020,Impact of a Serious Game on the Intention to Change Infection Prevention and Control Practices in Nursing Homes During the COVID-19 Pandemic: Protocol for a Web-Based Randomized Controlled Trial.,JMIR research protocols,"BACKGROUND: Nursing home residents are at high risk of complications and death due to COVID-19. Lack of resources, both human and material, amplifies the likelihood of contamination in these facilities where a single employee can contaminate dozens of residents and colleagues. Improving the dissemination of and adhesion to infection prevention and control (IPC) guidelines is therefore essential. Serious games have been shown to be effective in developing knowledge and in increasing engagement, and could motivate nursing home employees to change their IPC practices. OBJECTIVE: Our aim is to assess the impact of ""Escape COVID-19,"" a serious game designed to enhance knowledge and application of IPC procedures, on the intention of nursing home employees to change their IPC practices. METHODS: We will carry out a web-based randomized controlled trial following the CONSORT-EHEALTH (Consolidated Standards of Reporting Trials of Electronic and Mobile Health Applications and Online Telehealth) guidelines and incorporating relevant elements of CHERRIES (Checklist for Reporting Results of Internet E-Surveys). Participants will be randomized to either the control or the serious game (intervention) group. First, both groups will be asked to answer a questionnaire designed to gather demographic data and assess baseline knowledge. The control group will then receive a quick reminder of the current national guidelines and links to IPC guidelines for health care professionals, while the other group will play the game. Both groups will then have to answer a second questionnaire designed to assess their willingness to change their IPC practices after having followed their respective material. After completing this questionnaire, they will be granted access to the material presented to the group they were not assigned to and receive a course completion certificate. The primary outcome will be the proportion of participants willing to change their IPC practices according to group. Secondary outcomes will include the analysis of specific questions detailing the exact changes considered by the participants. Factors associated with participant willingness or reluctance to change behavior will also be assessed. Attrition will also be assessed at each stage of the study. RESULTS: The study protocol has been presented to our regional ethics committee (Req-2020-01262), which issued a declaration of no objection as such projects do not fall within the scope of the Swiss federal law on human research. Data collection began on November 5, 2020, and should be completed by December 4, 2020. CONCLUSIONS: This study should determine whether ""Escape COVID-19,"" a serious game designed to improve compliance with COVID-19 safe practices, modifies the intention to follow IPC guidelines among nursing home employees. INTERNATIONAL REGISTERED REPORT IDENTIFIER (IRRID): DERR1-10.2196/25595.",10.2196/25595,33296329,COVID-19; SARS-COV-2; elderly; health care worker; infection control; infection prevention; infectious disease; nursing home; older adult; randomized controlled trial; serious game; transmission,maybe,,maybe,,"AI-R1: Protocol for RCT of serious game on nursing home employees' IPC; protocol with randomization, prefer MAYBE."
DelmasP202033292718,article,"Delmas, P and Fiorentino, A and Antonini, M and Vuilleumier, S and Stotzer, G and Kollbrunner, A and Jaccard, D and Hulaas, J and Rutschmann, O and Simon, J and Hugli, O and Gilart de Keranflec'h, C and Pasquier, J",2020,Effects of environmental distractors on nurse emergency triage accuracy: a pilot study protocol.,Pilot and feasibility studies,"BACKGROUND: The clinical decisions of emergency department triage nurses need to be of the highest accuracy. However, studies have found repeatedly that these nurses over- or underestimate the severity of patient health conditions. This has major consequences for patient safety and patient flow management. Workplace distractors such as noise and task interruptions have been pointed to as factors that might explain this inaccuracy. The use of a serious game reproducing the work environment during triage affords the opportunity to explore the impact of these distractors on nurse emergency triage accuracy, in a safe setting. METHODS/DESIGN: A pilot study with a factorial design will be carried out to test the acceptability and feasibility of a serious game developed specifically to simulate the triage process in emergency departments and to explore the primary effects of distractors on nurse emergency triage accuracy. Eighty emergency nurses will be randomized into four groups: three groups exposed to different distractors (A, noise; B, task interruptions; C, noise and task interruptions) and one control group. All nurses will have to complete 20 clinical vignettes within 2 h. For each vignette, a gold standard assessment will be determined by experts. Pre-tests will be conducted with clinicians and certified emergency nurses to evaluate the appeal of the serious game. DISCUSSION: Study results will inform the design of large-scale investigations and will help identify teaching, training, and research areas that require further development.",10.1186/s40814-020-00717-8,33292718,Distractors; Emergency department; Patient safety; Serious game; Triage accuracy,exclude,,exclude,"I1: Serious game used to study distractor effects on triage accuracy, not a game-based teaching intervention vs conventional teaching.","AI-R1: Serious game used to study distractor effects on triage accuracy, not a game-based teaching intervention vs conventional teaching."
LeMayS202133098330,article,"Le May, S and Tsimicalis, A and Noel, M and Rainville, P and Khadra, C and Ballard, A and Guingo, E and Cotes-Turpin, C and Addab, S and Chougui, K and Francoeur, M and Hung, N and Bernstein, M and Bouchard, S and Parent, S and Hupin Debeurme, M",2021,Immersive virtual reality vs. non-immersive distraction for pain management of children during bone pins and sutures removal: A randomized clinical trial protocol.,Journal of advanced nursing,"AIMS: To examine the efficacy of an immersive virtual reality distraction compared with an active non-immersive distraction, such as video games on a tablet, for pain and anxiety management and memory of pain and anxiety in children requiring percutaneous bone pins and/or suture removal procedures. DESIGN: Three-centre randomized clinical trial using a parallel design with two groups: experimental and control. METHODS: Study to take place in the orthopaedic department of three children hospital of the Montreal region starting in 2019. Children, from 7-17 years old, requiring bone pins and/or suture removal procedures will be recruited. The intervention group (N = 94) will receive a virtual reality game (Dreamland), whereas the control group (N = 94) will receive a tablet with video games. The primary outcomes will be both the mean self-reported pain score measured by the Numerical Rating Scale and mean anxiety score, measured by the Child Fear Scale. Recalls of pain and anxiety will be measured 1 week after the procedure using the same scales. We aim to recruit 188 children to achieve a power of 80% with a significance level (alpha) of 5%. DISCUSSION: While multiple pharmacological methods have previously been tested for children, no studies have evaluated the impact of immersive virtual reality distraction for pain and anxiety management in the orthopaedic setting. IMPACT: Improved pain management can be achieved using virtual reality during medical procedures for children. This method is innovative, non-pharmacological, adapted to the hospital setting, and user-friendly. TRIAL REGISTRATION: NCT03680625, registered on clinicaltrials.gov.",10.1111/jan.14607,33098330,anxiety; distraction; nurses; nursing; orthopaedic; paediatric; pain; randomized control trial; video games; virtual reality,exclude,,exclude,"P1: VR distraction for pain in children, not nursing education.","AI-R1: VR distraction for pain in children, not nursing education."
BendaNC202032985993,article,"Benda, NC and Kellogg, KM and Hoffman, DJ and Fairbanks, RJ and Auguste, T",2020,Lessons Learned From an Evaluation of Serious Gaming as an Alternative to Mannequin-Based Simulation Technology: Randomized Controlled Trial.,JMIR serious games,"BACKGROUND: The use of new technology like virtual reality, e-learning, and serious gaming can offer novel, more accessible options that have been demonstrated to improve learning outcomes. OBJECTIVE: The aim of this study was to compare the educational effectiveness of serious game-based simulation training to traditional mannequin-based simulation training and to determine the perceptions of physicians and nurses. We used an obstetric use case, namely electronic fetal monitoring interpretation and decision making, for our assessment. METHODS: This study utilized a mixed methods approach to evaluate the effectiveness of the new, serious game-based training method and assess participants' perceptions of the training. Participants were randomized to traditional simulation training in a center with mannequins or serious game training. They then participated in an obstetrical in-situ simulation scenario to assess their learning. Participants also completed a posttraining perceptions questionnaire. RESULTS: The primary outcome measure for this study was the participants' performance in an in-situ mannequin-based simulation scenario, which occurred posttraining following a washout period. No significant statistical differences were detected between the mannequin-based and serious game-based groups in overall performance, although the study was not sufficiently powered to conclude noninferiority. The survey questions were tested for significant differences in participant perceptions of the educational method, but none were found. Qualitative participant feedback revealed important areas for improvement, with a focus on game realism. CONCLUSIONS: The serious game training tool developed has potential utility in providing education to those without access to large simulation centers; however, further validation is needed to demonstrate if this tool is as effective as mannequin-based simulation.",10.2196/21123,32985993,continuing medical education; obstetrics; simulation training,maybe,,maybe,,"AI-R1: RCT of serious game vs mannequin simulation in physicians and nurses; mixed population and simulation comparator, prefer MAYBE."
ChauJPC202032925744,article,"Chau, JPC and Lo, SHS and Choi, KC and Lee, VWY and Lui, GCY and Chan, KM and Lau, AYL",2020,Effects of a multidisciplinary team-led school-based human papillomavirus vaccination health-promotion programme on improving vaccine acceptance and uptake among female adolescents: A cluster randomized controlled trial.,Medicine,"INTRODUCTION: Evidence has consistently shown the high efficacy of human papillomavirus (HPV) vaccines in preventing cervical cancers. However, the HPV vaccine uptake rate in Hong Kong is very low. We will develop and evaluate an innovative, theory-based multidisciplinary team-led school-based HPV vaccination health-promotion program (MDL-SHPVP), engaging female adolescents, parents/guardians, and secondary school personnel in multicomponent educational strategies and interactive discussions. METHODS AND ANALYSIS: A cluster randomized controlled trial is proposed. We will recruit 2520 female adolescents and their parents/guardians from 18 secondary day schools. The MDL-SHPVP is underpinned by the Health Belief Model and Precaution Adoption Process Model. Multicomponent interventions will be offered, including education sessions with small group dialogues with a registered nurse and trained healthcare and lay volunteers, and educational computer games. A team of volunteers will be established to raise HPV, cervical cancer, and HPV vaccine awareness. Outcomes include adolescents' uptake of the HPV vaccine, adolescents' intention to receive HPV vaccination, vaccine acceptance among parents/guardians, and parents'/guardians' and adolescents' HPV knowledge, attitudes, and beliefs. Data will be collected at baseline, 1 month, and 1 year after intervention. The generalized estimating equations analysis will be used for comparing the outcomes between the 2 groups. ETHICS AND DISSEMINATION: Ethical approval was obtained from the Joint Chinese University of Hong Kong-New Territories East Cluster Clinical Research Ethics Committee (Ref. no.: 2019.055). We will disseminate the study findings via peer-reviewed publications and presentations at relevant events and international and local conferences. TRIAL REGISTRATION NUMBER: ClinicalTrials.gov NCT04438291.",10.1097/MD.0000000000022072,32925744,,exclude,,exclude,"P1: School-based HPV vaccination program for adolescents, not nursing education.","AI-R1: School-based HPV vaccination program for adolescents, not nursing education."
WochnaLoerzelV202032830802,article,"Wochna Loerzel, V and Clochesy, JM and Geddie, PI",2020,Using Serious Games to Increase Prevention and Self-Management of Chemotherapy-Induced Nausea and Vomiting in Older Adults With Cancer.,Oncology nursing forum,"OBJECTIVES: To examine the frequency and types of preventive and self-management behaviors reported by participants, as well as report acceptability and usability data for the electronic Symptom Self-Management Training-Chemotherapy-Induced Nausea and Vomiting (CINV) serious game. SAMPLE &AMP; SETTING: 80 adults who were aged 60 years or older and newly diagnosed with cancer were recruited from a community cancer center. METHODS &AMP; VARIABLES: Participants were randomized to an intervention or control group. A symptom management checklist was used to record preventive and self-management behaviors used after each chemotherapy treatment at home. Acceptability and usability were assessed using a brief survey. RESULTS: The intervention group reported using more preventive behaviors, and the control group reported using more self-management behaviors. Antiemetics were the most common strategy used, followed by dietary strategies. Participants rated all aspects of the serious game highly for usability and acceptability. IMPLICATIONS FOR NURSING: Oncology providers can help older adults plan for self-managing treatment-related side effects at home. Recording self-management behaviors may reinforce the importance of active prevention and management of CINV.",10.1188/20.ONF.567-576,32830802,chemotherapy-induced nausea and vomiting; older adults; self-management; serious game,exclude,,exclude,"P1: Serious game for self-management in older cancer patients, not nursing education.","AI-R1: Serious game for self-management in older cancer patients, not nursing education."
VermeirJF202032773374,article,"Vermeir, JF and White, MJ and Johnson, D and Crombez, G and Van Ryckeghem, DML",2020,The Effects of Gamification on Computerized Cognitive Training: Systematic Review and Meta-Analysis.,JMIR serious games,"BACKGROUND: There has been a growing interest in the application of gamification (ie, the use of game elements) to computerized cognitive training. The introduction of targeted gamification features to such tasks may increase motivation and engagement as well as improve intervention effects. However, it is possible that game elements can also have adverse effects on cognitive training (eg, be a distraction), which can outweigh their potential motivational benefits. So far, little is known about the effectiveness of such applications. OBJECTIVE: This study aims to conduct a systematic review and meta-analysis to investigate the effect of gamification on process outcomes (eg, motivation) and on changes in the training domain (eg, cognition), as well as to explore the role of potential moderators. METHODS: We searched PsycINFO, Cumulative Index to Nursing and Allied Health Literature, ProQuest Psychology, Web of Science, Scopus, PubMed, Science Direct, Excerpta Medica dataBASE, Institute of Electrical and Electronics Engineers Xplore, Association for Computing Machinery, and a range of gray-area literature databases. The searches included papers published between 2008 and 2018. Meta-analyses were performed using a random-effects model. RESULTS: The systematic review identified 49 studies, of which 9 randomized controlled trials were included in the meta-analysis. The results of the review indicated that research in this context is still developing and lacks well-controlled empirical studies. Gamification in cognitive training is applied to a large range of age groups and audiences and is mostly delivered at a research site through computers. Rewards and feedback continue to dominate the gamification landscape, whereas social-oriented features (eg, competition) are underused. The meta-analyses showed that gamified training tasks were more motivating/engaging (Hedges g=0.72) and more demanding/difficult (Hedges g=-0.52) than non- or less-gamified tasks, whereas no effects on the training domain were found. Furthermore, no variables moderated the impact of gamified training tasks. However, meta-analytic findings were limited due to a small number of studies. CONCLUSIONS: Overall, this review provides an overview of the existing research in the domain and provides evidence for the effectiveness of gamification in improving motivation/engagement in the context of cognitive training. We discuss the shortcomings in the current literature and provide recommendations for future research.",10.2196/18644,32773374,cognition; gamification; health; meta-analysis; systematic review,exclude,,exclude,"S1: Systematic review and meta-analysis of gamification on cognitive training, not a primary RCT.","AI-R1: Systematic review and meta-analysis of gamification on cognitive training, not a primary RCT."
JeonMJ202132401683,article,"Jeon, MJ and Jeon, HS and Yi, CH and Kwon, OY and You, SH and Park, JH",2021,Block and Random Practice: A Wii Fit Dynamic Balance Training in Older Adults.,Research quarterly for exercise and sport,"<b>Purpose</b>: To compare the effectiveness of blocked and random practice schedules of balance training in dynamic balance abilities of older adults using Wii Fit balance game tasks. <b>Method</b>: Forty-one participants who were not receiving hospice care or living in a nursing home participated. Three Wii Fit balance tasks (tasks A, B, and C) were selected for training, and one task (task D) was selected as the transfer test among the nine tasks in the Wii Fit balance game software. Scores for tasks A and D were evaluated. Completion times for tasks B and C were evaluated. Moved distance for the functional reach test (FRT), completion time for the timed up and go test (TUG), and performance score for the Tinetti performance-oriented mobility assessment (POMA) were also tested as clinical balance assessment outcomes. <b>Results</b>: The training significantly improved the performance outcomes of clinical balance assessments and task D. There were no significant group × time interaction effects and no significant main effects by group during the acquisition and retention periods of tasks A, B, and C. However, significant main effects by time were observed for tasks A, B, and C. <b>Conclusions</b>: When dynamic balance training such as the Wii Fit balance system is administered to older adults in a clinical setting, either a block or a random practice schedule can be effectively used to improve the dynamic balance skills. Wii Fit-based balance training is clinically effective for improving the dynamic balance ability.",10.1080/02701367.2020.1733456,32401683,Contextual interference; Wii Fit; dynamic balance; practice schedule,exclude,,exclude,"P1: Wii Fit balance training in older adults, not nursing education.","AI-R1: Wii Fit balance training in older adults, not nursing education."
ZhouH202032178231,article,"Zhou, H and Al-Ali, F and Kang, GE and Hamad, AI and Ibrahim, RA and Talal, TK and Najafi, B",2020,Application of Wearables to Facilitate Virtually Supervised Intradialytic Exercise for Reducing Depression Symptoms.,"Sensors (Basel, Switzerland)","Regular exercise can reduce depression. However, the uptake of exercise is limited in patients with end-stage renal disease undergoing hemodialysis. To address the gap, we designed a gamified non-weight-bearing intradialytic exercise program (exergame). The intradialytic exergame is virtually supervised based on its interactive feedback via wearable sensors attached on lower extremities. We examined the effectiveness of this program to reduce depression symptoms compared to nurse-supervised intradialytic exercise in 73 hemodialysis patients (age = 64.5 ± 8.7years, BMI = 31.6 ± 7.6kg/m<sup>2</sup>). Participants were randomized into an exergame group (EG) or a supervised exercise group (SG). Both groups received similar exercise tasks for 4 weeks, with three 30 min sessions per week, during hemodialysis treatment. Depression symptoms were assessed at baseline and the fourth week using the Center for Epidemiologic Studies Depression Scale. Both groups showed a significant reduction in depression score (37%, <i>p</i> < 0.001, Cohen's effect size <i>d</i> = 0.69 in EG vs. 41%, <i>p</i> < 0.001, <i>d</i> = 0.65 in SG) with no between-group difference for the observed effect (<i>p</i> > 0.050). The EG expressed a positive intradialytic exercise experience including fun, safety, and helpfulness of sensor feedback. Together, results suggested that the virtually supervised low-intensity intradialytic exergame is feasible during routine hemodialysis treatment. It also appears to be as effective as nurse-supervised intradialytic exercise to reduce depression symptoms, while reducing the burden of administrating exercise on dialysis clinics.",10.3390/s20061571,32178231,depression; digital health; end-stage renal disease; exergame; hemodialysis; intradialytic exercise; sensor; virtual reality; wearable,exclude,,exclude,"P1: Exergame for hemodialysis patients' depression, not nursing education.","AI-R1: Exergame for hemodialysis patients' depression, not nursing education."
BlaniA202032075641,article,"Blanié, A and Amorim, MA and Benhamou, D",2020,Comparative value of a simulation by gaming and a traditional teaching method to improve clinical reasoning skills necessary to detect patient deterioration: a randomized study in nursing students.,BMC medical education,"BACKGROUND: Early detection and response to patient deterioration influence patient prognosis. Nursing education is therefore essential. The objective of this randomized controlled trial was to compare the respective educational value of simulation by gaming (SG) and a traditional teaching (TT) method to improve clinical reasoning (CR) skills necessary to detect patient deterioration. METHODS: In a prospective multicenter study, and after consent, 2nd year nursing students were randomized into two groups: Simulation by gaming ""SG"": the student played individually with a serious game consisting of 2 cases followed by a common debriefing with an instructor;Traditional Teaching ""TT"": the student worked on the same cases in text paper format followed by a traditional teaching course with a PowerPoint presentation by an instructor. CR skill was measured by script concordance tests (80 SCTs, score 0-100) immediately after the session (primary outcome) and on month later. Other outcomes included students' satisfaction, motivation and professional impact. RESULTS: One hundred forty-six students were randomized. Immediately after training, the SCTs scores were 59 ± 9 in SG group (n = 73) and 58 ± 8 in TT group (n = 73) (p = 0.43). One month later, the SCTs scores were 59 ± 10 in SG group (n = 65) and 58 ± 8 in TT group (n = 54) (p = 0.77). Global satisfaction and motivation were highly valued in both groups although significantly greater in the SG group (p < 0.05). The students declared that the training course would have a positive professional impact, with no difference between groups. CONCLUSIONS: In this study assessing nursing student CR to detect patient deterioration, no significant educational difference (SCT), neither immediate nor 1 month later, was observed between training by SG and the TT course. However, satisfaction and motivation were found to be greater with the use of SG. TRIAL REGISTRATION: ClinicalTrials.gov; NCT03428269. Registered 30 january 2018.",10.1186/s12909-020-1939-6,32075641,Clinical reasoning; Deterioration; Motivation; Nursing students; Script concordance test; Serious games; Simulation,include,,include,,AI-R1: RCT comparing simulation-by-gaming (serious game) vs traditional teaching in nursing students with clinical reasoning outcomes.
PimentelJ202032027184,article,"Pimentel, J and Arias, A and Ramírez, D and Molina, A and Chomat, AM and Cockcroft, A and Andersson, N",2020,Game-Based Learning Interventions to Foster Cross-Cultural Care Training: A Scoping Review.,Games for health journal,"<b><i>Objective:</i></b> Differences in cultural background between health providers and patients can reduce effective access to health services in multicultural settings. Health sciences educators have recently suggested that game-based learning may be effective for cross-cultural care training. This scoping review maps published knowledge on educational games intended to foster cross-cultural care training and highlights the research gaps for future research. <b><i>Materials and Methods:</i></b> A scoping review searched PubMed, Eric, Embase, Lilacs, PsycINFO, and Google Scholar for theoretical and empirical research, using terms relevant to cross-cultural care and game-based learning. A participatory research framework engaged senior medical students and participatory research experts in conducting and evaluating the review. <b><i>Results:</i></b> Forty-one documents met the inclusion criteria, all from developed countries. The most common source of publication was nursing and medicine (39%; 16/41) and used the cultural competence approach (44%; 18/41). Around one-half of the publications (51%; 21/41) were theoretical and 39% (16/41) were empirical. Empirical studies most commonly used mixed methods (44%; 7/16), followed by strictly quantitative (31%; 5/16) or qualitative (25%; 4/16) approaches. There were no randomized controlled trials and only one study engaged end-users in the design. Empirical studies most frequently assessed role-play-related games (44%; 7/16) and used game evaluation-related outcomes or learning-related outcomes. None used patient-oriented outcomes. Findings suggest that educational games are an effective and engaging educational intervention for cross-cultural care training. <b><i>Conclusions:</i></b> The paucity of studies on educational games and cross-cultural care training precludes a systematic review. Future empirical studies should focus on randomized counterfactual designs and patient-related outcomes. We encourage involving end-users in developing content for educational games.",10.1089/g4h.2019.0078,32027184,Cross-cultural care; Medical education; Scoping review; Serious games,exclude,,exclude,"S1: Scoping review of game-based learning, not a primary RCT.","AI-R1: Scoping review of game-based learning, not a primary RCT."
GatesM202031969473,article,"Gates, M and Hartling, L and Shulhan-Kilroy, J and MacGregor, T and Guitard, S and Wingert, A and Featherstone, R and Vandermeer, B and Poonai, N and Kircher, J and Perry, S and Graham, TAD and Scott, SD and Ali, S",2020,Digital Technology Distraction for Acute Pain in Children: A Meta-analysis.,Pediatrics,"CONTEXT: Digital distraction is being integrated into pediatric pain care, but its efficacy is currently unknown. OBJECTIVE: To determine the effect of digital technology distraction on pain and distress in children experiencing acutely painful conditions or procedures. DATA SOURCES: Medline, Embase, Cochrane Library, Cumulative Index to Nursing and Allied Health Literature, PsycINFO, Institute of Electrical and Electronics Engineers Xplore, Ei Compendex, Web of Science, and gray literature sources. STUDY SELECTION: Quantitative studies of digital technology distraction for acutely painful conditions or procedures in children. DATA EXTRACTION: Performed by 1 reviewer with verification. Outcomes were child pain and distress. RESULTS: There were 106 studies (<i>n</i> = 7820) that reported on digital technology distractors (eg, virtual reality and video games) used during common procedures (eg, venipuncture, dental, and burn treatments). No studies reported on painful conditions. For painful procedures, digital distraction resulted in a modest but clinically important reduction in self-reported pain (standardized mean difference [SMD] -0.48; 95% confidence interval [CI] -0.66 to -0.29; 46 randomized controlled trials [RCTs]; <i>n</i> = 3200), observer-reported pain (SMD -0.68; 95% CI -0.91 to -0.45; 17 RCTs; <i>n</i> = 1199), behavioral pain (SMD -0.57; 95% CI -0.94 to -0.19; 19 RCTs; <i>n</i> = 1173), self-reported distress (SMD -0.49; 95% CI -0.70 to -0.27; 19 RCTs; <i>n</i> = 1818), observer-reported distress (SMD -0.47; 95% CI -0.77 to -0.17; 10 RCTs; <i>n</i> = 826), and behavioral distress (SMD -0.35; 95% CI -0.59 to -0.12; 17 RCTs; <i>n</i> = 1264) compared with usual care. LIMITATIONS: Few studies directly compared different distractors or provided subgroup data to inform applicability. CONCLUSIONS: Digital distraction provides modest pain and distress reduction for children undergoing painful procedures; its superiority over nondigital distractors is not established. Context, preferences, and availability should inform the choice of distractor.",10.1542/peds.2019-1139,31969473,,exclude,,exclude,"S1: Meta-analysis of digital distraction for pediatric pain, not a primary RCT or nursing education.","AI-R1: Meta-analysis of digital distraction for pediatric pain, not a primary RCT or nursing education."
SandozV201931892657,article,"Sandoz, V and Deforges, C and Stuijfzand, S and Epiney, M and Vial, Y and Sekarski, N and Messerli-Bürgy, N and Ehlert, U and Bickle-Graz, M and Morisod Harari, M and Porcheret, K and Schechter, DS and Ayers, S and Holmes, EA and Horsch, A",2019,Improving mental health and physiological stress responses in mothers following traumatic childbirth and in their infants: study protocol for the Swiss TrAumatic biRth Trial (START).,BMJ open,"INTRODUCTION: Emergency caesarean section (ECS) qualifies as a psychological trauma, which may result in postnatal post-traumatic stress disorder (PTSD). Maternal PTSD may not only have a significant negative impact on mother-infant interactions, but also on long-term infant development. The partner's mental health may also affect infant development. Evidence-based early interventions to prevent the development of postpartum PTSD in mothers are lacking. Immediately after a traumatic event, memory formation is vulnerable to interference. There is accumulating evidence that a brief behavioural intervention including a visuospatial task may result in a reduction in intrusive memories of the trauma. METHODS AND ANALYSIS: This study protocol describes a double-blind multicentre randomised controlled phase III trial testing an early brief maternal intervention including the computer game 'Tetris' on intrusive memories of the ECS trauma (≤1 week) and PTSD symptoms (6 weeks, primary outcome) of 144 women following an ECS. The intervention group will carry out a brief behavioural procedure including playing Tetris. The attention-placebo control group will complete a brief written activity log. Both simple cognitive tasks will be completed within the first 6 hours following traumatic childbirth. The intervention is delivered by midwives/nurses in the maternity unit.The primary outcome will be differences in the presence and severity of maternal PTSD symptoms between the intervention and the attention-placebo control group at 6 weeks post partum. Secondary outcomes will be physiological stress and psychological vulnerability, mother-infant interaction and infant developmental outcomes. Other outcomes will be psychological vulnerability and physiological regulation of the partner and their bonding with the infant, as well as the number of intrusive memories of the event. ETHICS AND DISSEMINATION: Ethical approval was granted by the Human Research Ethics Committee of the Canton de Vaud (study number 2017-02142). Dissemination of results will occur via national and international conferences, in peer-reviewed journals, public conferences and social media. TRIAL REGISTRATION NUMBER: NCT03576586.",10.1136/bmjopen-2019-032469,31892657,HRV; PTSD; cortisol; early intervention; infant development; maternal mental health,exclude,,exclude,"P1: Tetris intervention for maternal PTSD, not nursing education.","AI-R1: Tetris intervention for maternal PTSD, not nursing education."
GarcaViolaA201931794039,article,"García-Viola, A and Garrido-Molina, JM and Márquez-Hernández, VV and Granados-Gámez, G and Aguilera-Manrique, G and Gutiérrez-Puertas, L",2019,The Influence of Gamification on Decision Making in Nursing Students.,The Journal of nursing education,"BACKGROUND: Gamification provides nursing students with a setting in which they can practice clinical reasoning and decision making in a realistic and secure way. The purpose of this study was to determine the influence of gamification on decision making in nursing students. METHOD: A quasi-experimental study was performed with a control group and an experimental group. A convenience sample was used to select the participants. A total of 191 nursing students participated. Participants were randomly assigned to one of the groups. RESULTS: On comparing the control group and experimental group, statistically significant differences were found in the following patterns: vigilance, buck passing, and procrastination. CONCLUSION: Using gamification as part of nursing education increases satisfaction, creative thinking, and control, among other aspects, with little to no negative effects throughout the experience, which has a significant impact on decision making. [J Nurs Educ. 2019;58(12):718-722.].",10.3928/01484834-20191120-07,31794039,,include,,include,,AI-R1: Gamification vs control in nursing students with decision-making outcomes; participants randomly assigned.
DwairejDA202031576651,article,"Dwairej, DA and Obeidat, HM and Aloweidi, AS",2020,Video game distraction and anesthesia mask practice reduces children's preoperative anxiety: A randomized clinical trial.,Journal for specialists in pediatric nursing : JSPN,"PURPOSE: The study aims to evaluate the effectiveness of combined video game distraction and anesthesia mask exposure and shaping intervention as compared to conventional preoperative preparation on the preoperative anxiety, anesthesia induction compliance and emergence delirium of children undergoing day-case surgery. DESIGN AND METHODS: The CONSORT guidelines were followed in the current study; a randomized clinical trial, two groups, pre posttest, between subjects design with 1:1 allocation ratio was employed. Children (5-11 years of age; N = 128) admitted for day case surgery were invited to participate in the study. Sixty-four children were assigned to the intervention group receiving combined videogame distraction and anesthesia mask exposure and shaping intervention, and 64 children were assigned to the control group. RESULTS: The results showed that children in the intervention group reported statistically significant lower anxiety scores than the children in the control group at three preoperative points of time: postintervention t = 4.48, p < .001, at the time of transfer to the operation room t = 10.18; p < .001 and during anesthesia induction t = 7.76; p < .001. In addition, compared with the children in the control group, fewer children in the intervention group demonstrated poor anesthesia induction compliance χ<sup>2</sup>  = 3.91; p = .04. The results, however, did not reveal statistically significant differences in children's emergence delirium scores. PRACTICE IMPLICATION: Combined video game distraction and anesthesia mask exposure and shaping are simple, safe, and time-effective intervention that the nurses can implement at the day of surgery to mitigate children anxiety and to enhance their anesthesia induction compliance.",10.1111/jspn.12272,31576651,anesthesia induction compliance; anesthesia mask exposure and shaping; children; combined intervention; emergence delirium; preoperative anxiety; randomized clinical trial; video game distraction,exclude,,exclude,"P1: Video game distraction for children's preoperative anxiety, not nursing education.","AI-R1: Video game distraction for children's preoperative anxiety, not nursing education."
TutiT201931350837,article,"Tuti, T and Winters, N and Muinga, N and Wanyama, C and English, M and Paton, C",2019,Evaluation of Adaptive Feedback in a Smartphone-Based Serious Game on Health Care Providers' Knowledge Gain in Neonatal Emergency Care: Protocol for a Randomized Controlled Trial.,JMIR research protocols,"BACKGROUND: Although smartphone-based clinical training to support emergency care training is more affordable than traditional avenues of training, it is still in its infancy and remains poorly implemented. In addition, its current implementations tend to be invariant to the evolving learning needs of the intended users. In resource-limited settings, the use of such platforms coupled with serious-gaming approaches remain largely unexplored and underdeveloped, even though they offer promise in terms of addressing the health workforce skill imbalance and lack of training opportunities associated with the high neonatal mortality rates in these settings. OBJECTIVE: This randomized controlled study aims to assess the effectiveness of offering adaptive versus standard feedback through a smartphone-based serious game on health care providers' knowledge gain on the management of a neonatal medical emergency. METHODS: The study is aimed at health care workers (physicians, nurses, and clinical officers) who provide bedside neonatal care in low-income settings. We will use data captured through an Android smartphone-based serious-game app that will be downloaded to personal phones belonging to the study participants. The intervention will be adaptive feedback provided within the app. The data captured will include the level of feedback provided to participants as they learn to use the mobile app, and performance data from attempts made during the assessment questions on interactive tasks participants perform as they progress through the app on emergency neonatal care delivery. The primary endpoint will be the first two complete rounds of learning within the app, from which the individuals' ""learning gains"" and Morris G intervention effect size will be computed. To minimize bias, participants will be assigned to an experimental or a control group by a within-app random generator, and this process will be concealed to both the study participants and the investigators until the primary endpoint is reached. RESULTS: This project was funded in November 2016. It has been approved by the Central University Research Ethics Committee of the University of Oxford and the Scientific and Ethics Review Unit of the Kenya Medical Research Institute. Recruitment and data collection began from February 2019 and will continue up to July 31, 2019. As of July 18, 2019, we enrolled 541 participants, of whom 238 reached the primary endpoint, with a further 19 qualitative interviews conducted to support evaluation. Full analysis will be conducted once we reach the end of the study recruitment period. CONCLUSIONS: This study will be used to explore the effectiveness of adaptive feedback in a smartphone-based serious game on health care providers in a low-income setting. This aspect of medical education is a largely unexplored topic in this context. In this randomized experiment, the risk of performance bias across arms is moderate, given that the active ingredient of the intervention (ie, knowledge) is a latent trait that is difficult to comprehensively control for in a real-world setting. However, the influence of any resulting bias that has the ability to alter the results will be assessed using alternative methods such as qualitative interviews. TRIAL REGISTRATION: Pan African Clinical Trials Registry PACTR201901783811130; https://pactr.samrc.ac.za/TrialDisplay. aspx?TrialID=5836. INTERNATIONAL REGISTERED REPORT IDENTIFIER (IRRID): PRR1-10.2196/13034.",10.2196/13034,31350837,developing countries; education; emergency medical services; feedback; global health; health workforce; neonatal mortality; smartphone,maybe,,maybe,,"AI-R1: RCT protocol of serious game on health care providers (incl. nurses) knowledge in neonatal care; mixed population, prefer MAYBE."
NasiriM201931129530,article,"Nasiri, M and Amirmohseni, L and Mofidi, A and Pires Padilha Paim, C and Bigdeli Shamloo, MB and Asadi, M",2019,Educational games developed for students in perioperative nursing: A systematic review and appraisal of the evidence.,Nurse education in practice,"A systematic review was conducted on electronic databases of MEDLINE/PubMed, Scopus, ISI Web of Science, CINAHL, and Embase until December 2017, using relevant keywords for educational games developed for nursing students in perioperative field. To evaluate the level of strength and quality of the evidence, the Association of periOperative Registered Nurses (AORN) revised model for evidence appraisal was used. Of the 852 evidence, only 10 met the criteria and were reviewed and appraised. Educational games had focused on different learning domains, including skills, feelings, emotion, knowledge, performance, attitude, motivation, and interest. With respect to the evidence level, most evidence was categorized as V (expert opinion = 2, case report = 2, literature review = 1, and organizational experiences = 1), and only one was in level I (randomized controlled trial). The quality level of most evidence was high (n = 4) and low (n = 4), and the rating of most of them was moderate (n = 4) and limited (n = 4). Based on the findings, most evidence had inappropriate quality and was found to be weak. It seems that the investigated games are insufficient to promote the nursing students' learning outcomes in different domains. Accordingly, more high-quality studies are required to design and develop innovative and practical games for students in perioperative nursing by considering validity and reliability process.",10.1016/j.nepr.2019.05.002,31129530,Educational technology; Nursing education research; Perioperative nursing; Play and playthings; Simulation training; Students; Systematic review,exclude,,exclude,"S1: Systematic review of educational games in perioperative nursing, not a primary RCT.","AI-R1: Systematic review of educational games in perioperative nursing, not a primary RCT."
BayramSB201931102793,article,"Bayram, SB and Caliskan, N",2019,Effect of a game-based virtual reality phone application on tracheostomy care education for nursing students: A randomized controlled trial.,Nurse education today,"BACKGROUND: A game-based virtual reality phone application is used as a simulation to teach psychomotor skills in nursing education. OBJECTIVE: This study aims at determining the effect of a game-based virtual reality phone application on tracheostomy care education for nursing students. DESIGN: Single-blind randomized controlled trial conducted from March-April 2017. SETTING: Department of Nursing, Faculty of Health Sciences, Central Anatolia of Turkey. PARTICIPANTS: A total of 86 first-year nursing students registered in Fundamentals of Nursing-II were included in this study. The students were divided at random into two groups, control (n = 43) and experimental (n = 43). METHOD: The data were collected with an informative features form, a tracheostomy care knowledge test and skill checklists, and a performance assessment form. The control group commenced the study first so that the students did not affect each other. After the students completed the theoretical class, laboratory class, and small group study, they had their knowledge test and skills evaluation. The application featured tracheostomy care and was designed in support of formal education. It was uploaded to the mobile phones of the experimental group at a different phase of the study from the control group. After the experimental group made use of this application for seven days, their last knowledge test and skills evaluation were conducted. RESULTS: The results of this study determined that the suctioning a tracheostomy tube and peristomal skin care average final test scores of the students in the experiment group were higher than the average scores of the students in the control group; this was statistically significant (p = 0.017, p = 0.003). CONCLUSION: The game-based virtual reality phone application was effective in teaching the skill of suctioning a tracheostomy tube for nursing students in the short term, and it is recommended that this application be used in psychomotor skill training.",10.1016/j.nedt.2019.05.010,31102793,Nursing education; Nursing student; Phone application; Tracheostomy care; Virtual reality,include,,include,,AI-R1: RCT of game-based VR app for tracheostomy care education in nursing students with knowledge/skill outcomes.
BuijsSpanjersKR201930964340,article,"Buijs-Spanjers, KR and Hegge, HHM and Cnossen, F and Hoogendoorn, E and Jaarsma, DADC and de Rooij, SE",2019,Dark Play of Serious Games: Effectiveness and Features (G4HE2018).,Games for health journal,"<b><i>Objective:</i></b> Choosing inappropriate or unethical actions in games is referred to as dark play. For a serious game on delirium for medical students, we aimed to investigate the potential differences between dark play and normal play on game effectiveness regarding abilities in advising care, learning motivation and engagement, and attitude toward delirious patients. Furthermore, we aimed to explore the use of different game features between the two types of play on empathy, self-efficacy, and consequences of care. <b><i>Methods:</i></b> We performed a two-arm randomized controlled trial including an exploratory qualitative approach with 157 medical students, who played the serious game ""The Delirium Experience."" Participants were randomly allocated to either the dark play or normal play group. Participants had to give three recommendations for taking care of delirious patients, and complete both the Delirium Attitude Scale, and Learning Motivation and Engagement Questionnaire to study game effectiveness. To explore game features, open questions were asked. <b><i>Results:</i></b> We did not find difference between the two types of play in game effectiveness. <b>""</b>Patient's and nurse's perspective"" seem to be an important game feature for being able to empathize with a patient in both groups. To support self-efficacy, ""practice how to care"" and ""feedback in the game"" were important in both study groups. ""Being able to see the importance of good interaction with the patient"" was reported important for self-efficacy in the dark play group, whereas this was ""seeing the consequences of care"" in the normal play group. <b><i>Conclusions:</i></b> There seems to be no change to game effectiveness when providing players the opportunity to use dark play in a serious game. A realistic view of another person's perspective could be an important game feature to increase empathy.",10.1089/g4h.2018.0126,30964340,Dark play; Game effectiveness; Game features; Medical students,exclude,,exclude,"P1: Serious game RCT with medical students only, not nursing education.","AI-R1: Serious game RCT with medical students only, not nursing education."
GentrySV201930920375,article,"Gentry, SV and Gauthier, A and L'Estrade Ehrstrom, B and Wortley, D and Lilienthal, A and Tudor Car, L and Dauwels-Okutsu, S and Nikolaou, CK and Zary, N and Campbell, J and Car, J",2019,Serious Gaming and Gamification Education in Health Professions: Systematic Review.,Journal of medical Internet research,"BACKGROUND: There is a worldwide shortage of health workers, and this issue requires innovative education solutions. Serious gaming and gamification education have the potential to provide a quality, cost-effective, novel approach that is flexible, portable, and enjoyable and allow interaction with tutors and peers. OBJECTIVE: The aim of this systematic review was to evaluate the effectiveness of serious gaming/gamification for health professions education compared with traditional learning, other types of digital education, or other serious gaming/gamification interventions in terms of patient outcomes, knowledge, skills, professional attitudes, and satisfaction (primary outcomes) as well as economic outcomes of education and adverse events (secondary outcomes). METHODS: A comprehensive search of MEDLINE, EMBASE, Web of Knowledge, Educational Resources Information Centre, Cochrane Central Register of Controlled Trials, PsycINFO, and Cumulative Index to Nursing and Allied Health Literature was conducted from 1990 to August 2017. Randomized controlled trials (RCTs) and cluster RCTs were eligible for inclusion. Two reviewers independently searched, screened, and assessed the study quality and extracted data. A meta-analysis was not deemed appropriate due to the heterogeneity of populations, interventions, comparisons, and outcomes. Therefore, a narrative synthesis is presented. RESULTS: A total of 27 RCTs and 3 cluster RCTs with 3634 participants were included. Two studies evaluated gamification interventions, and the remaining evaluated serious gaming interventions. One study reported a small statistically significant difference between serious gaming and digital education of primary care physicians in the time to control blood pressure in a subgroup of their patients already taking antihypertensive medications. There was evidence of a moderate-to-large magnitude of effect from five studies evaluating individually delivered interventions for objectively measured knowledge compared with traditional learning. There was also evidence of a small-to-large magnitude of effect from 10 studies for improved skills compared with traditional learning. Two and four studies suggested equivalence between interventions and controls for knowledge and skills, respectively. Evidence suggested that serious gaming was at least as effective as other digital education modalities for these outcomes. There was insufficient evidence to conclude whether one type of serious gaming/gamification intervention is more effective than any other. There was limited evidence for the effects of serious gaming/gamification on professional attitudes. Serious gaming/gamification may improve satisfaction, but the evidence was limited. Evidence was of low or very low quality for all outcomes. Quality of evidence was downgraded due to the imprecision, inconsistency, and limitations of the study. CONCLUSIONS: Serious gaming/gamification appears to be at least as effective as controls, and in many studies, more effective for improving knowledge, skills, and satisfaction. However, the available evidence is mostly of low quality and calls for further rigorous, theory-driven research.",10.2196/12994,30920375,"education, professional; review; video games",exclude,,exclude,"S1: Systematic review of serious gaming/gamification in health professions, not a primary RCT.","AI-R1: Systematic review of serious gaming/gamification in health professions, not a primary RCT."
GarcaMartnezE201930791879,article,"García-Martínez, E and Soler-González, J and Rubí-Carnacea, F and García-Martínez, B and Climent-Sanz, C and Blanco-Blanco, J and Valenzuela-Pascual, F",2019,The influence of an educational internet-based intervention in the beliefs and attitudes of primary care professionals on non-specific chronic low back pain: study protocol of a mixed methods approach.,BMC family practice,"BACKGROUND: Personal convictions in referral to pain cause misbeliefs in health professionals, which can influence patients who suffer from non-specific chronic low back pain. Likewise, health professionals' beliefs affect their advice and attitudes towards patients' treatment, becoming a possible cause of greater disability. The development of educational interventions based on the best scientific evidence in neurophysiology of pain could be a way to provide information and advice to primary care health professionals to change their cognition towards chronic non-specific low back pain. The use of Information and Communication Technologies allows the development of web sites, which might be one of the effective resources to modify misbeliefs and attitudes, in relation to the origin and meaning of non-specific chronic low back pain, of primary care professionals and that may modify their attitudes in patients' treatment. METHODS: The aim of this project is to identify misbeliefs and attitudes of primary care physicians and nurses about chronic non-specific low back pain to develop a web-based educational tool using different educational formats and gamification techniques. This study has a mixed-method sequential exploratory design. The participants are medical and nursing staff working in primary care centers in the city of Lleida, Spain. For the qualitative phase of this study, the authors will use personal semi-structured interviews. For the quantitative phase the authors will use an experimental study design. Subjects will be randomly allocated using a simple random sample technique. The intervention group will have access to the web site where they will find information related to non-specific chronic low back pain, based on the information obtained in the qualitative phase. The control group will have access to a video explaining the clinical practice guidelines on low back pain. DISCUSSION: This study has been designed to explore and modify the beliefs and attitudes about chronic low back pain of physicians and nurses working in primary care settings, using a web-based educational tool with different educational formats and gamification techniques. The aim of the educational intervention is to change their knowledge about the origin and meaning of pain, with the result of reducing their misbeliefs and attitudes of fear avoidance. TRIAL REGISTRATION: ClinicalTrials.gov Identifier: NCT02962817 . Date of registration: 11/09/2016.",10.1186/s12875-019-0919-6,30791879,Chronic pain; Education professional; Educational technology; Gamification; Health personnel; Low Back pain; Pain neurophysiology; Primary health care,exclude,,exclude,"P1: Web-based intervention for primary care professionals' beliefs on low back pain, not nursing education with game-based teaching.","AI-R1: Web-based intervention for primary care professionals' beliefs on low back pain, not nursing education with game-based teaching."
CheeEJM201930649974,article,"Chee, EJM and Prabhakaran, L and Neo, LP and Carpio, GAC and Tan, AJQ and Lee, CCS and Liaw, SY",2019,Play and Learn with Patients-Designing and Evaluating a Serious Game to Enhance Nurses' Inhaler Teaching Techniques: A Randomized Controlled Trial.,Games for health journal,"<b><i>Objective:</i></b> To describe the development and evaluation of a nurse-patient interactive serious game in improving nurses' self-efficacy and performances in teaching the correct inhaler technique. <b><i>Materials and Methods</i></b>: The technology, pedagogy, and content knowledge (TPACK) framework was applied to guide the development of the serious game. The learning effectiveness of the serious game was evaluated through a randomized controlled trial that involved 46 registered nurses. Participants in the experimental group were asked to teach the inhaler technique to a standardized patient using the serious game as a teaching tool, whereas participants in the control group were asked to provide their own usual teaching to a standardized patient without the serious game. The performances of both groups were assessed based on their feedback to a standardized patient who made several errors while demonstrating the inhaler technique. Self-efficacy levels of teaching the inhaler technique were examined before and after the intervention. <b><i>Results:</i></b> A significantly higher number of participants from the experimental group obtained perfect performance scores than those in the control group (65.21% vs. 21.74%, <i>χ</i><sup>2</sup> <sup>=</sup> 15.18, <i>P</i> < 0.01). The posttest self-efficacy mean scores for the experimental group improved significantly (<i>P</i> < 0.001) after the intervention, and significantly higher (<i>P</i> < 0.05) compared to the posttest mean scores of the control group. <b><i>Conclusion:</i></b> The study provided evidence on the effectiveness of a serious game in improving the self-efficacy and immediate postintervention performances of nurses teaching the inhaler technique. This game provides a practical and accessible learning tool to help nurses ensure effective patient education.",10.1089/g4h.2018.0073,30649974,Inhaler technique; Nursing education; Patient education; Serious games,include,,include,,AI-R1: RCT of serious game vs usual teaching to improve registered nurses' inhaler teaching self-efficacy and performance.
InanG201930362982,article,"Inan, G and Inal, S",2019,The Impact of 3 Different Distraction Techniques on the Pain and Anxiety Levels of Children During Venipuncture: A Clinical Trial.,The Clinical journal of pain,"OBJECTIVES: Invasive procedures are important causes of pain and anxiety during hospitalization. This study aimed to evaluate the effect of 3 different distraction methods on the pain and anxiety levels of children during venipuncture. METHODS: This was a randomized controlled trial conducted with 180 children of 6 to 10 years of age; data were collected in the months of August to November 2016. Participants were randomized in 4 groups; the children in group 1 watched cartoon movies (CM), the children in group 2 played video games (VG), the children in group 3 were distracted by their parents' verbal interactions (PI), whereas no distraction method was used on the children in group 4 (control group). The levels of anxiety and pain perception were evaluated independently based on the feedback from the children, the nurse observer, and the parents. The Children Fear Scale was used to evaluate anxiety levels and the Wong-Baker Pain Scale was used to evaluate the pain levels of the children. RESULT: The difference between the groups based on both the anxiety levels and pain scores during venipuncture was statistically significant (P<0.05). The lowest level of anxiety and pain perception was reported in the VG group. The scores observed both in the CM group and the PI group were significantly lower than in the control group (P<0.05). DISCUSSION: The distraction techniques of playing VG, watching CM, and PI appear to be effective in reducing anxiety and pain perception in children during the procedure of venipuncture. The most effective method was playing VG.",10.1097/AJP.0000000000000666,30362982,,exclude,,exclude,"P1: Video game distraction for children during venipuncture, not nursing education.","AI-R1: Video game distraction for children during venipuncture, not nursing education."
DiasJD201830183872,article,"Dias, JD and Domingues, AN and Tibes, CM and Zem-Mascarenhas, SH and Fonseca, LMM",2018,Serious games as an educational strategy to control childhood obesity: a systematic literature review1.,Revista latino-americana de enfermagem,"OBJECTIVES: to identify in the literature the efficacy of serious games to improve knowledge for and/or behavioral changes among overweight or obese children. METHOD: Systematic Literature Review. The Cochrane Systematic Reviews Handbook was used. The studies were collected from the following databases: Public Medline; Web Of Science; Science Direct; Latin American and Caribbean Health Sciences Literature; and the Health Game Research and Cumulative Index to Nursing & Allied Health Literature. The descriptors were video games and obesity, while the key word was serious games. Inclusion criteria were: studies classified as Randomized Clinical Trials written in English, Spanish or Portuguese and in which children were the subjects of the study. RESULTS: 2,722 studies were identified in the initial search and six studies remained in the final sample. The papers focused on encouraging behavioral changes in players, including physical exercise and improved eating habits. The studies report that serious games are a potential strategy to encourage positive coping with childhood obesity. CONCLUSION: research in this field is an expanding and promising strategy and serious games represent an alternative means to provide health education to children.",10.1590/1518-8345.2509.3036,30183872,,exclude,,exclude,"S1: Systematic review of serious games for childhood obesity, not a primary RCT or nursing education.","AI-R1: Systematic review of serious games for childhood obesity, not a primary RCT or nursing education."
BoothR201829807885,article,"Booth, R and Sinclair, B and McMurray, J and Strudwick, G and Watson, G and Ladak, H and Zwarenstein, M and McBride, S and Chan, R and Brennan, L",2018,Evaluating a Serious Gaming Electronic Medication Administration Record System Among Nursing Students: Protocol for a Pragmatic Randomized Controlled Trial.,JMIR research protocols,"BACKGROUND: Although electronic medication administration record systems have been implemented in settings where nurses work, nursing students commonly lack robust learning opportunities to practice the skills and workflow of digitalized medication administration during their formative education. As a result, nursing students' performance in administering medication facilitated by technology is often poor. Serious gaming has been recommended as a possible intervention to improve nursing students' performance with electronic medication administration in nursing education. OBJECTIVE: The objectives of this study are to examine whether the use of a gamified electronic medication administration simulator (1) improves nursing students' attention to medication administration safety within simulated practice, (2) increases student self-efficacy and knowledge of the medication administration process, and (3) improves motivational and cognitive processing attributes related to student learning in a technology-enabled environment. METHODS: This study comprised the development of a gamified electronic medication administration record simulator and its evaluation in 2 phases. Phase 1 consists of a prospective, pragmatic randomized controlled trial with second-year baccalaureate nursing students at a Canadian university. Phase 2 consists of qualitative focus group interviews with a cross-section of nursing student participants. RESULTS: The gamified medication administration simulator has been developed, and data collection is currently under way. CONCLUSIONS: If the gamified electronic medication administration simulator is found to be effective, it could be used to support other health professional simulated education and scaled more widely in nursing education programs. TRIAL REGISTRATION: ClinicalTrials.gov NCT03219151; https://clinicaltrials.gov/show/NCT03219151 (Archived by WebCite at http://www.webcitation.org/6yjBROoDt). REGISTERED REPORT IDENTIFIER: RR1-10.2196/9601.",10.2196/resprot.9601,29807885,high fidelity simulation training; medication errors; nursing education; video games,maybe,,maybe,,"AI-R1: Protocol for RCT of gamified medication administration simulator in nursing students; protocol with randomization, prefer MAYBE."
IizukaA201829345144,article,"Iizuka, A and Suzuki, H and Ogawa, S and Kobayashi-Cuya, KE and Kobayashi, M and Takebayashi, T and Fujiwara, Y",2018,Pilot Randomized Controlled Trial of the GO Game Intervention on Cognitive Function.,American journal of Alzheimer's disease and other dementias,"This study investigated the effects of an intervention using the game ""GO"" on cognitive function in nursing home residents and evaluated the acquisition of GO according to each stage of dementia. Participants were randomly assigned to either the GO intervention group or a control group, and the intervention was performed once weekly for 15 weeks. Cognitive tests were conducted before and after intervention, and 17 participants were included in the final analysis. Analysis of covariance demonstrated that in the intervention group, the digit span total score significantly improved and the digit span backward score was maintained, whereas these scores decreased in the control group. All participants, including those who had moderate dementia, acquired the rules of the game, and participants with mild cognitive impairment and mild dementia could play the game successfully. This study indicates that GO might improve the cognitive function of residents living in nursing homes.",10.1177/1533317517753362,29345144,board game; cognitive function; cognitive leisure activity; dementia; intervention study; nursing home,exclude,,exclude,"P1: GO game intervention on cognitive function in nursing home residents, not nursing education.","AI-R1: GO game intervention on cognitive function in nursing home residents, not nursing education."
AdamsonMA201829117424,article,"Adamson, MA and Chen, H and Kackley, R and Micheal, A",2018,For the Love of the Game: Game- Versus Lecture-Based Learning With Generation Z Patients.,Journal of psychosocial nursing and mental health services,"The current study evaluated adolescent patients' enjoyment of and knowledge gained from game-based learning compared with an interactive lecture format on the topic of mood disorders. It was hypothesized that game-based learning would be statistically more effective than a lecture in knowledge acquisition and satisfaction scores. A pre-post design was implemented in which a convenience sample of 160 adolescent patients were randomized to either a lecture (n = 80) or game-based (n = 80) group. Both groups completed a pretest/posttest and satisfaction survey. Results showed that both groups had significant improvement in knowledge from pretest compared to posttest. Game-based learning was statistically more effective than the interactive lecture in knowledge achievement and satisfaction scores. This finding supports the contention that game-based learning is an active technique that may be used with patient education. [Journal of Psychosocial Nursing and Mental Health Services, 56(2), 29-36.].",10.3928/02793695-20171027-03,29117424,,exclude,,exclude,"P1: Game- vs lecture-based learning with adolescent patients, not nursing education.","AI-R1: Game- vs lecture-based learning with adolescent patients, not nursing education."
JansenCP201828958082,article,"Jansen, CP and Diegelmann, M and Schilling, OK and Werner, C and Schnabel, EL and Wahl, HW and Hauer, K",2018,Pushing the Boundaries: A Physical Activity Intervention Extends Sensor-Assessed Life-Space in Nursing Home Residents.,The Gerontologist,"BACKGROUND AND OBJECTIVES: To determine whether a multicomponent, individually tailored intervention to promote physical activity (PA) enhances life-space (LS) utilization in nursing home (NH) residents and whether intervention effects can be sustained at follow-up after continuation of the program as part of institutional daily routines. RESEARCH DESIGN AND METHODS: Pre-post-assessed controlled trial in two highly similar NHs with a 3month follow-up in 143 NH residents (intervention group: n = 78; control group: n = 65) and LS as primary outcome. The PA promoting intervention consisted of several components (group sessions; individual exercise; serious games training; competence training for staff) tailored to residents' individual functional capacity. LS was innovatively assessed via an indoor wireless sensor network including three assessment-specific LS parameters: overall LS score (LSSc), time spent away from the private room (TAFR), and the maximally distal zone from private room visited (MaxZ). To exploit the available intervention-control comparative data in the best way possible, a generalized linear mixed model approach was applied. RESULTS: At post-test, intervention participants had a significantly higher overall LSSc, spent more TAFR, and had extended their MaxZ as compared to controls. At follow-up, a significant group difference remained for MaxZ. DISCUSSION AND IMPLICATIONS: A PA intervention in the NH setting impacts on LS utilization as measured using sensor-based assessment. The program has proven its practical sustainability when being handed over to NH personnel for continuation in daily practice. Further research is needed to determine whether an increase in LS utilization also impacts on social participation and quality of life.",10.1093/geront/gnx136,28958082,,exclude,,exclude,"P1: Physical activity/serious games intervention in nursing home residents, not nursing education.","AI-R1: Physical activity/serious games intervention in nursing home residents, not nursing education."
BermejoMartinsE201828746738,article,"Bermejo-Martins, E and López-Dicastillo, O and Mujika, A",2018,An exploratory trial of a health education programme to promote healthy lifestyles through social and emotional competence in young children: Study protocol.,Journal of advanced nursing,"AIM: To implement and evaluate a health education programme based on the development of social and emotional competence in young children. BACKGROUND: Children's social and emotional skills play a key role in the adoption and maintenance of their lifestyles. Currently, a more comprehensive perspective dealing with these aspects is needed to promote healthy habits in children and develop effective health education programmes. DESIGN: An exploratory randomized controlled trial. METHODS: A convenience sample of 30 children (5 and 6 years old) will be recruited from a public school in Spain, with 15 participants in the experimental group and 15 in the control group. Participants in the experimental group will receive the first unit of the programme, consisting of developing emotional knowledge skills around daily health habits (eating, hygiene, sleep and physical exercise) using different game-based dynamics and an emotional diary, while those in the control group will continue with their usual school routine. Outcome measures include emotional knowledge ability, basic social skills and children's health profile. The perceived impact of the intervention by parents, acceptability (by parents and children) and feasibility of the programme will be also assessed. Data will be collected at baseline, postintervention and at 7-month follow-up. DISCUSSION: This study offers an innovative intervention aimed at improving children's healthy lifestyles from a holistic perspective by addressing social and emotional competence as one of the most influential aspects of children's development. This exploratory trial is an essential step to explore crucial aspects of the full-scale clinical trial.",10.1111/jan.13402,28746738,children; emotional education; exploratory trial; health education; healthy lifestyles; nursing; positive mental health; programme; school nurse; socio-emotional competence,exclude,,exclude,"P1: Health education program for young children, not nursing education.","AI-R1: Health education program for young children, not nursing education."
DelBlanco201728521249,article,"Del Blanco, Á and Torrente, J and Fernández-Manjón, B and Ruiz, P and Giner, M",2017,Using a videogame to facilitate nursing and medical students' first visit to the operating theatre. A randomized controlled trial.,Nurse education today,"BACKGROUND: First experiences in the operating theatre with real patients are always stressful and intimidating for students. We hypothesized that a game-like simulation could improve perceptions and performance of novices. METHODS: A videogame was developed, combining pictures and short videos, by which students are interactively instructed on acting at the surgical block. Moreover, the game includes detailed descriptive information. After playing, students are given feedback on their performance. A randomized controlled trial was conducted with 132 nursing and medical students with no previous experience in surgery. Sixty two (47.0%) were allocated to a control group (CG) and 70 (53.0%) to an experimental group (EG). Subjects in EG played the game the day prior to their first experience in the theatre; CG had no access to the application. On the day after their experience at surgery, all students filled in a questionnaire in a 7-point Likert format collecting subjective data about their experience in the surgical block. Four constructs related to students' feelings, emotions and attitudes were measured through self-reported subjective scales, i.e. C1: fear to make mistakes, C2: perceived knowledge on how to behave, C3: perceived errors committed, and C4: attitude/behaviour towards patients and staff. The main research question was formulated as follows: do students show differences in constructs C1-C4 by exposure to the game? RESULTS: EG reported statistically significant higher scores on the four aspects measured than CG (p<0.05; Mann-Whitney U tests; Cohen's d standardized effect size d1=0.30; d2=1.05; d3=0.39; d4=0.49). CONCLUSIONS: Results show clear evidence that the exposure to the game-like simulation had a significant positive effect on all the constructs. After their first visit to the theatre, students in EG showed less fear (C1) and also perceived to have committed fewer errors (C3), while they showed higher perceived knowledge (C2) and a more collaborative attitude (C4).",10.1016/j.nedt.2017.04.026,28521249,Medical education; Novices; Nursing education; Operating theatre; Simulation; Stress; Surgery; Videogames,maybe,,maybe,,"AI-R1: RCT of videogame vs no access in nursing and medical students; mixed population and outcomes are subjective perceptions, prefer MAYBE."
TanAJQ201728521248,article,"Tan, AJQ and Lee, CCS and Lin, PY and Cooper, S and Lau, LST and Chua, WL and Liaw, SY",2017,Designing and evaluating the effectiveness of a serious game for safe administration of blood transfusion: A randomized controlled trial.,Nurse education today,"BACKGROUND: Preparing nursing students for the knowledge and skills required for the administration and monitoring of blood components is crucial for entry into clinical practice. Serious games create opportunities to develop this competency, which can be used as a self-directed learning strategy to complement existing didactic learning and simulation-based strategies. AIM: To describe the development and evaluation of a serious game to improve nursing students' knowledge, confidence, and performance in blood transfusion. METHOD: An experiential gaming model was applied to guide the design of the serious game environment. A clustered, randomized controlled trial was conducted with 103 second-year undergraduate nursing students who were randomized into control or experimental groups. After a baseline evaluation of the participants' knowledge and confidence on blood transfusion procedure, the experimental group undertook a blood transfusion serious game and completed a questionnaire to evaluate their learning experience. All participants' clinical performances were evaluated in a simulated environment. RESULTS: The post-test knowledge and confidence mean scores of the experimental group improved significantly (p<0.001) after the serious game intervention compared to pre-test mean scores and to post-test mean scores of the control group (p<0.001). However, no significance difference (p=0.11) was found between the experimental and control groups on the post-test performance mean scores. The participants evaluated the serious game positively. CONCLUSION: The study provided evidence on the effectiveness of a serious game in improving the knowledge and confidence of nursing students on blood transfusion practice. The features of this serious game could be further developed to incorporate additional scenarios with repetitive exercises and feedback to enhance the impact on clinical performance. Given the flexibility, practicality, and scalability of such a game, they can serve as a promising approach to optimize learning when blended with high-fidelity simulation.",10.1016/j.nedt.2017.04.027,28521248,Blood transfusion; Nursing education; Patient safety; Serious game; Simulation,include,,include,,"AI-R1: Cluster RCT of serious game vs didactic learning in nursing students with knowledge, confidence, performance outcomes."
BatemanRM201627885969,article,"Bateman, RM and Sharpe, MD and Jagger, JE and Ellis, CG and Solé-Violán, J and López-Rodríguez, M and Herrera-Ramos, E and Ruíz-Hernández, J and Borderías, L and Horcajada, J and González-Quevedo, N and Rajas, O and Briones, M and Rodríguez de Castro, F and Rodríguez Gallego, C and Esen, F and Orhun, G and Ergin Ozcan, P and Senturk, E and Ugur Yilmaz, C and Orhan, N and Arican, N and Kaya, M and Kucukerden, M and Giris, M and Akcan, U and Bilgic Gazioglu, S and Tuzun, E and Riff, R and Naamani, O and Douvdevani, A and Takegawa, R and Yoshida, H and Hirose, T and Yamamoto, N and Hagiya, H and Ojima, M and Akeda, Y and Tasaki, O and Tomono, K and Shimazu, T and Ono, S and Kubo, T and Suda, S and Ueno, T and Ikeda, T and Hirose, T and Ogura, H and Takahashi, H and Ojima, M and Kang, J and Nakamura, Y and Kojima, T and Shimazu, T and Ikeda, T and Suda, S and Izutani, Y and Ueno, T and Ono, S and Taniguchi, T and O, M and Dinter, C and Lotz, J and Eilers, B and Wissmann, C and Lott, R and Meili, MM and Schuetz, PS and Hawa, H and Sharshir, M and Aburageila, M and Salahuddin, N and Chantziara, V and Georgiou, S and Tsimogianni, A and Alexandropoulos, P and Vassi, A and Lagiou, F and Valta, M and Micha, G and Chinou, E and Michaloudis, G and Kodaira, A and Ikeda, T and Ono, S and Ueno, T and Suda, S and Izutani, Y and Imaizumi, H and De la Torre-Prados, MV and Garcia-De la Torre, A and Enguix-Armada, A and Puerto-Morlan, A and Perez-Valero, V and Garcia-Alcantara, A and Bolton, N and Dudziak, J and Bonney, S and Tridente, A and Nee, P and Nicolaes, G and Wiewel, M and Schultz, M and Wildhagen, K and Horn, J and Schrijver, R and Van der Poll, T and Reutelingsperger, C and Pillai, S and Davies, G and Mills, G and Aubrey, R and Morris, K and Williams, P and Evans, P and Gayat, EG and Struck, J and Cariou, A and Deye, N and Guidet, B and Jabert, S and Launay, J and Legrand, M and Léone, M and Resche-Rigon, M and Vicaut, E and Vieillard-Baron, A and Mebazaa, A and Arnold, R and Capan, M and Linder, A and Akesson, P and Popescu, M and Tomescu, D and Sprung, CL and Calderon Morales, R and Munteanu, G and Orenbuch-Harroch, E and Levin, P and Kasdan, H and Reiter, A and Volker, T and Himmel, Y and Cohen, Y and Meissonnier, J and Girard, L and Rebeaud, F and Herrmann, I and Delwarde, B and Peronnet, E and Cerrato, E and Venet, F and Lepape, A and Rimmelé, T and Monneret, G and Textoris, J and Beloborodova, N and Moroz, V and Osipov, A and Bedova, A and Sarshor, Y and Pautova, A and Sergeev, A and Chernevskaya, E and Odermatt, J and Bolliger, R and Hersberger, L and Ottiger, M and Christ-Crain, M and Mueller, B and Schuetz, P and Sharma, NK and Tashima, AK and Brunialti, MK and Machado, FR and Assuncao, M and Rigato, O and Salomao, R and Cajander, SC and Rasmussen, G and Tina, E and Söderquist, B and Källman, J and Strålin, K and Lange, AL and Sundén-Cullberg, JS and Magnuson, AM and Hultgren, OH and Davies, G and Pillai, S and Mills, G and Aubrey, R and Morris, K and Williams, P and Evans, P and Pillai, S and Davies, G and Mills, G and Aubrey, R and Morris, K and Williams, P and Evans, P and Pillai, S and Davies, G and Mills, G and Aubrey, R and Morris, K and Williams, P and Evans, P and Van der Geest, P and Mohseni, M and Linssen, J and De Jonge, R and Duran, S and Groeneveld, J and Miller, R and Lopansri, BK and McHugh, LC and Seldon, A and Burke, JP and Johnston, J and Reece-Anthony, R and Bond, A and Molokhia, A and Mcgrath, C and Nsutebu, E and Bank Pedersen, P and Pilsgaard Henriksen, D and Mikkelsen, S and Touborg Lassen, A and Tincu, R and Cobilinschi, C and Tomescu, D and Ghiorghiu, Z and Macovei, R and Wiewel, MA and Harmon, MB and Van Vught, LA and Scicluna, BP and Hoogendijk, AJ and Horn, J and Zwinderman, AH and Cremer, OL and Bonten, MJ and Schultz, MJ and Van der Poll, T and Juffermans, NP and Wiersinga, WJ and Eren, G and Tekdos, Y and Dogan, M and Acicbe, O and Kaya, E and Hergunsel, O and Alsolamy, S and Ghamdi, G and Alswaidan, L and Alharbi, S and Alenezi, F and Arabi, Y and Heaton, J and Boyce, A and Nolan, L and Johnston, J and Dukoff-Gordon, A and Dean, A and Molokhia, A and Mann Ben Yehudah, T and Fleischmann, C and Thomas-Rueddel, D and Haas, C and Dennler, U and Reinhart, K and Suntornlohanakul, O and Khwannimit, B and Breckenridge, F and Puxty, A and Szturz, P and Folwarzcny, P and Svancara, J and Kula, R and Sevcik, P and Caneva, L and Casazza, A and Bellazzi, E and Marra, S and Pagani, L and Vetere, M and Vanzino, R and Ciprandi, D and Preda, R and Boschi, R and Carnevale, L and Lopez, V and Aguilar Arzapalo, M and Barradas, L and Escalante, A and Gongora, J and Cetina, M and Adamik, B and Jakubczyk, D and Kübler, A and Radford, A and Lee, T and Singer, J and Boyd, J and Fineberg, D and Williams, M and Russell, J and Scarlatescu, E and Tomescu, D and Droc, G and Arama, S and Müller, M and Straat, M and Zeerleder, SS and Juffermans, NP and Fuchs, CF and Scheer, CS and Wauschkuhn, SW and Vollmer, MV and Meissner, KM and Kuhn, SK and Hahnenkamp, KH and Rehberg, SR and Gründling, MG and Yamamoto, N and Ojima, M and Hamaguchi, S and Hirose, T and Akeda, Y and Takegawa, R and Tasaki, O and Shimazu, T and Tomono, K and Gómez-Sánchez, E and Heredia-Rodríguez, M and Álvarez-Fuente, E and Lorenzo-López, M and Gómez-Pesquera, E and Aragón-Camino, M and Liu-Zhu, P and Sánchez-López, A and Hernández-Lozano, A and Peláez-Jareño, MT and Tamayo, E and Thomas-Rüddel, DO and Fleischmann, C and Haas, C and Dennler, U and Reinhart, K and Adora, V and Kar, A and Chakraborty, A and Roy, S and Bandyopadhyay, A and Das, M and Mann Ben Yehudah, T and BenYehudah, G and Salim, M and Kumar, N and Arabi, L and Burger, T and Lephart, P and Toth-martin, E and Valencia, C and Hammami, N and Blot, S and Vincent, JL and Lambert, ML and Brunke, J and Riemann, T and Roschke, I and Tincu, R and Cobilinschi, C and Tomescu, D and Ghiorghiu, Z and Macovei, R and Nimitvilai, S and Jintanapramote, K and Jarupongprapa, S and Adukauskiene, D and Valanciene, D and Bose, G and Lostarakos, V and Carr, B and Khedher, S and Maaoui, A and Ezzamouri, A and Salem, M and Chen, J and Cranendonk, DR and Van Vught, LA and Wiewel, MA and Cremer, OL and Horn, J and Bonten, MJ and Schultz, MJ and Van der Poll, T and Wiersinga, WJ and Day, M and Penrice, G and Roy, K and Robertson, P and Godbole, G and Jones, B and Booth, M and Donaldson, L and Kawano, Y and Ishikura, H and Al-Dorzi, H and Almutairi, M and Alhamadi, B and Crizaldo Toledo, A and Khan, R and Al Raiy, B and Arabi, Y and Talaie, H and Van Oers, JA and Harts, A and Nieuwkoop, E and Vos, P and Boussarsar, Y and Boutouta, F and Kamoun, S and Mezghani, I and Koubaji, S and Ben Souissi, A and Riahi, A and Mebazaa, MS and Giamarellos-Bourboulis, E and Tziolos, N and Routsi, C and Katsenos, C and Tsangaris, I and Pneumatikos, I and Vlachogiannis, G and Theodorou, V and Prekates, A and Antypa, E and Koulouras, V and Kapravelos, N and Gogos, C and Antoniadou, E and Mandragos, K and Armaganidis, A and Robles Caballero, AR and Civantos, B and Figueira, JC and López, J and Silva-Pinto, A and Ceia, F and Sarmento, A and Santos, L and Almekhlafi, G and Sakr, Y and Al-Dorzi, H and Khan, R and Baharoon, S and Aldawood, A and Matroud, A and Alchin, J and Al Johani, S and Balkhy, H and Arabi, Y and Alsolamy, S and Yousif, SY and Alotabi, BO and Alsaawi, AS and Ang, J and Curran, MD and Enoch, D and Navapurkar, V and Morris, A and Sharvill, R and Astin, J and Heredia-Rodríguez, M and Gómez-Sánchez, E and Peláez-Jareño, MT and Gómez-Pesquera, E and Lorenzo-López, M and Liu-Zhu, P and Aragón-Camino, M and Hernández-Lozano, A and Sánchez-López, A and Álvarez-Fuente, E and Tamayo, E and Patel, J and Kruger, C and O’Neal, J and Rhodes, H and Jancik, J and François, B and Laterre, PF and Eggimann, P and Torres, A and Sánchez, M and Dequin, PF and Bassi, GL and Chastre, J and Jafri, HS and Ben Romdhane, M and Douira, Z and Kamoun, S and Bousselmi, M and Ben Souissi, A and Boussarsar, Y and Riahi, A and Mebazaa, MS and Vakalos, A and Avramidis, V and Craven, TH and Wojcik, G and Kefala, K and McCoubrey, J and Reilly, J and Paterson, R and Inverarity, D and Laurenson, I and Walsh, TS and Mongodi, S and Bouhemad, B and Orlando, A and Stella, A and Via, G and Iotti, G and Braschi, A and Mojoli, F and Haliloglu, M and Bilgili, B and Kasapoglu, U and Sayan, I and Süzer Aslan, M and Yalcın, A and Cinel, I and Vakalos, A and Avramidis, V and Ellis, HE and Bauchmuller, K and Miller, D and Temple, A and Chastre, J and François, B and Torres, A and Luyt, CE and Sánchez, M and Singer, M and Jafri, HS and Nassar, Y and Ayad, MS and Trifi, A and Abdellatif, S and Daly, F and Nasri, R and Ben Lakhal, S and Bilgili, B and Haliloglu, M and Gul, F and Cinel, I and Kuzovlev, A and Shabanov, A and Polovnikov, S and Moroz, V and Kadrichu, N and Dang, T and Corkery, K and Challoner, P and Bassi, GL and Aguilera, E and Chiurazzi, C and Travierso, C and Motos, A and Fernandez, L and Amaro, R and Senussi, T and Idone, F and Bobi, J and Rigol, M and Torres, A and Hodiamont, CJ and Juffermans, NP and Janssen, JM and Bouman, CS and Mathôt, RA and De Jong, MD and Van Hest, RM and Payne, L and Fraser, GL and Tudor, B and Lahner, M and Roth, G and Krenn, C and Talaie, H and Jault, P and Gabard, J and Leclerc, T and Jennes, S and Que, Y and Rousseau, A and Ravat, F and Al-Dorzi, H and Eissa, A and Al-Harbi, S and Aldabbagh, T and Khan, R and Arabi, Y and Trifi, A and Abdellatif., S and Daly, F and Nasri, R and Ben Lakhal, S and Paramba, F and Purayil, N and Naushad, V and Mohammad, O and Negi, V and Chandra, P and Kleinsasser, A and Witrz, MR and Buchner-Doeven, JF and Tuip-de Boer, AM and Goslings, JC and Juffermans, NP and Van Hezel, M and Straat, M and Boing, A and Van Bruggen, R and Juffermans, N and Markopoulou, D and Venetsanou, K and Kaldis, V and Koutete, D and Chroni, D and Alamanos, I and Koch, L and Jancik, J and Rhodes, H and Walter, E and Maekawa, K and Hayakawa, M and Kushimoto, S and Shiraishi, A and Kato, H and Sasaki, J and Ogura, H and Matauoka, T and Uejima, T and Morimura, N and Ishikura, H and Hagiwara, A and Takeda, M and Tarabrin, O and Shcherbakow, S and Gavrychenko, D and Mazurenko, G and Ivanova, V and Chystikov, O and Plourde, C and Lessard, J and Chauny, J and Daoust, R and Shcherbakow, S and Tarabrin, O and Gavrychenko, D and Mazurenko, G and Chystikov, O and Vakalos, A and Avramidis, V and Kropman, L and In het Panhuis, L and Konings, J and Huskens, D and Schurgers, E and Roest, M and De Laat, B and Lance, M and Durila, M and Lukas, P and Astraverkhava, M and Jonas, J and Budnik, I and Shenkman, B and Hayami, H and Koide, Y and Goto, T and Iqbal, R and Alhamdi, Y and Venugopal, N and Abrams, S and Downey, C and Toh, CH and Welters, ID and Bombay, VB and Chauny, JM and Daoust, RD and Lessard, JL and Marquis, MM and Paquet, JP and Siemens, K and Sangaran, D and Hunt, BJ and Durward, A and Nyman, A and Murdoch, IA and Tibby, SM and Ampatzidou, F and Moisidou, D and Dalampini, E and Nastou, M and Vasilarou, E and Kalaizi, V and Chatzikostenoglou, H and Drossos, G and Spadaro, S and Fogagnolo, A and Fiore, T and Schiavi, A and Fontana, V and Taccone, F and Volta, C and Chochliourou, E and Volakli, E and Violaki, A and Samkinidou, E and Evlavis, G and Panagiotidou, V and Sdougka, M and Mothukuri, R and Battle, C and Guy, K and Mills, G and Evans, P and Wijesuriya, J and Keogh, S and Docherty, A and O’Donnell, R and Brunskill, S and Trivella, M and Doree, C and Holst, L and Parker, M and Gregersen, M and Almeida, J and Walsh, T and Stanworth, S and Moravcova, S and Mansell, J and Rogers, A and Smith, RA and Hamilton-Davies, C and Omar, A and Allam, M and Bilala, O and Kindawi, A and Ewila, H and Ampatzidou, F and Moisidou, D and Nastou, M and Dalampini, E and Malamas, A and Vasilarou, E and Drossos, G and Ferreira, G and Caldas, J and Fukushima, J and Osawa, EA and Arita, E and Camara, L and Zeferino, S and Jardim, J and Gaioto, F and Dallan, L and Jatene, FB and Kalil Filho, R and Galas, F and Hajjar, LA and Mitaka, C and Ohnuma, T and Murayama, T and Kunimoto, F and Nagashima, M and Takei, T and Tomita, M and Omar, A and Mahmoud, K and Hanoura, S and Sudarsanan, S and Sivadasan, P and Othamn, H and Shouman, Y and Singh, R and Al Khulaifi, A and Mandel, I and Mikheev, S and Suhodolo, I and Kiselev, V and Svirko, Y and Podoksenov, Y and Jenkins, SA and Griffin, R and Tovar Doncel, MS and Lima, A and Aldecoa, C and Ince, C and Taha, A and Shafie, A and Mostafa, M and Syed, N and Hon, H and Righetti, F and Colombaroli, E and Castellano, G and Righetti, F and Colombaroli, E and Hravnak, M and Chen, LC and Dubrawski, AD and Clermont, GC and Pinsky, MR and Gonzalez, S and Macias, D and Acosta, J and Jimenez, P and Loza, A and Lesmes, A and Lucena, F and Leon, C and Tovar Doncel, MS and Ince, C and Aldecoa, C and Lima, A and Bastide, M and Richecoeur, J and Frenoy, E and Lemaire, C and Sauneuf, B and Tamion, F and Nseir, S and Du Cheyron, D and Dupont, H and Maizel, J and Shaban, M and Kolko, R and Salahuddin, N and Sharshir, M and AbuRageila, M and AlHussain, A and Mercado, P and Maizel, J and Kontar, L and Titeca, D and Brazier, F and Riviere, A and Joris, M and Soupison, T and De Cagny, B and Slama, M and Wagner, J and Körner, A and Kubik, M and Kluge, S and Reuter, D and Saugel, B and Colombaroli, E and Righetti, F and Castellano, G and Tran, T and De Bels, D and Cudia, A and Strachinaru, M and Ghottignies, P and Devriendt, J and Pierrakos, C and Martínez González, Ó and Blancas, R and Luján, J and Ballesteros, D and Martínez Díaz, C and Núñez, A and Martín Parra, C and López Matamala, B and Alonso Fernández, M and Chana, M and Huber, W and Eckmann, M and Elkmann, F and Gruber, A and Klein, I and Schmid, RM and Lahmer, T and Moller, PW and Sondergaard, S and Jakob, SM and Takala, J and Berger, D and Bastoni, D and Aya, H and Toscani, L and Pigozzi, L and Rhodes, A and Cecconi, M and Ostrowska, C and Aya, H and Abbas, A and Mellinghoff, J and Ryan, C and Dawson, D and Rhodes, A and Cecconi, M and Cronhjort, M and Wall, O and Nyberg, E and Zeng, R and Svensen, C and Mårtensson, J and Joelsson-Alm, E and Aguilar Arzapalo, M and Barradas, L and Lopez, V and Cetina, M and Parenti, N and Palazzi, C and Amidei, LA and Borrelli, FB and Campanale, SC and Tagliazucchi, FT and Sedoni, GS and Lucchesi, DL and Carella, EC and Luciani, AL and Mackovic, M and Maric, N and Bakula, M and Aya, H and Rhodes, A and Grounds, RM and Fletcher, N and Cecconi, M and Avard, B and Zhang, P and Mezidi, M and Charbit, J and Ould-Chikh, M and Deras, P and Maury, C and Martinez, O and Capdevila, X and Hou, P and Linde-Zwirble, WZ and Douglas, ID and Shapiro, NS and Ben Souissi, A and Mezghani, I and Ben Aicha, Y and Kamoun, S and Laribi, B and Jeribi, B and Riahi, A and Mebazaa, MS and Pereira, C and Marinho, R and Antunes, R and Marinho, A and Crivits, M and Raes, M and Decruyenaere, J and Hoste, E and Bagin, V and Rudnov, V and Savitsky, A and Astafyeva, M and Korobko, I and Vein, V and Kampmeier, T and Arnemann, P and Hessler, M and Wald, A and Bockbreder, K and Morelli, A and Van Aken, H and Rehberg, S and Ertmer, C and Arnemann, P and Hessler, M and Kampmeier, T and Rehberg, S and Van Aken, H and Ince, C and Ertmer, C and Reddy, S and Bailey, M and Beasley, R and Bellomo, R and Mackle, D and Psirides, A and Young, P and Reddy, S and Bailey, M and Beasley, R and Bellomo, R and Mackle, D and Young, P and Venkatesh, H and Ramachandran, S and Basu, A and Nair, H and Egan, S and Bates, J and Oliveira, S and Rangel Neto, NR and Reis, FQ and Lee, CP and Lin, XL and Choong, C and Eu, KM and Sim, WY and Tee, KS and Pau, J and Abisheganaden, J and Maas, K and De Geus, H and Lafuente, E and Marinho, R and Moura, J and Antunes, R and Marinho, A and Doris, TE and Monkhouse, D and Shipley, T and Kardasz, S and Gonzalez, I and Stads, S and Groeneveld, AJ and Elsayed, I and Ward, N and Tridente, A and Raithatha, A and Steuber, A and Pelletier, C and Schroeder, S and Michael, E and Slowinski, T and Kindgen-Milles, D and Ghabina, S and Turani, F and Belli, A and Busatti, S and Barettin, G and Candidi, F and Gargano, F and Barchetta, R and Falco, M and Demirkiran, O and Kosuk, M and Bozbay, S and Weber, V and Hartmann, J and Harm, S and Linsberger, I and Eichhorn, T and Valicek, G and Miestinger, G and Hoermann, C and Faenza, S and Ricci, D and Mancini, E and Gemelli, C and Cuoghi, A and Magnani, S and Atti, M and Laddomada, T and Doronzio, A and Balicco, B and Gruda, MC and O’Sullivan, P and Dan, VP and Guliashvili, T and Scheirer, A and Golobish, TD and Capponi, VJ and Chan, PP and Kogelmann, K and Drüner, M and Jarczak, D and Turani, F and Belli, AB and Martni, SM and Cotticelli, VC and Mounajergi, F and Barchetta, R and Morimoto, S and Ishikura, H and Hussain, I and Salahuddin, N and Nadeem, A and Ghorab, K and Maghrabi, K and Kloesel, SK and Goldfuss, C and Stieglitz, A and Stieglitz, AS and Krstevska, L and Albuszies, G and Aguilar Arzapalo, M and Barradas, L and Lopez, V and Escalante, A and Jimmy, G and Cetina, M and Izawa, J and Iwami, T and Uchino, S and Takinami, M and Kitamura, T and Kawamura, T and Powell-Tuck, JG and Crichton, S and Raimundo, M and Camporota, L and Wyncoll, D and Ostermann, M and Hana, A and De Geus, HR and De Geus, HR and Hana, A and Aydogdu, M and Boyaci, N and Yuksel, S and Gursel, G and Cayci Sivri, AB and Meza-Márquez, J and Nava-López, J and Carrillo-Esper, R and Dardashti, A and Grubb, A and Maizel, J and Wetzstein, M and Titeca, D and Kontar, L and Brazier, F and De Cagny, B and Riviere, A and Soupison, T and Joris, M and Slama, M and Peters, E and Njimi, H and Pickkers, P and Vincent, JL and Waraich, M and Doyle, J and Samuels, T and Forni, L and Desai, N and Baumber, R and Gunning, P and Sell, A and Lin, S and Torrence, H and O’Dwyer, M and Kirwan, C and Prowle, J and Kim, T and O’Connor, ME and Hewson, RW and Kirwan, CJ and Pearse, RM and Prowle, J and Hanoura, S and Omar, A and Othamn, H and Sudarsanan, S and Allam, M and Maksoud, M and Singh, R and Al Khulaifi, A and O’Connor, ME and Hewson, RW and Kirwan, CJ and Pearse, RM and Prowle, J and Uzundere, O and Memis, D and Ýnal, M and Gultekin, A and Turan, N and Aydin, MA and Basar, H and Sencan, I and Kapuagasi, A and Ozturk, M and Uzundurukan, Z and Gokmen, D and Ozcan, A and Kaymak, C and Artemenko, VA and Budnyuk, A and Pugh, R and Bhandari, S and Mauri, T and Turrini, C and Langer, T and Taccone, P and Volta, CA and Marenghi, C and Gattinoni, L and Pesenti, A and Sweeney, L and O’Sullivan, A and Kelly, P and Mukeria, E and MacLoughlin, R and Pfeffer, M and Thomas, JT and Bregman, GB and Karp, GK and Kishinevsky, EK and Stavi, DS and Adi, NA and Poropat, T and Knafelj, R and Llopart, E and Batlle, M and De Haro, C and Mesquida, J and Artigas, A and Pavlovic, D and Lewerentz, L and Spassov, A and Schneider, R and De Smet, S and De Raedt, S and Derom, E and Depuydt, P and Oeyen, S and Benoit, D and Decruyenaere, J and Gobatto, A and Besen, B and Tierno, P and Melro, L and Mendes, P and Cadamuro, F and Park, M and Malbouisson, LM and Civantos, BC and Lopez, JL and Robles, A and Figueira, J and Yus, S and Garcia, A and Oglinda, A and Ciobanu, G and Oglinda, C and Schirca, L and Sertinean, T and Lupu, V and Kelly, P and O’Sullivan, A and Sweeney, L and MacLoughlin, R and O’Sullivan, A and Kelly, P and Sweeney, L and Mukeria, E and Wolny, M and MacLoughlin, R and Pagano, A and Numis, F and Visone, G and Saldamarco, L and Russo, T and Porta, G and Paladino, F and Bell, C and Liu, J and Debacker, J and Lee, C and Tamberg, E and Campbell, V and Mehta, S and Silva-Pinto, A and Sarmento, A and Santos, L and Kara, Ý and Yýldýrým, F and Zerman, A and Güllü, Z and Boyacý, N and Basarýk Aydogan, B and Gaygýsýz, Ü and Gönderen, K and Arýk, G and Turkoglu, M and Aydogdu, M and Aygencel, G and Ülger, Z and Gursel, G and Boyacý, N and Isýkdogan, Z and Özdedeoglu, Ö and Güllü, Z and Badoglu, M and Gaygýsýz, U and Aydogdu, M and Gursel, G and Kongpolprom, N and Sittipunt, C and Eden, A and Kokhanovsky, Y and Bursztein – De Myttenaere, S and Pizov, R and Neilans, L and MacIntyre, N and Radosevich, M and Wanta, B and Weber, V and Meyer, T and Smischney, N and Brown, D and Diedrich, D and Fuller, A and McLindon, P and Sim, K and Shoaeir, M and Noeam, K and Mahrous, A and Matsa, R and Ali, A and Dridi, C and Koubaji, S and Kamoun, S and Haddad, F and Ben Souissi, A and Laribi, B and Riahi, A and Mebazaa, MS and Pérez-Calatayud, A and Carrillo-Esper, R and Zepeda-Mendoza, A and Diaz-Carrillo, M and Arch-Tirado, E and Carbognin, S and Pelacani, L and Zannoni, F and Agnoli, A and Gagliardi, G and Cho, R and Adams, A and Lunos, S and Ambur, S and Shapiro, R and Prekker, M and Thijssen, M and Janssen, L and Foudraine, N and Voscopoulos, CJ and Freeman, J and Voscopoulos, CJ and Freeman, J and George, E and Voscopoulos, CJ and Eversole, D and Freeman, J and George, E and Muttini, S and Bigi, R and Villani, G and Patroniti, N and Williams, G and Voscopoulos, CJ and Freeman, J and George, E and Waldmann, A and Böhm, S and Windisch, W and Strassmann, S and Karagiannidis, C and Waldmann, A and Böhm, S and Windisch, W and Strassmann, S and Karagiannidis, C and Karagiannidis, CK and Waldmann, AW and Böhm, SB and Strassmann, S and Windisch, WW and Persson, P and Lundin, S and Stenqvist, O and Porta, G and Numis, F and Serra, CS and Pagano, AP and Masarone, MM and Rinaldi, LR and Amelia, AA and Fascione, MF and Adinolfi, LA and Ruggiero, ER and Asota, F and O’Rourke, K and Ranjan, S and Morgan, P and DeBacker, JW and Tamberg, E and O’Neill, L and Munshi, L and Burry, L and Fan, E and Mehta, S and Poo, S and Mahendran, K and Fowles, J and Gerrard, C and Vuylsteke, A and Loveridge, R and Chaddock, C and Patel, S and Kakar, V and Willars, C and Hurst, T and Park, C and Best, T and Vercueil, A and Auzinger, G and Borgman, A and Proudfoot, AG and Grins, E and Emiley, KE and Schuitema, J and Fitch, SJ and Marco, G and Sturgill, J and Dickinson, MG and Strueber, M and Khaghani, A and Wilton, P and Jovinge, SM and Sampson, C and Harris-Fox, S and Cove, ME and Vu, LH and Sen, A and Federspiel, WJ and Kellum, JA and Mazo Torre, C and Riera, J and Ramirez, S and Borgatta, B and Lagunes, L and Rello, J and Kuzovlev, AK and Moroz, V and Goloubev, A and Polovnikov, S and Nenchuk, S and Karavana, V and Glynos, C and Asimakos, A and Pappas, K and Vrettou, C and Magkou, M and Ischaki, E and Stathopoulos, G and Zakynthinos, S and Spadaro, S and Kozhevnikova, I and Dalla Corte, F and Grasso, S and Casolari, P and Caramori, G and Volta, C and Andrianjafiarinoa, T and Randriamandrato, T and Rajaonera, T and El-Dash, S and Costa, ELV and Tucci, MR and Leleu, F and Kontar, L and De Cagny, B and Brazier, F and Titeca, D and Bacari-Risal, G and Maizel, J and Amato, M and Slama, M and Mercado, P and Maizel, J and Kontar, L and Titeca, D and Brazier, F and Riviere, A and Joris, M and Soupison, T and De Cagny, B and El Dash, S and Slama, M and Remmington and Fischer, A and Squire, S and Boichat, M and Honzawa, H and Yasuda, H and Adati, T and Suzaki, S and Horibe, M and Sasaki, M and Sanui, M and Marinho, R and Daniel, J and Miranda, H and Marinho, A and Milinis, K and Cooper, M and Williams, GR and McCarron, E and Simants, S and Patanwala, I and Welters, I and Su, Y and Fernández Villanueva, J and Fernández Garda, R and López Lago, A and Rodríguez Ruíz, E and Hernández Vaquero, R and Tomé Martínez de Rituerto, S and Varo Pérez, E and Lefel, N and Schaap, F and Bergmans, D and Olde Damink, S and Van de Poll, M and Tizard, K and Lister, C and Poole, L and Ringaitiene, D and Gineityte, D and Vicka, V and Norkiene, I and Sipylaite, J and O’Loughlin, A and Maraj, V and Dowling, J and Velasco, MB and Dalcomune, DM and Dias, EB and Fernandes, SL and Oshima, T and Graf, S and Heidegger, C and Genton, L and Karsegard, V and Dupertuis, Y and Pichard, C and Friedli, N and Stanga, Z and Mueller, B and Schuetz, P and Vandersteen, L and Stessel, B and Evers, S and Van Assche, A and Jamaer, L and Dubois, J and Marinho, R and Castro, H and Moura, J and Valente, J and Martins, P and Casteloes, P and Magalhaes, C and Cabral, S and Santos, M and Oliveira, B and Salgueiro, A and Marinho, A and Marinho, R and Santos, M and Lafuente, E and Castro, H and Cabral, S and Moura, J and Martins, P and Oliveira, B and Salgueiro, A and Duarte, S and Castro, S and Melo, M and Casteloes, P and Marinho, A and Gray, S and Maipang, K and Bhurayanontachai, R and Grädel, LG and Schütz, P and Langlois, P and Manzanares, W and Tincu, R and Cobilinschi, C and Tomescu, D and Ghiorghiu, Z and Macovei, R and Manzanares, W and Langlois, P and Lemieux, M and Elke, G and Bloos, F and Reinhart, K and Heyland, D and Langlois, P and Lemieux, M and Aramendi, I and Heyland, D and Manzanares, W and Su, Y and Marinho, R and Babo, N and Marinho, A and Hoshino, M and Haraguchi, Y and Kajiwara, S and Mitsuhashi, T and Tsubata, T and Aida, M and Rattanapraphat, T and Bhurayanontachai, R and Kongkamol, C and Khwannimit, B and Marinho, R and Santos, M and Castro, H and Lafuente, E and Salgueiro, A and Cabral, S and Martins, P and Moura, J and Oliveira, B and Melo, M and Xavier, B and Valente, J and Magalhaes, C and Casteloes, P and Marinho, A and Moisidou, D and Ampatzidou, F and Koutsogiannidis, C and Moschopoulou, M and Drossos, G and Taskin, G and Çakir, M and Güler, AK and Taskin, A and Öcal, N and Özer, S and Yamanel, L and Wong, JM and Fitton, C and Anwar, S and Stacey, S and Aggou, M and Fyntanidou, B and Patsatzakis, S and Oloktsidou, E and Lolakos, K and Papapostolou, E and Grosomanidis, V and Suda, S and Ikeda, T and Ono, S and Ueno, T and Izutani, Y and Gaudry, S and Desailly, V and Pasquier, P and Brun, PB and Tesnieres, AT and Ricard, JD and Dreyfuss, D and Mignon, A and White, JC and Molokhia, A and Dean, A and Stilwell, A and Friedlaender, G and Peters, M and Stipulante, S and Delfosse, A and Donneau, AF and Ghuysen, A and Feldmann, C and Freitag, D and Dersch, W and Irqsusi, M and Eschbach, D and Steinfeldt, T and Wulf, H and Wiesmann, T and Kongpolprom, N and Cholkraisuwat, J and Beitland, S and Nakstad, E and Stær-Jensen, H and Drægni, T and Andersen, G and Jacobsen, D and Brunborg, C and Waldum-Grevbo, B and Sunde, K and Hoyland, K and Pandit, D and Hayakawa, K and Oloktsidou, E and Kotzampassi, K and Fyntanidou, B and Patsatzakis, S and Loukipoudi, L and Doumaki, E and Grosomanidis, V and Yasuda, H and Admiraal, MM and Van Assen, M and Van Putten, MJ and Tjepkema-Cloostermans, M and Van Rootselaar, AF and Horn, J and Ragusa, F and Marudi, A and Baroni, S and Gaspari, A and Bertellini, E and Taha, A and Abdullah, T and Abdel Monem, S and Alcorn, S and McNeill, S and Russell, S and Eertmans, W and Genbrugge, C and Meex, I and Dens, J and Jans, F and De Deyne, C and Cholkraisuwat, J and Kongpolprom, N and Avard, B and Burns, R and Patarchi, A and Spina, T and Tanaka, H and Otani, N and Ode, S and Ishimatsu, S and Cho, J and Moon, JB and Park, CW and Ohk, TG and Shin, MC and Won, MH and Dakova, S and Ramsheva, Z and Ramshev, K and Cho, J and Moon, JB and Park, CW and Ohk, TG and Shin, MC and Cho, J and Moon, JB and Park, CW and Ohk, TG and Shin, MC and Marudi, A and Baroni, S and Gaspari, A and Bertellini, E and Orhun, G and Senturk, E and Ozcan, PE and Sencer, S and Ulusoy, C and Tuzun, E and Esen, F and Tincu, R and Cobilinschi, C and Tomescu, D and Ghiorghiu, Z and Macovei, R and Van Assen, M and Admiraal, MM and Van Putten, MJ and Tjepkema-Cloostermans, M and Van Rootselaar, AF and Horn, J and Fallenius, M and Skrifvars, MB and Reinikainen, M and Bendel, S and Raj, R and Abu-Habsa, M and Hymers, C and Borowska, A and Sivadhas, H and Sahiba, S and Perkins, S and Rubio, J and Rubio, JA and Sierra, R and English, S and Chasse, M and Turgeon, A and Lauzier, F and Griesdale, D and Garland, A and Fergusson, D and Zarychanski, R and Tinmouth, A and Van Walraven, C and Montroy, K and Ziegler, J and Dupont Chouinard, R and Carignan, R and Dhaliwal, A and Lum, C and Sinclair, J and Pagliarello, G and McIntyre, L and English, S and Chasse, M and Turgeon, A and Lauzier, F and Griesdale, D and Garland, A and Fergusson, D and Zarychanski, R and Tinmouth, A and Van Walraven, C and Montroy, K and Ziegler, J and Dupont Chouinard, R and Carignan, R and Dhaliwal, A and Lum, C and Sinclair, J and Pagliarello, G and McIntyre, L and Groza, T and Moreau, N and Castanares-Zapatero, D and Hantson, P and Carbonara, M and Ortolano, F and Zoerle, T and Magnoni, S and Pifferi, S and Conte, V and Stocchetti, N and Carteron, L and Suys, T and Patet, C and Quintard, H and Oddo, M and Rubio, JA and Rubio, J and Sierra, R and Spatenkova, V and Pokorna, E and Suchomel, P and Ebert, N and Jancik, J and Rhodes, H and Bylinski, T and Hawthorne, C and Shaw, M and Piper, I and Kinsella, J and Kink, AK and Rätsep, IR and Boutin, A and Moore, L and Chasse, M and Zarychanski, R and Lauzier, F and English, S and McIntyre, L and Lacroix, J and Griesdale, D and Lessard-Bonaventure, P and Turgeon, AF and Boutin, A and Moore, L and Green, R and Lessard-Bonaventure, P and Erdogan, M and Butler, M and Lauzier, F and Chasse, M and English, S and McIntyre, L and Zarychanski, R and Lacroix, J and Griesdale, D and Desjardins, P and Fergusson, DA and Turgeon, AF and Goncalves, B and Vidal, B and Valdez, C and Rodrigues, AC and Miguez, L and Moralez, G and Hong, T and Kutz, A and Hausfater, P and Amin, D and Struja, T and Haubitz, S and Huber, A and Mueller, B and Schuetz, P and Brown, T and Collinson, J and Pritchett, C and Slade, T and Le Guen, M and Hellings, S and Ramsaran, R and Alsheikhly, A and Abe, T and Kanapeckaite, L and Abu-Habsa, M and Bahl, R and Russell, MQ and Real, KJ and Abu-Habsa, M and Lyon, RM and Oveland, NP and Penketh, J and Mcdonald, M and Kelly, F and Alfafi, M and Alsolamy, S and Almutairi, W and Alotaibi, B and Van den Berg, AE and Schriel, Y and Dawson, L and Meynaar, IA and Talaie, H and Silva, D and Fernandes, S and Gouveia, J and Santos Silva, J and Foley, J and Kaskovagheorgescu, A and Evoy, D and Cronin, J and Ryan, J and Huck, M and Hoffmann, C and Renner, J and Laitselart, P and Donat, N and Cirodde, A and Schaal, JV and Masson, Y and Nau, A and Leclerc, T and Howarth, O and Davenport, K and Jeanrenaud, P and Raftery, S and MacTavish, P and Devine, H and McPeake, J and Daniel, M and Kinsella, J and Quasim, T and Alrabiee, S and Alrashid, A and Alsolamy, S and Gundogan, O and Bor, C and Akýn Korhan, E and Demirag, K and Uyar, M and Frame, F and Ashton, C and Bergstrom Niska, L and Dilokpattanamongkol, P and Suansanae, T and Suthisisang, C and Morakul, S and Karnjanarachata, C and Tangsujaritvijit, V and Mahmood, S and Al Thani, H and Almenyar, A and Vakalos, A and Avramidis, V and Sharvill, R and Penketh, J and Morton, SE and Chiew, YS and Pretty, C and Chase, JG and Shaw, GM and Knafelj, R and Kordis, P and Patel, S and Grover, V and Kuchyn, I and Bielka, K and Aidoni, Z and Grosomanidis, V and Kotzampassi, K and Stavrou, G and Fyntanidou, B and Patsatzakis, S and Skourtis, C and Lee, SD and Williams, K and Weltes, ID and Berhane, S and Arrowsmith, C and Peters, C and Robert, S and Caldas, J and Panerai, RB and Robinson, TG and Camara, L and Ferreira, G and Borg-Seng-Shu, E and De Lima Oliveira, M and Mian, NC and Santos, L and Nogueira, R and Zeferino, SP and Jacobsen Teixeira, M and Galas, F and Hajjar, LA and Killeen, P and McPhail, M and Bernal, W and Maggs, J and Wendon, J and Hughes, T and Taniguchi, LU and Siqueira, EM and Vieira Jr, JM and Azevedo, LC and Ahmad, AN and Abu-Habsa, M and Bahl, R and Helme, E and Hadfield, S and Loveridge, R and Shak, J and Senver, C and Howard-Griffin, R and Wacharasint, P and Fuengfoo, P and Sukcharoen, N and Rangsin, R and Sbiti-Rohr, D and Schuetz, P and Na, H and Song, S and Lee, S and Jeong, E and Lee, K and Cooper, M and Milinis, K and Williams, G and McCarron, E and Simants, S and Patanwala, I and Welters, ID and Zoumpelouli, E and Volakli, EA and Chrysohoidou, V and Georgiou, S and Charisopoulou, K and Kotzapanagiotou, E and Panagiotidou, V and Manavidou, K and Stathi, Z and Sdougka, M and Salahuddin, N and AlGhamdi, B and Marashly, Q and Zaza, K and Sharshir, M and Khurshid, M and Ali, Z and Malgapo, M and Jamil, M and Shafquat, A and Shoukri, M and Hijazi, M and Abe, T and Uchino, S and Takinami, M and Rangel Neto, NR and Oliveira, S and Reis, FQ and Rocha, FA and Moralez, G and Ebecken, K and Rabello, LS and Lima, MF and Hatum, R and De Marco, FV and Alves, A and Pinto, JE and Godoy, M and Brasil, PE and Bozza, FA and Salluh, JI and Soares, M and Krinsley, J and Kang, G and Perry, J and Hines, H and Wilkinson, KM and Tordoff, C and Sloan, B and Bellamy, MC and Moreira, E and Verga, F and Barbato, M and Burghi, G and Soares, M and Silva, UV and Azevedo, LC and Torelly, AP and Kahn, JM and Angus, DC and Knibel, MF and Brasil, PE and Bozza, FA and Salluh, JI and Velasco, MB and Dalcomune, DM and Marshall, R and Gilpin, T and Tridente, A and Raithatha, A and Mota, D and Loureiro, B and Dias, J and Afonso, O and Coelho, F and Martins, A and Faria, F and Al-Dorzi, H and Al Orainni, H and AlEid, F and Tlaygeh, H and Itani, A and Hejazi, A and Arabi, Y and Gaudry, S and Messika, J and Ricard, JD and Guillo, S and Pasquet, B and Dubief, E and Dreyfuss, D and Tubach, F and Battle, C and James, K and Temblett, P and Davies, L and Battle, C and Lynch, C and Pereira, S and Cavaco, S and Fernandes, J and Moreira, I and Almeida, E and Seabra Pereira, F and Malheiro, M and Cardoso, F and Aragão, I and Cardoso, T and Fister, M and Knafelj, R and Muraray Govind, P and Brahmananda Reddy, N and Pratheema, R and Arul, ED and Devachandran, J and Velasco, MB and Dalcomune, DM and Knafelj, R and Fister, M and Chin-Yee, N and D’Egidio, G and Thavorn, K and Heyland, D and Kyeremanteng, K and Murchison, AG and Swalwell, K and Mandeville, J and Stott, D and Guerreiro, I and Devine, H and MacTavish, P and McPeake, J and Quasim, T and Kinsella, J and Daniel, M and Goossens, C and Marques, MB and Derde, S and Vander Perre, S and Dufour, T and Thiessen, SE and Güiza, F and Janssens, T and Hermans, G and Vanhorebeek, I and De Bock, K and Van den Berghe, G and Langouche, L and Devine, H and MacTavish, P and Quasim, T and Kinsella, J and Daniel, M and McPeake, J and Miles, B and Madden, S and Devine, H and Weiler, M and Marques, P and Rodrigues, C and Boeira, M and Brenner, K and Leães, C and Machado, A and Townsend, R and Andrade, J and MacTavish, P and McPeake, J and Devine, H and Kinsella, J and Daniel, M and Kishore, R and Fenlon, C and Quasim, T and Fiks, T and Ruijter, A and Te Raa, M and Spronk, P and Chiew, YS and Docherty, P and Dickson, J and Moltchanova, E and Scarrot, C and Pretty, C and Shaw, GM and Chase, JG and Hall, T and Ngu, WC and Jack, JM and Morgan, P and Avard, B and Pavli, A and Gee, X and Bor, C and Akin Korhan, E and Demirag, K and Uyar, M and Shirazy, M and Fayed, A and Gupta, S and Kaushal, A and Dewan, S and Varma, A and Ghosh, E and Yang, L and Eshelman, L and Lord, B and Carlson, E and Helme, E and Broderick, R and Hadfield, S and Loveridge, R and Ramos, J and Forte, D and Yang, F and Hou, P and Dudziak, J and Feeney, J and Wilkinson, K and Bauchmuller, K and Shuker, K and Faulds, M and Raithatha, A and Bryden, D and England, L and Bolton, N and Tridente, A and Bauchmuller, K and Shuker, K and Tridente, A and Faulds, M and Matheson, A and Gaynor, J and Bryden, D and Ramos, J and Peroni, B and Daglius-Dias, R and Miranda, L and Cohen, C and Carvalho, C and Velasco, I and Forte, D and Kelly, JM and Neill, A and Rubenfeld, G and Masson, N and Min, A and Boezeman, E and Hofhuis, J and Hovingh, A and De Vries, R and Spronk, P and Cabral-Campello, G and Aragão, I and Cardoso, T and Van Mol, M and Nijkamp, M and Kompanje, E and Ostrowski, P and Omar, A and Kiss, K and Köves, B and Csernus, V and Molnár, Z and Hoydonckx, Y and Vanwing, S and Stessel, B and Van Assche, A and Jamaer, L and Dubois, J and Medo, V and Galvez, R and Miranda, JP and Stone, C and Wigmore, T and Arunan, Y and Wheeler, A and Bauchmuller, K and Bryden, D and Wong, Y and Poi, C and Gu, C and Molmy, P and Van Grunderbeeck, N and Nigeon, O and Lemyze, M and Thevenin, D and Mallat, J and Ramos, J and Correa, M and Carvalho, RT and Forte, D and Fernandez, A and McBride, C and Koonthalloor, E and Walsh, C and Webber, A and Ashe, M and Smith, K and Jeanrenaud, P and Marudi, A and Baroni, S and Ragusa, F and Bertellini, E and Volakli, EA and Chochliourou, E and Dimitriadou, M and Violaki, A and Mantzafleri, P and Samkinidou, E and Vrani, O and Arbouti, A and Varsami, T and Sdougka, M and Bollen, JA and Van Smaalen, TC and De Jongh, WC and Ten Hoopen, MM and Ysebaert, D and Van Heurn, LW and Van Mook, WN and Sim, K and Fuller, A and Roze des Ordons, A and Couillard, P and Doig, C and Van Keer, RV and Deschepper, RD and Francke, AF and Huyghens, LH and Bilsen, JB and Nyamaizi, B and Dalrymple, C and Molokhia, A and Dobru, A and Marrinan, E and Ankuli, A and Molokhia, A and McPeake, J and Struthers, R and Crawford, R and Devine, H and Mactavish, P and Quasim, T and Morelli, P and Degiovanangelo, M and Lemos, F and MArtinez, V and Verga, F and Cabrera, J and Burghi, G and Rutten, A and Van Ieperen, S and De Geer, S and Van Vugt, M and Der Kinderen, E and Giannini, A and Miccinesi, G and Marchesi, T and Prandi, E",2016,"36th International Symposium on Intensive Care and Emergency Medicine : Brussels, Belgium. 15-18 March 2016.","Critical care (London, England)","P001 - Sepsis impairs the capillary response within hypoxic capillaries and decreases erythrocyte oxygen-dependent ATP efflux R. M. Bateman, M. D. Sharpe, J. E. Jagger, C. G. Ellis P002 - Lower serum immunoglobulin G2 level does not predispose to severe flu. J. Solé-Violán, M. López-Rodríguez, E. Herrera-Ramos, J. Ruíz-Hernández, L. Borderías, J. Horcajada, N. González-Quevedo, O. Rajas, M. Briones, F. Rodríguez de Castro, C. Rodríguez Gallego P003 - Brain protective effects of intravenous immunoglobulin through inhibition of complement activation and apoptosis in a rat model of sepsis F. Esen, G. Orhun, P. Ergin Ozcan, E. Senturk, C. Ugur Yilmaz, N. Orhan, N. Arican, M. Kaya, M. Kucukerden, M. Giris, U. Akcan, S. Bilgic Gazioglu, E. Tuzun P004 - Adenosine a1 receptor dysfunction is associated with leukopenia: A possible mechanism for sepsis-induced leukopenia R. Riff, O. Naamani, A. Douvdevani P005 - Analysis of neutrophil by hyper spectral imaging - A preliminary report R. Takegawa, H. Yoshida, T. Hirose, N. Yamamoto, H. Hagiya, M. Ojima, Y. Akeda, O. Tasaki, K. Tomono, T. Shimazu P006 - Chemiluminescent intensity assessed by eaa predicts the incidence of postoperative infectious complications following gastrointestinal surgery S. Ono, T. Kubo, S. Suda, T. Ueno, T. Ikeda P007 - Serial change of c1 inhibitor in patients with sepsis – A prospective observational study T. Hirose, H. Ogura, H. Takahashi, M. Ojima, J. Kang, Y. Nakamura, T. Kojima, T. Shimazu P008 - Comparison of bacteremia and sepsis on sepsis related biomarkers T. Ikeda, S. Suda, Y. Izutani, T. Ueno, S. Ono P009 - The changes of procalcitonin levels in critical patients with abdominal septic shock during blood purification T. Taniguchi, M. O P010 - Validation of a new sensitive point of care device for rapid measurement of procalcitonin C. Dinter, J. Lotz, B. Eilers, C. Wissmann, R. Lott P011 - Infection biomarkers in primary care patients with acute respiratory tract infections – Comparison of procalcitonin and C-reactive protein M. M. Meili, P. S. Schuetz P012 - Do we need a lower procalcitonin cut off? H. Hawa, M. Sharshir, M. Aburageila, N. Salahuddin P013 - The predictive role of C-reactive protein and procalcitonin biomarkers in central nervous system infections with extensively drug resistant bacteria V. Chantziara, S. Georgiou, A. Tsimogianni, P. Alexandropoulos, A. Vassi, F. Lagiou, M. Valta, G. Micha, E. Chinou, G. Michaloudis P014 - Changes in endotoxin activity assay and procalcitonin levels after direct hemoperfusion with polymyxin-b immobilized fiber A. Kodaira, T. Ikeda, S. Ono, T. Ueno, S. Suda, Y. Izutani, H. Imaizumi P015 - Diagnostic usefullness of combination biomarkers on ICU admission M. V. De la Torre-Prados, A. Garcia-De la Torre, A. Enguix-Armada, A. Puerto-Morlan, V. Perez-Valero, A. Garcia-Alcantara P016 - Platelet function analysis utilising the PFA-100 does not predict infection, bacteraemia, sepsis or outcome in critically ill patients N. Bolton, J. Dudziak, S. Bonney, A. Tridente, P. Nee P017 - Extracellular histone H3 levels are inversely correlated with antithrombin levels and platelet counts and are associated with mortality in sepsis patients G. Nicolaes, M. Wiewel, M. Schultz, K. Wildhagen, J. Horn, R. Schrijver, T. Van der Poll, C. Reutelingsperger P018 - Il-8: is this a more reliable biomarker for sepsis severity than CRP, Procalcitonin, E-selectin, IL-6 and TNF-[alpha] S. Pillai, G. Davies, G. Mills, R. Aubrey, K. Morris, P. Williams, P. Evans P019 - Relation between adrenomedullin and short-term outcome in ICU patients: Results from the frog ICU study E. G. Gayat, J. Struck, A. Cariou, N. Deye, B. Guidet, S. Jabert, J. Launay, M. Legrand, M. Léone, M. Resche-Rigon, E. Vicaut, A. Vieillard-Baron, A. Mebazaa P020 - Impact of disease severity assessment on performance of heparin-binding protein for the prediction of septic shock R. Arnold, M. Capan, A. Linder, P. Akesson P021 - Kinetics and prognostic value of presepsin (sCD14) in septic patients. A pilot study M. Popescu, D. Tomescu P022 - Comparison of CD64 levels performed by the facs and accellix systems C. L. Sprung, R. Calderon Morales, G. Munteanu, E. Orenbuch-Harroch, P. Levin, H. Kasdan, A. Reiter, T. Volker, Y. Himmel, Y. Cohen, J. Meissonnier P023 - Diagnosing sepsis in 5 minutes: Nanofluidic technology study with pancreatic-stone protein (PSP/ reg) L. Girard, F. Rebeaud P024 - How nanotechnology-based approaches could contribute to sepsis prevention, diagnosis and treatment I. Herrmann P025 - Il7r transcriptional expression analysis during septic shock B. Delwarde, E. Peronnet, E. Cerrato, F. Venet, A. Lepape, T. Rimmelé, G. Monneret, J. Textoris P026 - Disbalance of microbial metabolites of aromatic acids affects the severity in critically ill patients N. Beloborodova, V. Moroz, A. Osipov, A. Bedova, Y. Sarshor, A. Pautova, A. Sergeev, E. Chernevskaya P027 - Copeptin predicts 10-year all-cause mortality in community patients J. Odermatt, R. Bolliger, L. Hersberger, M. Ottiger, M. Christ-Crain, B. Mueller, P. Schuetz P028 - Identification of differential proteomic response in septic patients secondary to community and hospital acquired pneumonia N. K. Sharma, A. K. Tashima, M. K. Brunialti, F. R. Machado, M. Assuncao, O. Rigato, R. Salomao P029 - Monocyte HLA-DR expression in community-acquired bacteremic sepsis - dynamics associated to aetiology and prediction of secondary sepsis S. C. Cajander, G. Rasmussen, E. Tina, B. Söderquist, J. Källman, K. Strålin P030 - Soluble B- and T-lymphocyte attenuator: A possible prognostic marker in sepsis A. L. Lange, J. S. Sundén-Cullberg, A. M. Magnuson, O. H. Hultgren P031 - Fractal dimension: A new biomarker for quantifying clot microstructure in patients across the sepsis spectrum G. Davies, S. Pillai, G. Mills, R. Aubrey, K. Morris, P. Williams, P. Evans P032 - Comparison between the new biomarker for coagulation, clot microstructure (Df) with rotational thromboelastometry (ROTEM) in patients across the sepsis spectrum S. Pillai, G. Davies, G. Mills, R. Aubrey, K. Morris, P. Williams, P. Evans P033 - Changes in fibrinolysis across the sepsis spectrum: The use of rotational thromboelastometry (ROTEM) lysis index (LI60) and D-Dimer concentration S. Pillai, G. Davies, G. Mills, R. Aubrey, K. Morris, P. Williams, P. Evans P034 - The intensive care infection score – a promising marker for the prediction of infection and its severity. P. Van der Geest, M. Mohseni, J. Linssen, R. De Jonge, S. Duran, J. Groeneveld P035 - Challenges in the clinical diagnosis of sepsis R. Miller III, B. K. Lopansri, L. C. McHugh, A. Seldon, J. P. Burke P036 - Does zero heat flux thermometry more accurately identify sepsis on intensive care? J. Johnston, R. Reece-Anthony, A. Bond, A. Molokhia P037 - Advancing quality (AQ) sepsis programme: Improving early identification & treatment of sepsis in North West England. C. Mcgrath, E. Nsutebu P038 - Prehospital transport of acute septic patients P. Bank Pedersen, D. Pilsgaard Henriksen, S. Mikkelsen, A. Touborg Lassen P039 - Vasodilatory plant extracts gel as an alternative treatment for fever in critically ill patients R. Tincu, C. Cobilinschi, D. Tomescu, Z. Ghiorghiu, R. Macovei P040 - Host response and outcome of hypothermic sepsis M. A. Wiewel, M. B. Harmon, L. A. Van Vught, B. P. Scicluna, A. J. Hoogendijk, J. Horn, A. H. Zwinderman, O. L. Cremer, M. J. Bonten, M. J. Schultz, T. Van der Poll, N. P. Juffermans, W. J. Wiersinga P041 - Septic shock alert over SIRS criteria has an impact on outcome but needs to be revised G. Eren, Y Tekdos, M. Dogan, O. Acicbe, E. Kaya, O. Hergunsel P042 - Association between previous prescription of βblockers and mortality rate among septic patients: A retrospective observational study S. Alsolamy, G. Ghamdi, L. Alswaidan, S. Alharbi, F. Alenezi, Y. Arabi P043 - Recognition and treatment of sepsis on labour ward– teaching & information resources can improve knowledge J. Heaton, A. Boyce, L. Nolan, J. Johnston, A. Dukoff-Gordon, A. Dean, A. Molokhia P044 - Culture negative sepsis in the ICU – what is unique to this patient population? T. Mann Ben Yehudah P045 - Organ dysfunction in severe sepsis patients identified in administrative data in Germany, 2007-2013 C. Fleischmann, D. Thomas-Rueddel, C. Haas, U. Dennler, K. Reinhart P046 - A comparison of residents’ knowledge regarding; the Surviving Sepsis Campaign 2012 guideline O. Suntornlohanakul, B. Khwannimit P047 - Effectiveness of a septic shock bundle to improve outcomes in the ICU F. Breckenridge, A. Puxty P048 - Dose of norepinephrine in the first 24 hours as a parameter evaluating the effectiveness of treatment in patients with severe sepsis and septic shock P. Szturz, P. Folwarzcny, J. Svancara, R. Kula, P. Sevcik P049 - Norepinephrine or vasopressin + norepinephrine in septic shock. A retrospective series of 39 patients L. Caneva, A. Casazza, E. Bellazzi, S. Marra, L. Pagani, M. Vetere, R. Vanzino, D. Ciprandi, R. Preda, R. Boschi, L. Carnevale P050 - Methylene blue effectiveness as contributory treatment in patients with septic shock V. Lopez, M. Aguilar Arzapalo, L. Barradas, A. Escalante, J. Gongora, M. Cetina P051 - Coagulation disorders in patients with severe sepsis and DIC evaluated with thromboelastometry. B Adamik, D Jakubczyk, A Kübler P052 - Frequency and outcome of early sepsis-associated coagulopathy A. Radford, T. Lee, J. Singer, J. Boyd, D. Fineberg, M. Williams, J. Russell P053 - Assessment of coagulopathy in cancer patients with severe sepsis or septic shock. A case-control pilot study E. Scarlatescu, D. Tomescu, G. Droc, S. Arama P054 - Thromboelastometry in critically ill patients with disseminated intravascular coagulation M. Müller, M. Straat, S. S. Zeerleder, N. P. Juffermans P055 - Cessation of a preexisting chronic antiplatelet therapy is associated with increased mortality rates in severe sepsis and septic shock C. F. Fuchs, C. S. Scheer, S. W. Wauschkuhn, M. V. Vollmer, K. M. Meissner, S. K. Kuhn, K. H. Hahnenkamp, S. R. Rehberg, M. G. Gründling P056 - Neutrophil Extracellular Traps (NETs) production under hypoxic condition N. Yamamoto, M. Ojima, S. Hamaguchi, T. Hirose, Y. Akeda, R. Takegawa, O. Tasaki, T. Shimazu, K. Tomono P057 - Impact of ultraviolet air sterilizer in intensive care unit room, and clinical outcomes of patients E. Gómez-Sánchez, M. Heredia-Rodríguez, E. Álvarez-Fuente, M. Lorenzo-López, E. Gómez-Pesquera, M. Aragón-Camino, P. Liu-Zhu, A. Sánchez-López, A. Hernández-Lozano, M. T. Peláez-Jareño, E. Tamayo P058 - Focus of infection in severe sepsis - comparison of administrative data and prospective cohorts from Germany D. O. Thomas-Rüddel, C. Fleischmann, C. Haas, U. Dennler, K. Reinhart P059 - “Zero CLABSI” – can we get there? Obstacles on the 4 year journey and our strategies to overcome them – experience from an Indian ICU V. Adora, A. Kar, A. Chakraborty, S. Roy, A. Bandyopadhyay, M. Das P060 - Novel molecular techniques to identify central venous catheter (CVC) associated blood stream infections (BSIs) T. Mann Ben Yehudah, G. Ben Yehudah, M. Salim, N. Kumar, L. Arabi, T. Burger, P. Lephart, E. Toth-martin P061 - Zero clabsi” – can we get there? Obstacles on the 4 year journey and our strategies to overcome them – experience from an Indian ICU R. Rao, A. Kar, A. Chakraborty P062 - Prevention of central line-associated bloodstream infections in intensive care units: An international online survey C. Valencia, N. Hammami, S. Blot, J. L. Vincent, M. L. Lambert P063 - 30 days antimicrobial efficacy of non-leaching central venous catheters J. Brunke, T. Riemann, I. Roschke P064 - Efficacy of noble metal alloy-coated catheter in prevention of bacteriuria R. Tincu, C. Cobilinschi, D. Tomescu, Z. Ghiorghiu, R. Macovei P065 - Predicting bacteremic urinary tract infection in community setting: A prospective observational study S. Nimitvilai, K. Jintanapramote, S. Jarupongprapa P066 - Eight-year analysis of acinetobacter spp. monobacteremia in surgical and medical intensive care units at university hospital in Lithuania D. Adukauskiene, D. Valanciene P067 - Group A and group B streptococcal infections in intensive care unit – our experience in a tertiary centre G. Bose, V. Lostarakos, B. Carr P068 - Improved detection of spontaneous bacterial peritonitis by uritop + tm strip test and inoculation of blood culture bottles with ascitic fluid S. Khedher, A. Maaoui, A. Ezzamouri, M. Salem P069 - Increased risk of cellulitis in patients with congestive heart failure: a population based cohort study J. Chen P070 - Outcomes of severe cellulitis and necrotizing fasciitis in the critically ill D. R. Cranendonk, L. A. Van Vught, M. A. Wiewel, O. L. Cremer, J. Horn, M. J. Bonten, M. J. Schultz, T. Van der Poll, W. J. Wiersinga P071 - Botulism outbreak associated with people who inject drugs (PWIDs) in Scotland. M. Day, G. Penrice, K. Roy, P. Robertson, G. Godbole, B. Jones, M. Booth, L. Donaldson P072 - Surveillance of ESBL-producing enterobacteriaceae fecal carriers in the ICU Y. Kawano, H. Ishikura P073 - Prevalence of ESBL and carbapenemase producing uropathogens in a newly opened hospital in south India S. Sreevidya, N. Brahmananda Reddy, P. Muraray Govind, R. Pratheema, J. Devachandran Apollo Speciality Hospital - OMR, Chennai, India P074 - Prevalence, risk factors and outcomes of methicillin-resistant staphylococcus aureus nasal colonization in critically ill patients H. Al-Dorzi, M. Almutairi, B. Alhamadi, A. Crizaldo Toledo, R. Khan, B. Al Raiy, Y. Arabi P075 - Multidrug-resistant Acinetobacter baumannii infection in intensive care unit patients in a hospital with building construction: Is there an association? H. Talaie P076 - Multidrug-resistant organisms in a Dutch ICU J. A. Van Oers, A. Harts, E. Nieuwkoop, P. Vos P077 - Epidemiology and risk factors of ICU acquired infections caused by multidrug-resistant gram negative bacilli Y. Boussarsar, F. Boutouta, S. Kamoun, I. Mezghani, S. Koubaji, A. Ben Souissi, A. Riahi, M. S. Mebazaa P078 - Improving outcomes of severe infections by multidrug-resistant pathogens with polyclonal IgM-enriched immunoglobulins E. Giamarellos-Bourboulis, N. Tziolos, C. Routsi, C. Katsenos, I. Tsangaris, I. Pneumatikos, G. Vlachogiannis, V. Theodorou, A. Prekates, E. Antypa, V. Koulouras, N. Kapravelos, C. Gogos, E. Antoniadou, K. Mandragos, A. Armaganidis P079 - Must change the medical practice in ICU? A. R. Robles Caballero, B. Civantos, J. C. Figueira, J. López P080 - Mediterranean spotted fever in an infectious diseases intensive care unit A. Silva-Pinto, F. Ceia, A. Sarmento, L. Santos P081 - Clinical features and outcomes of patients with Middle East respiratory syndrome requiring admission to a saudi intensive care unit: A retrospective analysis of 31 cases G. Almekhlafi, Y. Sakr P082 - The ICU response to a hospital outbreak of Middle East respiratory syndrome coronavirus infection H. Al-Dorzi, R. Khan, S. Baharoon, A. Aldawood, A. Matroud, J. Alchin, S. Al Johani, H. Balkhy, Y. Arabi P083 - Middle East respiratory syndrome: Surveillance data analysis S. Alsolamy, S. Y. Yousif, B. O. Alotabi, A. S. Alsaawi P085 - Use of Taqman array card molecular diagnostics in severe pneumonia: A case series J. Ang, MD Curran, D. Enoch, V. Navapurkar, A. Conway Morris P086 - ‘BUNS’: An investigation protocol improves the ICU management of pneumonia R. Sharvill, J. Astin P087 - Pneumonia in patients following secondary peritonitis: epidemiological features and impact on mortality M. Heredia-Rodríguez, E. Gómez-Sánchez, M. T. Peláez-Jareño, E. Gómez-Pesquera, M. Lorenzo-López, P. Liu-Zhu, M. Aragón-Camino, A. Hernández-Lozano, A. Sánchez-López, E. Álvarez-Fuente, E. Tamayo P088 - The use of the “CURB-65 score” by emergency room clinicians in a large teaching hospital J. Patel, C. Kruger P089 - Incidence of community acquired pneumonia with viral infection in mechanically ventilated patients in the medical intensive care unit J. O’Neal, H. Rhodes, J. Jancik P090 - The SAATELLITE Study: Prevention of S aureus Nosocomial Pneumonia (NP) with MEDI4893, a Human Monoclonal Antibody (mAb) Against S aureus B. François, P. F. Laterre, P. Eggimann, A. Torres, M. Sánchez, P. F. Dequin, G. L. Bassi, J. Chastre, H. S. Jafri P091 - Risk factors and microbiological profile for nosocomial infections in trauma patients M. Ben Romdhane, Z. Douira, S. Kamoun, M. Bousselmi, A. Ben Souissi, Y. Boussarsar, A. Riahi, M.S. Mebazaa P092 - Correlation between percentages of ventilated patients developed vap and use of antimicrobial agents in ICU patients. A. Vakalos, V. Avramidis P093 - A comparison of two ventilator associated pneumonia surveillance techniques T. H. Craven, G. Wojcik, K. Kefala, J. McCoubrey, J. Reilly, R. Paterson, D. Inverarity, I. Laurenson, T. S. Walsh P094 - Lung ultrasound before and after fiberbronchoscopy - modifications may improve ventilator-associated pneumonia diagnosis S. Mongodi, B. Bouhemad, A. Orlando, A. Stella, G. Via, G. Iotti, A. Braschi, F. Mojoli P095 - Comparing the accuracy of predictors of mortality in ventilator-associated pneumonia M. Haliloglu, B. Bilgili, U. Kasapoglu, I. Sayan, M. Süzer Aslan, A. Yalcın, I. Cinel P096 - Impact of pRBCs transfusion on percentage of ventilated patients developed VAP in ICU patients A. Vakalos, V. Avramidis P097 - The impact of a series of interventions on the rate of ventilator associated pneumonia in a large teaching hospital H. E. Ellis, K. Bauchmuller, D. Miller, A Temple P098 - The EVADE study: Prevention of Nosocomial Pneumonia (NP) caused by P aeruginosa with MEDI3902, a Novel Bispecific Monoclonal Antibody, against P aeruginosa virulence factors J. Chastre, B. François, A. Torres, C. E. Luyt, M. Sánchez, M. Singer, H. S. Jafri P099 - Short-term inhaled colistin adjunctive therapy for ventilator-associated pneumonia Y. Nassar, M. S. Ayad P100 - Effect of aerosolised colistin on weaning from mechanical ventilation A. Trifi, S. Abdellatif, F. Daly, R. Nasri, S. Ben Lakhal P101 - Septic shock is an independent risk factor for colistin-induced severe acute kidney injury: a retrospective cohort study B. Bilgili, M. Haliloglu, F. Gul, I. Cinel P102 - Nosocomial pneumonia - emphasis on inhaled tobramycin A. Kuzovlev, A. Shabanov, S. Polovnikov, V. Moroz P103 - In vitro evaluation of amikacin inhale and commercial nebulizers in a mechanical ventilator N. Kadrichu, T. Dang, K. Corkery, P. Challoner P104 - The effects of nebulized amikacin/fosfomycin and systemic meropenem on severe amikacin-resistant meropenem-susceptible P.aeruginosa pneumonia G. Li Bassi, E. Aguilera, C. Chiurazzi, C. Travierso, A. Motos, L. Fernandez, R. Amaro, T. Senussi, F. Idone, J. Bobi, M. Rigol, A. Torres P105 - Optimization of gentamicin peak concentrations in critically ill patients C. J. Hodiamont, N. P. Juffermans, J. M. Janssen, C. S. Bouman, R. A. Mathôt, M. D. De Jong, R. M. Van Hest P106 - Systematic review of cefepime induced neurotoxicity L. Payne, G. L. Fraser P107 - Unasyn® causes QT prolongation during treatment of intensive care patients B. Tudor, M. Lahner, G. Roth, C. Krenn P108 - Comparative study between teicoplanin and vancomycin in methicillin-resistant staphylococcus aureus (mrsa) infectious of toxicological intensive care unit (ticu) patients – Tehran, Iran H. Talaie P109 - Phage therapy against antimicrobial resistance, design of the first clinical study phagoburn P. Jault, J. Gabard, T. Leclerc, S. Jennes, Y. Que, A. Rousseau, F. Ravat P110 - Antibiotic dosing errors in critically ill patients with severe sepsis or septic shock H. Al-Dorzi, A. Eissa, S. Al-Harbi, T. Aldabbagh, R. Khan, Y. Arabi P111 - Does empiric antifungal therapy improve survival in septic critically ill patients? (immunocompromised excluded) A. Trifi, S. Abdellatif, F. Daly, R. Nasri, S. Ben Lakhal P112 - Neurocysticercosis-Qatar experience F. Paramba, N. Purayil, V. Naushad, O. Mohammad, V. Negi, P. Chandra P113 - Early indicators in acute haemorrhagic shock A. Kleinsasser P114 - Filtering of red blood cells reduces the inflammatory response of pulmonary cells in an in vitro model of mechanical ventilation M. R. Witrz, J. F. Buchner-Doeven, A. M. Tuip-de Boer, J. C. Goslings, N. P. Juffermans P115 - Microparticles from red blood cell transfusion induce a pro-coagulant and pro-inflammatory endothelial cell response M. Van Hezel, M. Straat, A Boing, R Van Bruggen, N Juffermans P116 - The contribution of cytokines on thrombosis development during hospitalization in ICU D. Markopoulou, K. Venetsanou, V. Kaldis, D. Koutete, D. Chroni, I. Alamanos P117 - Prophylactic enoxaparin dosing and adjustment through anti-xa monitoring in an inpatient burn unit L. Koch, J. Jancik, H. Rhodes, E. Walter P118 - Determination of optimal cut-off values of haemoglobin, platelet count and fibrinogen at 24 hours after injury associated with mortality in trauma patients K. Maekawa, M. Hayakawa, S. Kushimoto, A. Shiraishi, H. Kato, J. Sasaki, H. Ogura, T. Matauoka, T. Uejima, N. Morimura, H. Ishikura, A. Hagiwara, M. Takeda P119 - Trauma-induced coagulopathy - prothrombin complex concentrate vs fresh frozen plasma O. Tarabrin, S. Shcherbakow, D. Gavrychenko, G. Mazurenko, V. Ivanova, O. Chystikov P120 - First study to prove the superiority of prothrombin complex concentrates on mortality rate over fresh frozen plasma in patients with acute bleeding C. Plourde, J. Lessard, J. Chauny, R. Daoust P121 - Prothrombin complex concentrate vs fresh frozen plasma in obstetric massive bleeding S. Shcherbakow, O. Tarabrin, D. Gavrychenko, G. Mazurenko, O. Chystikov P122 - Impact of FFP transfusion on VAP in ICU patients A. Vakalos, V. Avramidis P123 - Preoperative platelet function test and the thrombin generation assay are predictive for blood loss after cardiac surgery L. Kropman, L. In het Panhuis, J. Konings, D. Huskens, E. Schurgers, M. Roest, B. De Laat, M. Lance P124 - Rotational thromboelastometry versus standard coagulation tests before surgical interventions M. Durila, P. Lukas, M. Astraverkhava, J. Jonas P125 - Correction of impaired clot quality and stability by fibrinogen and activated prothrombin complex concentrate in a model of severe thrombocytopenia I. Budnik, B. Shenkman P126 - Assessment of point-of-care prothrombin time analyzer as a monitor after cardiopulmonary bypass H. Hayami, Y. Koide, T. Goto P127 - Disseminated intravascular coagulation (dic) is underdiagnosed in critically ill patients: do we need d-dimer measurements? R. Iqbal, Y. Alhamdi, N. Venugopal, S. Abrams, C. Downey, C. H. Toh, I. D. Welters P128 - Validity of the age-adjusted d-dimer cutoff in patients with COPD B. Bombay, J. M. Chauny, R. D. Daoust, J. L. Lessard, M. M. Marquis, J. P. Paquet P129 - A scoping review of strategies for prevention and management of bleeding following paediatric cardiopulmonary bypass surgery K. Siemens, D. Sangaran, B. J. Hunt, A. Durward, A. Nyman, I. A. Murdoch, S. M. Tibby P130 - Nadir hemoglobulin during cardiopulmonary bypass: impact on postoperative morbidity and mortality F. Ampatzidou, D. Moisidou, E. Dalampini, M. Nastou, E. Vasilarou, V. Kalaizi, H. Chatzikostenoglou, G. Drossos P131 - Red blood cell transfusion do not influence the prognostic value of RDW in critically ill patients S. Spadaro, A. Fogagnolo, T. Fiore, A. Schiavi, V. Fontana, F. Taccone, C. Volta P132 - Reasons for admission in the paediatric intensive care unit and the need for blood and blood products transfusions E. Chochliourou, E. Volakli, A. Violaki, E. Samkinidou, G. Evlavis, V. Panagiotidou, M. Sdougka P133 - The implementation of a massive haemorrhage protocol (mhp) for the management of major trauma: a ten year, single-centre study R. Mothukuri, C. Battle, K. Guy, G. Mills, P. Evans P134 - An integrated major haemorrhage protocol for pre-hospital and retrieval medical teams J. Wijesuriya, S. Keogh P135 - The impact of transfusion thresholds on mortality and cardiovascular events in patients with cardiovascular disease (non-cardiac surgery): a systematic review and meta-analysis A. Docherty, R. O’Donnell, S. Brunskill, M. Trivella, C. Doree, L. Holst, M. Parker, M. Gregersen, J. Almeida, T. Walsh, S. Stanworth P136 - The relationship between poor pre-operative immune status and outcome from cardiac surgery is specific to the peri-operative antigenic threat S. Moravcova, J. Mansell, A. Rogers, R. A. Smith, C. Hamilton-Davies P137 - Impact of simple clinical practice guidelines for reducing post-operative atrial fibrillation after cardiac surgery. A. Omar, M. Allam, O. Bilala, A. Kindawi, H. Ewila P138 - Dexamethasone administration during cardiopulmonary bypass has no beneficial effects on elective postoperative cardiac surgery patients F. Ampatzidou, D. Moisidou, M. Nastou, E. Dalampini, A. Malamas, E. Vasilarou, G. Drossos P139 - Intra-aortic balloon counterpulsation in patients undergoing cardiac surgery (IABCS): preliminary results G. Ferreira, J. Caldas, J. Fukushima, E. A. Osawa, E. Arita, L. Camara, S. Zeferino, J. Jardim, F. Gaioto, L. Dallan, F. B. Jatene, R. Kalil Filho, .F Galas, L. A. Hajjar P140 - Effects of low-dose atrial natriuretic peptide infusion on cardiac surgery-associated acute kidney injury C. Mitaka, T. Ohnuma, T. Murayama, F. Kunimoto, M. Nagashima, T. Takei, M. Tomita P141 - Acute kidney injury influence on high sensitive troponin measurements after cardiac surgery A. Omar, K. Mahmoud, S. Hanoura, S. Sudarsanan, P. Sivadasan, H. Othamn, Y. Shouman, R. Singh, A. Al Khulaifi P142 - Complex evaluation of endothelial dysfunction markers for prognosis of outcomes in patients undergoing cardiac surgery I. Mandel, S. Mikheev, I. Suhodolo, V. Kiselev, Y. Svirko, Y. Podoksenov P143 - New-onset atrial fibrillation in intensive care: incidence, management and outcome S. A. Jenkins, R. Griffin P144 - One single spot measurement of the sublingual microcirculation during acute pulmonary hypertension in a pig model of shock M. S. Tovar Doncel, A. Lima, C. Aldecoa, C. Ince P145 - Assessment of levosimendan as a therapeutic option to recruit the microcirculation in cardiogenic shock – initial experience in cardiac ICU A. Taha, A. Shafie, M. Mostafa, N. Syed, H. Hon P146 - Terlipressin vs. norepinephrine in the Potential Multiorgan Donor(PMD) F. Righetti, E. Colombaroli, G. Castellano P147 - Echocardiography in the potential heart donor exposed to substitution hormonotherapy F. Righetti, E. Colombaroli P148 - Machine learning can reduce rate of monitor alarms M. Hravnak, L. C. Chen, A. D. Dubrawski, G. C. Clermont, M. R. Pinsky P149 - Peripherally inserted central catheters placed in the ICU S. Gonzalez, D. Macias, J. Acosta, P. Jimenez, A. Loza, A. Lesmes, F. Lucena, C. Leon P150 - Recordings of abnormal central venous pressure waveform morphology during an episode of pulmonary hypertension in a porcine shock model M. S. Tovar Doncel, C. Ince, C. Aldecoa, A. Lima P151 - Ultrasound guided central venous access technique among French intensivists M. Bastide, J. Richecoeur, E. Frenoy, C. Lemaire, B. Sauneuf, F. Tamion, S. Nseir, D. Du Cheyron, H. Dupont, J. Maizel P152 - Predictive ability of the Pv-aCO2 gap in patients with shock M. Shaban, R. Kolko, N. Salahuddin, M. Sharshir, M. AbuRageila, A. AlHussain P153 - Comparison of echocardiography and pulmonary artery catheter measurements of hemodynamic parameters in critical ill patients P. Mercado, J. Maizel, L. Kontar, D. Titeca, F. Brazier, A. Riviere, M. Joris, T. Soupison, B. De Cagny, M. Slama P154 - The volume clamp method for noninvasive cardiac output measurement in postoperative cardiothoracic surgery patients: a comparison with intermittent pulmonary artery thermodilution J. Wagner, A. Körner, M. Kubik, S. Kluge, D. Reuter, B. Saugel P155 - Hemodynamic monitoring in patients with septic shock (SS) – CPCCO (continuous pulse contour cardiac output) vs. TEE (transesophageal echocardiography) E. Colombaroli, F. Righetti, G. Castellano P156 - Cardiac output measurement with transthoracic echocardiography in critically ill patients: a pragmatic clinical study T. Tran, D. De Bels, A. Cudia, M. Strachinaru, P. Ghottignies, J. Devriendt, C. Pierrakos P157 - Left ventricular outflow tract velocity time integral correlates with stroke volume index in mechanically ventilated patients Ó. Martínez González, R. Blancas, J. Luján, D. Ballesteros, C. Martínez Díaz, A. Núñez, C. Martín Parra, B. López Matamala, M. Alonso Fernández, M. Chana P158 - Transpulmonary thermodilution (TPTD) derived from femoral vs. jugular central venous catheter: validation of a previously published correction formula and a proprietary correction formula for global end-diastolic volume index (GEDVI) W. Huber, M. Eckmann, F. Elkmann, A. Gruber, I. Klein, R. M. Schmid, T. Lahmer P160 - Dynamic arterial elastance calculated with lidcoplus monitor does not predict changes in arterial pressure after a fluid challenge in postsurgical patients D. Bastoni, H. Aya, L. Toscani, L. Pigozzi, A. Rhodes, M. Cecconi P159 - Venous return driving pressure and resistance in acute blood volume changes P. W. Moller, S. Sondergaard, S. M. Jakob, J. Takala, D. Berger P160 - Dynamic arterial elastance calculated with lidcoplus monitor does not predict changes in arterial pressure after a fluid challenge in postsurgical patients D. Bastoni, H. Aya, L. Toscani, L. Pigozzi, A. Rhodes, M. Cecconi P161 - Analysis of duration of post-operative goal-directed therapy protocol C. Ostrowska, H. Aya, A. Abbas, J. Mellinghoff, C. Ryan, D. Dawson, A. Rhodes, M. Cecconi P162 - Hemodynamic optimization – back to square one? M. Cronhjort, O. Wall, E. Nyberg, R. Zeng, C. Svensen, J. Mårtensson, E. Joelsson-Alm P163 - Effectiveness of fluid thoracic content measurement by bioimpedance guiding intravascular volume optimization in patients with septic shock M. Aguilar Arzapalo, L. Barradas, V. Lopez, M. Cetina P164 - A systematic review on the role of internal jugular vein ultrasound measurements in assessment of volume status in critical shock patients N. Parenti, C. Palazzi, L. A. Amidei, F. B. Borrelli, S. C. Campanale, F. T. Tagliazucchi, G. S. Sedoni, D. L. Lucchesi, E. C. Carella, A. L Luciani P165 - Importance of recognizing dehydration in medical Intensive Care Unit M. Mackovic, N. Maric, M. Bakula P166 - Effect of volume for a fluid challenge in septic patients H. Aya, A. Rhodes, R. M. Grounds, N. Fletcher, M. Cecconi P167 - Fluid bolus practices in a large Australian intensive care unit B. Avard, P. Zhang P168 - Liberal late fluid management is associated with longer ventilation duration and worst outcome in severe trauma patients: a retrospective cohort of 294 patients M. Mezidi, J. Charbit, M. Ould-Chikh, P. Deras, C. Maury, O. Martinez, X. Capdevila P169 - Association of fluids and outcomes in emergency department patients hospitalized with community-acquired pneumonia P. Hou, W. Z. Linde-Zwirble, I. D. Douglas, N. S. Shapiro P170 - Association of positive fluid balance with poor outcome in medicosurgical ICU patients A. Ben Souissi, I. Mezghani, Y. Ben Aicha, S. Kamoun, B. Laribi, B. Jeribi, A. Riahi, M. S. Mebazaa P171 - Impact of fluid balance to organ dysfunction in critically ill patients C. Pereira, R. Marinho, R. Antunes, A. Marinho P172 - Volume bolus in ICU patients: do we need to balance our crystalloids? M. Crivits, M. Raes, J. Decruyenaere, E. Hoste P173 - The use of 6 % HES solution do not reduce total fluid requirement in the therapy of patients with burn shock V. Bagin, V. Rudnov, A. Savitsky, M. Astafyeva, I. Korobko, V. Vein P174 - Electron microscopic assessment of acute kidney injury in septic sheep resuscitated with crystalloids or different colloids T. Kampmeier , P. Arnemann, M. Hessler, A. Wald, K. Bockbreder, A. Morelli, H. Van Aken, S. Rehberg, C. Ertmer P175 - Alterations of conjunctival microcirculation in a sheep model of haemorrhagic shock and resuscitation with 0.9 % saline or balanced tetrastarch P. Arnemann, M. Hessler, T. Kampmeier, S. Rehberg, H. Van Aken, C. Ince, C. Ertmer P176 - A single centre nested pilot study investigating the effect of using 0.9 % saline or Plasma-Lyte 148 ® as crystalloid fluid therapy on gastrointestinal feeding intolerance in mechanically ventilated patients receiving nasogastric enteral nutrition S. Reddy, M. Bailey, R. Beasley, R. Bellomo, D. Mackle, A. Psirides, P. Young P177 - A single centre nested pilot study investigating the effect on post-operative bleeding of using 0.9 % saline or Plasma-Lyte® 148 as crystalloid fluid therapy in adults in ICU after heart surgery S. Reddy, M. Bailey, R. Beasley, R. Bellomo, D. Mackle, P. Young P178 - Extreme hypernatremia and sepsis in a patient with Huntington’s dementia: a conundrum in fluid management H. Venkatesh, S. Ramachandran, A. Basu, H. Nair P179 - Diagnosis and management of severe hypernatraemia in the critical care setting S. Egan, J. Bates P180 - Correlation between arterial blood gas and electrolyte disturbances during hospitalization and outcome in critically ill patients S. Oliveira, N. R. Rangel Neto, F. Q. Reis P181 - Missing the “I” in MUDPILES – a rare cause of high anion gap metabolic acidosis (HAGMA) C. P. Lee, X. L. Lin, C. Choong , K. M. Eu, W. Y. Sim , K. S. Tee, J. Pau , J. Abisheganaden P182 - Plasma NGAL and urinary output: potential parameters for early initiation of renal replacement therapy K. Maas, H. De Geus P183 - Renal replacement therapy for critically ill patients: an intermittent continuity E. Lafuente, R. Marinho, J. Moura, R. Antunes, A. Marinho P184 - A survey of practices related to renal replacement therapy in critically ill patients in the north of England. T. E. Doris, D. Monkhouse, T. Shipley, S. Kardasz, I Gonzalez P185 - High initiation creatinine associated with lower 28-day mortality in critically ill patients necessitating continuous renal replacement therapy S. Stads, A. J. Groeneveld P186 - The impact of Karnofsky performance scale on outcomes in acute kidney injury patients receiving renal replacement therapy on the intensive care unit I. Elsayed, N. Ward, A. Tridente, A. Raithatha P187 - Severe hypophosphatemia during citrate-anticoagulated CRRT A. Steuber, C. Pelletier, S. Schroeder, E. Michael, T. Slowinski, D. Kindgen-Milles P188 - Citrate regional anticoagulation for post dilution continuous renal replacement therapy S. Ghabina P189 - Citrate 18 mmol/l improves anticoagulation during RRT with adsorbing filters F. Turani, A. Belli, S. Busatti, G. Barettin, F. Candidi, F. Gargano, R. Barchetta, M. Falco P190 - Calcium gluconate instead of calcium chloride in citrate-anticoagulated CVVHD O. Demirkiran, M. Kosuk, S. Bozbay P191 - Enhanced clearance of interleukin-6 with continuous veno-venous haemodialysis (CVVHD) using Ultraflux EMiC2 vs. Ultraflux AV1000S V. Weber, J. Hartmann, S. Harm, I. Linsberger, T. Eichhorn, G. Valicek, G. Miestinger, C. Hoermann P192 - Removal of bilirubin with a new adsorbent system: in vitro kinetics S. Faenza, D. Ricci, E. Mancini, C. Gemelli, A. Cuoghi, S. Magnani, M. Atti P193 - Case series of patients with severe sepsis and septic shock treated with a new extracorporeal sorbent T. Laddomada, A. Doronzio, B. Balicco P194 - In vitro adsorption of a broad spectrum of inflammatory mediators with CytoSorb® hemoadsorbent polymer beads M. C. Gruda, P. O’Sullivan, V. P. Dan, T. Guliashvili, A. Scheirer, T. D. Golobish, V. J. Capponi, P. P. Chan P195 - Observations in early vs. late use of cytosorb therapy in critically ill patients K. Kogelmann, M. Drüner, D. Jarczak P196 - Oxiris membrane decreases endotoxin during rrt in septic patients with basal EAA > 0,6 F. Turani, A. B. Belli, S. M. Martni, V. C. Cotticelli, F. Mounajergi, R. Barchetta P197 - An observational prospective study on the onset of augmented renal clearance: the first report S. Morimoto, H. Ishikura P198 - An ultrasound- guided algorithm for the management of oliguria in severe sepsis I. Hussain, N. Salahuddin, A. Nadeem, K. Ghorab, K. Maghrabi P199 - Ultrasound in acute kidney injury (aki). First findings of farius, an education-programme in structural ultrasonography S. K. Kloesel, C. Goldfuss, A. Stieglitz, A. S. Stieglitz, L. Krstevska, G. Albuszies P200 - Effectiveness of renal angina index score predicting acute kidney injury on critically ill patients M. Aguilar Arzapalo, L. Barradas, V. Lopez, A. Escalante, G. Jimmy, M. Cetina P201 - Time length below blood pressure thresholds and progression of acute kidney injury in critically ill patients with or without sepsis: a retrospective, exploratory cohort study J. Izawa, T. Iwami, S. Uchino, M. Takinami, T. Kitamura, T. Kawamura P202 - Anaemia does not affect renal recovery in acute kidney injury J. G. Powell-Tuck, S. Crichton, M. Raimundo, L. Camporota, D. Wyncoll, M. Ostermann P203 - Estimated glomerular filtration rate based on serum creatinine: actual practice in Dutch ICU’s A. Hana, H. R. De Geus P204 - Comparison of estimated glomerular filtration rate calculated by mdrd, ckd-epi-serum-creatinine and ckd-epi-cystatin-c in adult critically ill patients H. R. De Geus, A. Hana P205 - Early diagnosis of septic acute kidney injury in medical critical care patients with a urine cell cycle arrest marker: insulin like growth factor binding protein-7 (IGFBP-7) M. Aydogdu, N. Boyaci, S. Yuksel, G. Gursel, A. B. Cayci Sivri P206 - Urinary neutrophil gelatinase-associated lipocalin as early biomarker of severe acute kidney injury in intensive care J. Meza-Márquez, J. Nava-López, R. Carrillo-Esper P207 - Shrunken pore syndrome is associated with a sharp rise in mortality in patients undergoing elective coronary artery bypass grafting A. Dardashti, A. Grubb P208 - The biomarker nephrocheck™ can discriminate the septic shock patients with an akin 1 or 2 acute renal failure who will not progress toward the akin 3 level J. Maizel, M. Wetzstein, D. Titeca, L. Kontar, F. Brazier, B. De Cagny, A. Riviere, T. Soupison, M. Joris, M. Slama P209 - A worldwide multicentre evaluation of acute kidney injury in septic and non-septic critically ill patients: the intensive care over nations (icon) audit E. Peters, H. Njimi, P. Pickkers, J. L. Vincent P210 - Does enhanced recovery after surgery reduce the incidence of acute kidney injury in those undergoing major gynae-oncological surgery? M. Waraich , J. Doyle, T. Samuels, L. Forni P211 - Identification of risk factors for the development of acute kidney injury after lower limb arthroplasty N. Desai, R. Baumber, P. Gunning, A. Sell P212 - Incidences and associations of acute kidney injury after major trauma S. Lin, H. Torrence, M. O’Dwyer, C. Kirwan, J. Prowle P213 - Acute kidney injury of major trauma patients T Kim P214 - Trajectory of serum creatinine after major surgery and the diagnosis of acute kidney injury M. E. O’Connor, R. W. Hewson, C. J. Kirwan, R. M. Pearse, J. Prowle P215 - Epidemiology of acute kidney injury after cardiac surgery. A single center retrospective study S. Hanoura , A. Omar, H. Othamn, S. Sudarsanan , M. Allam, M. Maksoud, R. Singh, A. Al Khulaifi P216 - Post-operative acute kidney injury after major non-cardiac surgery and its association with death in the following year M. E. O’Connor, R. W. Hewson, C. J. Kirwan, R. M. Pearse, J. Prowle P217 - Factors affecting acute renal failure in intensive care unit and effect of these factors on mortality O. Uzundere, D. Memis , M. Ýnal, A. , N. Turan P218 - Results of the live kidney transplantations according to national data of turkish organ and tissue information system M. A. Aydin, H. Basar, I. Sencan, A. Kapuagasi, M. Ozturk, Z. Uzundurukan, D. Gokmen, A. Ozcan, C. Kaymak P219 - Anaesthesia procedure and intensive therapy in patients with neck phlegmon V. A. Artemenko, A. Budnyuk P220 - Nasal high flow oygen for acute respiratory failure: a systematic review R. Pugh , S. Bhandari P221 - Setting optimal flow rate during high flow nasal cannula support: preliminary results T. Mauri, C. Turrini, T. Langer, P. Taccone, C. A. Volta, C. Marenghi, L. Gattinoni, A. Pesenti P222 - Dose to dose consistency across two different gas flow rates using cystic fibrosis and normal adult breathing profiles during nasal high flow oxygen therapy L. Sweeney, A . O’ Sullivan, P. Kelly, E. Mukeria, R. MacLoughlin P223 - Final results of an evaluation of airway medix closed suction system compared to a standard closed suction system M. Pfeffer, J. T. Thomas, G. B. Bregman, G. K. Karp, E. K. Kishinevsky, D. S. Stavi, N. A. Adi P224 - Different cuff materials and different leak tests - one size does not fit all T. Poropat, R. Knafelj P225 - Observational study on the value of the cuff-leak test and the onset of upper airway obstruction after extubation E. Llopart, M. Batlle, C. De Haro, J. Mesquida, A. Artigas P226 - A device for emergency transtracheal lung ventilation D. Pavlovic, L. Lewerentz, A. Spassov, R. Schneider P227 - Long-term outcome and health-related quality of life in patients discharged from the intensive care unit with a tracheostomy and with or without prolonged mechanical ventilation S. De Smet, S. De Raedt, E. Derom, P Depuydt, S. Oeyen, D. Benoit, J. Decruyenaere P228 - Ultrasound-guided percutaneous dilational tracheostomy versus bronchoscopy-guided percutaneous dilational tracheostomy in critically ill patients (trachus): a randomized clinical trial A. Gobatto, B. Bese, P. Tierno, L. Melro, P. Mendes, F. Cadamuro, M. Park, L. M. Malbouisson P229 - Is it safe to discharge patients with tracheostomy from the ICU to the ward? B. C. Civanto, J. L. Lopez, A. Robles, J. Figueira, S. Yus, A. Garcia P230 - The application of tracheostomy in children in ICU A. Oglinda, G. Ciobanu, C. Oglinda, L. Schirca, T. Sertinean, V. Lupu P231 - The impact of passive humidifiers on aerosol drug delivery during mechanical ventilation P. Kelly, A. O’Sullivan, L. Sweeney, R. MacLoughlin P232 - Evaluation of vibrating mesh and jet nebuliser performance at two different attachment setups in line with a humidifier nebuliser system A. O’Sullivan, P. Kelly, L. Sweeney, E. Mukeria, M. Wolny , R. MacLoughlin P233 - Psv-niv versus cpap in the treatment of acute cardiogenic pulmonary edema A. Pagano, F. Numis, G. Vison, L. Saldamarco, T. Russo, G. Porta, F. Paladino P234 - Noninvasive ventilation in patients with haematologic malignancy: a retrospective review C. Bell, J. Liu, J. Debacker, C. Lee, E. Tamberg, V. Campbell, S. Mehta P235 - Use of non-invasive ventilation in infectious diseases besides classical indications A. Silva-Pinto, A. Sarmento, L. Santos P236 - The impact of fragility on noninvasive mechanical ventilation application and results in the ICU Ý. Kara, F. Yýldýrým, A. Zerman, Z. Güllü, N. Boyacý, B. Basarýk Aydogan, Ü. Gaygýsýz, K. Gönderen, G. Arýk, M. Turkoglu, M. Aydogdu, G. Aygencel, Z. Ülger, G. Gursel P237 - Effects of metabolic alkalosis on noninvasive ventilation success and ICU outcome in patients with hypercapnic respiratory failure N. Boyacý, Z. Isýkdogan, Ö. Özdedeoglu, Z. Güllü, M. Badoglu, U. Gaygýsýz, M. Aydogdu, G. Gursel P238 - Asynchrony index and breathing patterns of acute exacerbation copd patients assisted with noninvasive pressure support ventilation and neurally adjusted ventilatory assist N. Kongpolprom, C. Sittipunt P239 - High frequency jet ventilation for severe acute hypoxemia A. Eden, Y. Kokhanovsky, S. Bursztein – De Myttenaere, R. Pizov P240 - HFOV revisited: a 7 year retrospective analysis of patients receiving HFOV who met oscillate trial entry criteria L. Neilans, N. MacIntyre P241 - Implementation of a goal-directed mechanical ventilation order set driven by respiratory therapists can improve compliance with best practices for mechanical ventilation M. Radosevich, B. Wanta, V. Weber, T. Meyer, N. Smischney, D. Brown, D. Diedrich P242 - A reduction in tidal volumes for ventilated patients on ICU calculated from IBW. can it minimise mortality in comparison to traditional strategies? A . Fuller, P. McLindon, K. Sim P243 - Predictive value of lung aeration scoring using lung ultrasound in weaning failure M. Shoaeir, K. Noeam, A. Mahrous, R. Matsa, A. Ali P244 - Conventional versus automated weaning from mechanical ventilation using SmartCare™ C. Dridi, S. Koubaji, S. Kamoun, F. Haddad, A. Ben Souissi, B. Laribi, A. Riahi, M. S. Mebazaa P245 - Ultrasonographic evaluation protocol for weaning from mechanichal ventilation A. Pérez-Calatayud, R. Carrillo-Esper, A. Zepeda-Mendoza, M. Diaz-Carrillo, E. Arch-Tirado P246 - Diaphragm ultrasonography: a method for weaning patients from mechanical ventilation S. Carbognin, L. Pelacani, F. Zannoni, A. Agnoli, G. Gagliardi P247 - Dorsal diaphragmatic excursion tracks transpulmonary pressure in ventilated ARDS patients: a potential non-invasive indicator of lung recruitment? R. Cho, A. Adams , S. Lunos, S. Ambur, R. Shapiro, M. Prekker P248 - Pulse oximetry in the icu patient: is the perfusion index of any value? M. Thijssen, L. Janssen, N. Foudraine P249 - Ventilation is a better assessment of respiratory status than EtCO2 C. J. Voscopoulos, J. Freeman P250 - Evaluation of the relationship between non-invasive minute ventilation and end-tidal CO2 in patients undergoing general vs spinal anesthesia C. J. Voscopoulos, J. Freeman, E. George P251 - Respiratory volume monitoring provides early warning of respiratory depression and can be used to reduce false alarms in non-intubated patients C. J. Voscopoulos, D. Eversole, J. Freeman, E. George P252 - P/i index: a predictive edi-derived weaning index during nava S. Muttini, R. Bigi, G. Villani, N. Patroniti P253 - Adequacy of ventilation in patients receiving opioids in the post anesthesia care unit: minute ventilation versus respiratory rate G. Williams, C. J. Voscopoulos, J. Freeman, E. George P254 - Comparison of regional and global expiratory time constants measured by electrical impedance tomography (EIT) A. Waldmann, S. Böhm, W. Windisch, S. Strassmann, C. Karagiannidis P255 - Electrical impedance tomography: robustness of a new pixel wise regional expiratory time constant calculation A. Waldmann, S. Böhm, W. Windisch, S. Strassmann, C. Karagiannidis P256 - Validation of regional and global expiratory time constant measurement by electrical impedance tomography in ards and obstructive pulmonary diseases C. K. Karagiannidis, A. W. Waldmann, S. B. Böhm, S. Strassmann, W. W. Windisch P257 - Transpulmonary pressure in a model with elastic recoiling lung and expanding chest wall P. Persson, S. Lundin, O. Stenqvist P258 - Lactate in pleural and abdominal effusion G. Porta, F. Numis, C. S. Serra, A. P. Pagano, M. M. Masarone, L. R. Rinaldi, A. A. Amelia, M. F. Fascione, L. A. Adinolfi, E. R. Ruggiero P259 - Outcome of patients admitted to the intensive care with pulmonary fibrosis F. Asota, K. O’Rourke, S. Ranjan, P. Morgan P260 - Sedation and analgesia practice in extra-corporeal membrane oxygenation (ECMO)-treated patients with acute respiratory distress syndrome (ARDS): a retrospective study J. W. DeBacker, E. Tamberg, L. O’Neill, L. Munshi, L. Burry, E. Fan, S. Mehta P261 - Characteristics and outcomes of patients deemed not eligible when referred for veno-venous extracorporeal membrane oxygenation (vv-ECMO) S. Poo, K. Mahendran, J. Fowles, C. Gerrard, A. Vuylsteke P262 - The SAVE SMR for veno-arterial ECMO R. Loveridge, C. Chaddock, S. Patel, V. Kakar, C. Willars, T. Hurst, C. Park, T. Best, A. Vercueil, G. Auzinger P263 - A simplified score to predict early (48 h) mortality in patients being considered for VA-ECMO A. Borgman, A. G. Proudfoot, E. Grins, K. E. Emiley, J. Schuitema, S. J. Fitch, G. Marco, J. Sturgill, M. G. Dickinson, M. Strueber, A. Khaghani, P. Wilton, S. M. Jovinge P264 - Lung function six months post extra corporeal membrane oxygenation (ECMO) for severe acute respiratory failure in adult survivors C. Sampson, S. Harris-Fox P265 - Bicarbonate dialysis removes carbon dioxide in hypoventilated rodents. M. E. Cove, L. H. Vu, A. Sen, W. J. Federspiel, J. A. Kellum P266 - Procalcitonin as predictor of primary graft dysfunction and mortality in post-lung transplantation C. Mazo Torre, J. Riera, S. Ramirez, B. Borgatta, L. Lagunes, J. Rello P267 - New molecular biomarkers of acute respiratory distress syndrome in abdominal sepsis A. K. Kuzovlev, V. Moroz, A. Goloubev, S. Polovnikov, S. Nenchuk P268 - Tight junction’s proteins claudin -5 and regulation by tnf in experimental murine lung injury model of ali/ards V. Karavana, C. Glynos, A. Asimakos, K. Pappas, C. Vrettou, M. Magkou, E. Ischaki, G. Stathopoulos, S. Zakynthinos P269 - Cell counts in endobronchial aspirate to assess airway inflammation in ARDS patients: a pilot study S. Spadaro, I. Kozhevnikova, F. Dalla Corte, S. Grasso, P. Casolari, G. Caramori, C. Volta P270 - Epidemiological and clinical profile of patients with acute respiratory distress syndrome in the surgical intensive care unit surgical, hospital JRA, Antananarivo T. Andrianjafiarinoa, T. Randriamandrato, T. Rajaonera P271 - Effect of high PEEP after recruitment maneuver on right ventricular function in ARDS. Is it good for the lung and for the heart? S. El-Dash, ELV Costa, MR Tucci, F Leleu, L Kontar, B. De Cagny, F. Brazier, D. Titeca, G. Bacari-Risal, J. Maizel, M. Amato, M. Slama P272 - Effect of recruitment maneuver on left ventricular systolic strain P. Mercado, J. Maizel, L. Kontar, D. Titeca, F. Brazier, A. Riviere, M. Joris, T. Soupison, B. De Cagny, S. El Dash, M. Slama P273 - Inhaled nitric oxide – is switching supplier cost effective? Remmington, A. Fischer, S. Squire, M. Boichat P274 - Epidemiological study of severe acute pancreatitis in Japan, comparison of the etiology and the patient outcomes on 1159 patients. H. Honzawa, H. Yasuda, T. Adati, S. Suzaki, M. Horibe, M. Sasaki, M. Sanui P275 - Extracorporeal liver support therapy. Experience in an intensive care unit R. Marinho, J. Daniel, H. Miranda, A. Marinho P276 - Accuracy of mortality prediction models in acute versus acute-on-chronic liver failure in the intensive care setting K. Milinis, M. Cooper, G. R. Williams, E. McCarron, S. Simants, I. Patanwala, I. Welters P277 - Risk of coronary artery disease in patients with chronic liver disease: a population based cohort study Y. Su P278 - 20 years of liver transplantation in Santiago de Compostela (Spain). Experience review J. Fernández Villanueva, R. Fernández Garda, A. López Lago, E. Rodríguez Ruíz, R. Hernández Vaquero, S. Tomé Martínez de Rituerto, E. Varo Pérez P279 - Diarrhea is a risk factor for liver injury and may lead to intestinal failure associated liver disease in critical illness N. Lefel, F. Schaap, D. Bergmans, S. Olde Damink, M. Van de Poll P280 - Bowel care on the intensive care unit: constipation guideline compliance and complications K. Tizard, C. Lister, L. Poole P281 - Malnutrition assessed by phase angle determines outcomes in low risk cardiac surgery patients D. Ringaitiene, D. Gineityte, V. Vicka, I. Norkiene, J. Sipylaite P282 - Preoperative fasting times in an irish hospital A. O’Loughlin, V. Maraj, J. Dowling P283 - Costs and final outcome of early x delayed feeding in a private Brazil ICU M. B. Velasco, D. M. Dalcomune, E. B. Dias, S. L. Fernandes P284 - Can ventilator derived energy expenditure measurements replace indirect calorimetry? T. Oshima, S. Graf, C. Heidegger, L. Genton, V. Karsegard, Y. Dupertuis, C. Pichard P285 - Revisiting the refeeding syndrome: results of a systematic review N. Friedli, Z. Stanga, B. Mueller, P. Schuetz P286 - Compliance with the new protocol for parenteral nutrition in our ICU L. Vandersteen, B. Stessel, S. Evers, A. Van Assche, L. Jamaer, J. Dubois P287 - Nutrition may be another treatment in the intensive care unit where less is more? R. Marinho, H. Castro, J. Moura, J. Valente, P. Martins, P. Casteloes, C. Magalhaes, S. Cabral, M. Santos, B. Oliveira, A. Salgueiro, A. Marinho P288 - Should we provide more protein to critically ill patients? R. Marinho, M. Santos, E. Lafuente, H. Castro, S. Cabral, J. Moura, P. Martins, B. Oliveira, A. Salgueiro, S. Duarte, S. Castro, M. Melo, P. Casteloes, A. Marinho P289 Protein provision in an adult intensive care unit S. Gray P290 - Prevalence and clinical outcomes of vitamin d deficiency in the medical critically ill patients in Songklanagarind hospital K. Maipang, R. Bhurayanontachai P291 - Vitamin d deficiency strongly predicts adverse medical outcome across different medical inpatient populations: results from a prospective study L. G. Grädel, P. Schütz P292 - Omega-3 fatty acids in patients undergoing cardiac surgery: a systematic review and meta-analysis P. Langlois, W. Manzanares P293 - Can 5-hydroxytriptophan prevent post-traumatic stress disorder in critically ill patients? R. Tincu, C. Cobilinschi, D. Tomescu, Z. Ghiorghiu, R. Macovei P294 - Parenteral selenium in the critically ill: an updated systematic review and meta-analysis W. Manzanares, P. Langlois, M. Lemieux, G. Elke, F. Bloos, K. Reinhart, D. Heyland P295 - Probiotics in the critically ill: an updated systematic review and meta-analysis P. Langlois, M. Lemieux, I. Aramendi, D. Heyland, W. Manzanares P296 - Diabetes with hyperglycemic crisis episodes may be associated with higher risk of pancreatic cancer: a population-based cohort study Y. Su P297 - Incidence of hypoglycemia in an intensive care unit depending on insulin protocol R. Marinho, N. Babo, A. Marinho P298 - Severity of the diseases is two-dimensionally correlated to blood glucose, including blood glucose variability, especially in moderately to severely ill patients with glucose intolerance. M. Hoshino, Y. Haraguchi, S. Kajiwara, T. Mitsuhashi, T. Tsubata, M. Aida P299 - A study of glycemic control by subcutaneous glargine injection transition from continuous regular insulin infusion in critically ill patients T. Rattanapraphat, R. Bhurayanontachai, C. Kongkamol, B. Khwannimit P300 - Glycemic control in Portuguese intensive care unit R. Marinho, M. Santos, H. Castro, E. Lafuente, A. Salgueiro, S. Cabral, P. Martins, J. Moura, B. Oliveira, M. Melo, B. Xavier, J. Valente, C. Magalhaes, P. Casteloes, A. Marinho P301 - Impact of hyperglycemia duration on the day of operation on short-term outcome of cardiac surgery patients D. Moisidou, F. Ampatzidou, C. Koutsogiannidis, M. Moschopoulou, G. Drossos P302 - Lactate levels in diabetic ketoacidosis patients at ICU admissions G. Taskin, M. Çakir, AK Güler, A. Taskin, N. Öcal, S. Özer, L. Yamanel P303 - Intensive care implications of merging heart attack centre units in London J. M. Wong, C. Fitton, S. Anwar, S. Stacey P304 - Special characteristics of in-hospital cardiac arrests M. Aggou, B. Fyntanidou, S. Patsatzakis, E. Oloktsidou, K. Lolakos, E. Papapostolou, V. Grosomanidis P305 - Clinical evaluation of ICU-admitted patients who were resuscitated in the general medicine ward S. Suda , T. Ikeda, S. Ono, T. Ueno, Y. Izutani P306 - Serious game evaluation of a one-hour training basic life support session for secondary school students: new tools for future bystanders S. Gaudry, V. Desailly, P. Pasquier, PB Brun, AT Tesnieres, JD Ricard, D. Dreyfuss, A. Mignon P307 - Public and clinical staff perceptions and knowledge of CPR compared to local and national data J. C White, A. Molokhia, A. Dean, A. Stilwell, G. Friedlaender P308 Dispatcher-assisted telephone cardiopulmonary resuscitation using a French-language compression-ventilation pediatric protocol M. Peters, S. Stipulante, A. Delfosse, AF Donneau, A. Ghuysen P309 Dantrolene versus amiodarone for resuscitation – an experimental study C. Feldmann, D. Freitag, W. Dersch, M. Irqsusi, D. Eschbach, T. Steinfeldt, H. Wulf, T. Wiesmann P310 Long term survival and functional neurological outcome in comatose survivors undergoing therapeutic hypothermia N. Kongpolprom, J. Cholkraisuwat P311 Impact of kidney disease on mortality and neurological outcome in out-of-hospital cardiac arrest: a prospective observational study S. Beitland , E. Nakstad, H. Stær-Jensen , T. Drægni , G. Andersen , D. Jacobsen , C. Brunborg, B. Waldum-Grevbo , K. Sunde P312 ICU dependency of patients admitted after primary percutaneous coronary intervention (PPCI) following out of the hospital cardiac arrest K. Hoyland, D. Pandit P313 Prognostic indicators and outcome prediction model for patients with return of spontaneous circulation from cardiopulmonary arrest: comprehensive registry of in-hospital intensive care on OHCA survival (critical) study in Osaka, Japan K. Hayakawa P314 Cerebral oxygen saturation during resuscitation in a porcine model of cardiac arrest E. Oloktsidou, K. Kotzampassi, B. Fyntanidou, S. Patsatzakis, L. Loukipoudi, E. Doumaki, V. Grosomanidis P315 Presumption of cardiopulmonary resuscitation for sustaining cerebral oxidation using regional cerebral saturation of oxygen: observational cohort study (press study) H. Yasuda P316 EEG reactivity in patients after cardiac arrest: a close look at stimuli MM Admiraal, M. Van Assen, MJ Van Putten, M. Tjepkema-Cloostermans, AF Van Rootselaar, J. Horn P317 Prognostic value of neuron-specific enolase after cardiac arrest F. Ragusa, A. Marudi , S. Baroni, A. Gaspari, E. Bertellini P318 Correlation between electroencephalographic findings and serum neuron specific enolase with outcome of post cardiac arrest patients A. Taha, T. Abdullah, S. Abdel Monem P319 Introduction of a targeted temperature management strategy following cardiac arrest in a district general hospital intensive care unit. S. Alcorn, S. McNeill, S. Russell P320 The evolution of cerebral oxygen saturation in post-cardiac arrest patients treated with therapeutic hypothermia W. Eertmans, C. Genbrugge, I. Meex, J. Dens, F. Jans, C. De Deyne P321 Prognostic factors and neurological outcomes of therapeutic hypothermia in comatose survivors from cardiac arrest: 8-year single center experience J. Cholkraisuwat, N. Kongpolprom P322 Adherence to targeted temperature management after out of hospital cardiac arrest B. Avard, R. Burns P323 Implementation of a therapeutic hypothermia protocol for comatose survivors of out-of-hospital cardiac arrest. A. Patarchi, T. Spina P324 Factors associated with ventilator weaning after targeted temperature management for cardiac arrest patients in japan H. Tanaka, N. Otani, S. Ode, S. Ishimatsu P325 Differential activation of c-fos in paraventricular nuclei of the hypothalamus and thalamus of the rat following myocardial infarction J. Cho, J. B. Moon, C. W. Park, T. G. Ohk, M. C. Shin, M. H. Won P326 Monitoring of cTroponin I in patients with acute ischemic stroke - predictor of inhospital mortality S. Dakova, Z. Ramsheva, K. Ramshev P327 Hyperthermic preconditioning severely accelerates neuronal damage in the gerbil ischemic hippocampal dentate gyrus via decreasing sods expressions J. Cho, J. B. Moon, C. W. Park, T. G. Ohk, M. C. Shin P328 Failure in neuroprotection of remote limb ischemic post conditioning in the hippocampus of a gerbil model of transient cerebral ischemia J. Cho, J. B. Moon, C. W. Park, T. G. Ohk, M. C. Shin P329 Brain death and admission diagnosis in neurologic intensive care unit, a correlation? A Marudi, S Baroni, A Gaspari, E Bertellini P330 Brain magnetic resonance imaging findings in patients with septic shock G. Orhun, E. Senturk, P. E. Ozcan, S. Sencer, C. Ulusoy, E. Tuzun, F . Esen P331 Benefits of L-carnitine in valproic acid induced encephalopathy R. Tincu, C. Cobilinschi, D. Tomescu, Z. Ghiorghiu, R. Macovei P332Automatic analysis of EEG reactivity in comatose patients M. Van Assen, M. M. Admiraal, M. J. Van Putten, M. Tjepkema-Cloostermans, A. F. Van Rootselaar, J. Horn P333 Usefulness of common ICU severity scoring systems in predicting outcome after spontaneous intracerebral hemorrhage M. Fallenius, M. B. Skrifvars, M. Reinikainen, S. Bendel, R. Raj P334 Evalution of patients with suspected subarachnoid haemorrhage and negative ct imaging M. Abu-Habsa, C. Hymers, A. Borowska, H. Sivadhas, S. Sahiba, S. Perkins P335 Timing of endovascular and surgical treatment for aneurysmal subarachnoid haemorrhage: early but not so fast. J. Rubio, J. A. Rubio, R. Sierra P336 Red blood cell transfusion in aneurysmal subarachnoid hemorrhage – the Sahara cohort study S. English, M. Chasse, A. Turgeon, F. Lauzier, D. Griesdale, A. Garland, D. Fergusson, R. Zarychanski, A. Tinmouth, C. Van Walraven, K. Montroy, J. Ziegler, R. Dupont Chouinard, R. Carignan, A. Dhaliwal, C. Lum, J. Sinclair, G. Pagliarello, L. McIntyre P337 - Aneurysmal subarachnoid hemorrhage and anemia: a canadian multi-centre retrospective cohort study S. English, M. Chasse, A. Turgeon, F. Lauzier, D. Griesdale, A. Garland, D. Fergusson, R. Zarychanski, A. Tinmouth, C. Van Walraven, K. Montroy, J. Ziegler, R. Dupont Chouinard, R. Carignan, A. Dhaliwal, C. Lum, J. Sinclair, G. Pagliarello, L. McIntyre P338 - Does the neutrophil-to-lymphocyte (NLR) ratio predict symptomatic vasospasm or delayed cerebral ischemia (DCI) after aneurysmal subarachnoid haemorrhage (SAH)? T. Groza, N. Moreau, D. Castanares-Zapatero, P. Hantson P339 - ICU-acquired infections in aneurysmal subarachnoid hemorrhage patients: impact on ICU and hospital length of stay M. Carbonara , F. Ortolano, T. Zoerle, S. Magnoni, S. Pifferi, V. Conte, N. Stocchetti P340 - Cerebral metabolic effects of normobaric hyperoxia during the acute phase of aneurysmal subarachnoid hemorrhage L. Carteron, T. Suys, C. Patet, H. Quintard, M. Oddo P341 - Postoperative care for elective craniotomy: where is best done? J. A. Rubio, J. Rubio, R. Sierra P342 - 5-year follow-up of patients after transplantation of organs from donors from neurocritical care V. Spatenkova, E. Pokorna, P. Suchomel P343 - Evaluation of levetiracetam pharmacokinetics after severe traumatic brain injury in neurocritical care patients at a level one trauma center N. Ebert, J. Jancik, H. Rhodes P344 - Model based time series cluster analysis to determine unique patient states in traumatic brain injury T. Bylinski, C. Hawthorne, M. Shaw, I. Piper, J. Kinsella P345 - Brain compartment monitoring capabilities from ICP to BI (bioimpedance) during HS (hypertonic saline) administration. State of art simulation outcome depending on brain swelling type A. K. Kink , I. R. Rätsep P346 - Transfusion of red blood cells in patients with traumatic brain injury admitted to Canadian trauma health centers: a multicenter cohort study A. Boutin, L. Moore, M. Chasse, R. Zarychanski, F. Lauzier, S. English, L. McIntyre, J. Lacroix, D. Griesdale, P. Lessard-Bonaventure, A. F. Turgeon P347 - Hemoglobin thresholds and red blood cell transfusions in adult patients with moderate or severe traumatic brain injury: a retrospective cohort study A. Boutin, L. Moore, R. Green, P. Lessard-Bonaventure, M. Erdogan, M. Butler, F. Lauzier, M. Chasse, S. English, L. McIntyre, R. Zarychanski, J. Lacroix, D. Griesdale, P. Desjardins, D. A. Fergusson, A. F. Turgeon P348 - Characteristics of patients with gunshot wounds to the head - an observational Brazilian study B. Goncalves, B. Vidal, C. Valdez, A. C. Rodrigues, L. Miguez, G. Moralez P349 - Base excess as predictor for ICU admission and the injury severity in blunt trauma patients T. Hong P350 - Enhancement of usual emergency department care with proadrenomedullin to improve outcome prediction - Results from the multi-national, prospective, observational TRIAGE study A. Kutz, P. Hausfater, D. Amin, T. Struja, S. Haubitz, A. Huber, B. Mueller, P. Schuetz P351 - Developing an innovative emergency medicine point-of-care simulation programme T. Brown, J. Collinson, C. Pritchett, T. Slade P352 - The InSim program: an in situ simulation program for junior trainees in intensive care M. Le Guen, S. Hellings, R. Ramsaran P353 - Impact of excessive and inappropriate troponin testing in the emergency setting how good are we A. Alsheikhly P354 - The development of time tracking monitor at emergency department T. Abe P355 - Role of focussed echocardiography in emergency assessment of syncope L. Kanapeckaite, M. Abu-Habsa, R. Bahl P356 - Insertion of an open-ended 14-gauge catheter through the chest wall causes a significant pneumothorax in a self-ventilating swine model M. Q Russell, K. J. Real, M. Abu-Habsa , R. M. Lyon, N. P. Oveland P357 - Ez-io® intraosseous access teaching in the workplace using a mobile ‘tea trolley’ training method J. Penketh, M. Mcdonald, F. Kelly P358 - Black widow envenomation in Saudi Arabia: a prospective observational case series M. Alfafi, S. Alsolamy, W. Almutairi, B. Alotaibi P359 - Mechanical ventilation in patients with overdose not yet intubated on icu admission A. E. Van den Berg, Y. Schriel, L. Dawson, I. A. Meynaar P360 - Central nervous system depressants poisoning and ventilator associated pneumonia: an underrated risk factor in toxicological intensive care unit H. Talaie P361 - Acute barium intoxication treated with hemodiafiltration D. Silva, S. Fernandes, J. Gouveia, J. Santos Silva P362 - Major trauma presenting to the emergency department. the spectrum of cycling injuries in Ireland J. Foley, A. Kaskovagheorgescu, D. Evoy, J. Cronin, J. Ryan P363 - Burns from French military operations: a 14-year retrospective observational analysis. M. Huck, C. Hoffmann, J. Renner, P. Laitselart, N. Donat, A. Cirodde, J. V. Schaal, Y. Masson, A. Nau, T. Leclerc P364 - A comparison of mortality scores in burns patients on the intensive care unit. O. Howarth, K. Davenport, P. Jeanrenaud, S. Raftery P365 - Clasification of pain and its treatment and an intensive care rehabiliation clinic P. MacTavish, H. Devine, J. McPeake, M. Daniel, J. Kinsella, T. Quasim P366 - Pain management adequacy in critical care areas ,the process and the barriers perceived by critical care nurses S. Alrabiee, A. Alrashid , S. Alsolamy P367 - Pain assessment in critically ill adult patients: validation of the Turkish version of the critical-care pain observation tool O. Gundogan, C. Bor, E. Akýn Korhan, K. Demirag , M. Uyar P368 - An audit of pain and sedation assessments in the intensive care unit: recommendations for clinical practice F. Frame, C. Ashton, L. Bergstrom Niska P369 - Impact of pharmaceutical care on treatment of pain and agitation in medical intensive care unit P. Dilokpattanamongkol, T. Suansanae, C. Suthisisang, S. Morakul, C. Karnjanarachata, V. Tangsujaritvijit P370 - Agitation in trauma ICU, prevention and outcome S. Mahmood, H. Al Thani, A. Almenyar P371 Correlation between percentages of ventilated patients developed vap and use of sedative agents in icu patients. A. Vakalos , V. Avramidis P372 - Improving recording of sedation events in the Emergency Department: The implementation of the SIVA International Taskforce adverse event reporting tool for procedural sedation R. Sharvill, J. Penketh P373 - Impact of sedative drug use on the length of mechanical ventilation S. E. Morton, Y. S. Chiew, C. Pretty, J. G. Chase, G. M. Shaw P374 - Co-administration of nitric oxide and sevoflurane using anaconda R. Knafelj, P. Kordis P375 - A retrospective study of the use of Dexmedetomidine in an oncological critical care setting S. Patel, V. Grover P376 - Dexmedetomidine and posttraumatic stress disorder incidence in alcohol withdrawal icu patients I. Kuchyn, K. Bielka P377 - Hemodynamic effects of dexmedetomidine in a porcine model of septic shock Z. Aidoni, V. Grosomanidis, K. Kotzampassi, G. Stavrou, B. Fyntanidou, S. Patsatzakis, C. Skourtis P378 - Ketamine for analgosedation in severe hypoxic respiratory failure S. D. Lee, K. Williams, I. D. Weltes P379 - Madness from the moon? lunar cycle and the incidence of delirium on the intensive care unit S. Berhane, C. Arrowsmith, C. Peters, S. Robert P380 - Impaired dynamic cerebral autoregulation after coronary artery bypass grafting and association with postoperative delirium J. Caldas, R. B. Panerai, T. G. Robinson, L. Camara, G. Ferreira, E. Borg-Seng-Shu, M. De Lima Oliveira, N. C. Mian, L. Santos, R. Nogueira, S. P. Zeferino, M. Jacobsen Teixeira, F. Galas, L. A. Hajjar P381 - Risk factors predicting prolonged intensive care unit length of stay after major elective surgery. P. Killeen, M. McPhail, W. Bernal, J. Maggs, J. Wendon, T. Hughes P382 - Systemic inflammatory response syndrome criteria and hospital mortality prediction in a brazilian cohort of critically ill patients L. U. Taniguchi, E. M. Siqueira, J. M. Vieira Jr, L. C. Azevedo P383 - Evaluating the efficacy of a risk predictor panel in identifying patients at elevated risk of morbidity following emergency admission A. N. Ahmad, M. Abu-Habsa, R. Bahl, E. Helme, S. Hadfield, R. Loveridge P384 - A retrospective comparison of outcomes for elective surgical patients admitted post-operatively to the critical care unit or general ward J. Shak, C. Senver, R. Howard-Griffin P385 - Effect of obesity on mortality in surgical critically ill patients. P. Wacharasint, P. Fuengfoo, N. Sukcharoen, R. Rangsin P386 - The national early warning score (news) reliably improves adverse clinical outcome prediction in community-acquired pneumonia - results from a 6 year follow-up D. Sbiti-Rohr, P. Schuetz P387 - Clinical usefulness of the charlson¡¯s weighted index of comorbidities _as prognostic factor in patients with prolonged acute mechanical ventilation H. Na, S. Song, S. Lee, E. Jeong, K. Lee P388 - Comparison of mortality prediction scoring systems in patients with cirrhosis admitted to general intensive care unit M. Cooper, K. Milinis, G. Williams, E. McCarron, S. Simants, I. Patanwala, I. D. Welters P389 - Impact of admission source and time of admission on outcome of pediatric intensive care patients: retrospective 15 years study E. Zoumpelouli, EA Volakli, V. Chrysohoidou, S. Georgiou, K. Charisopoulou, E. Kotzapanagiotou, V. Panagiotidou, K. Manavidou, Z. Stathi, M. Sdougka P390 - Heart rate variability and outcomes prediction in critical illness N. Salahuddin, B. AlGhamdi, Q. Marashly, K. Zaza, M. Sharshir, M. Khurshid, Z. Ali, M. Malgapo, M. Jamil, A. Shafquat, M. Shoukri, M. Hijazi P391 - The incidence and outcome of hyperlactatemia in the post anaesthesia care unit T. Abe, S. Uchino, M. Takinami P392 - Correlation between arterial blood gas disturbances and arterial lactate levels during hospitalization and outcome in critically septic patients N. R. Rangel Neto, S. Oliveira, F. Q. Reis, F. A. Rocha P393 - External validation of saps 3 and mpm iii scores in 48,816 patients from 72 brazilian icus G. Moralez, K. Ebecken, L. S. Rabello, M. F. Lima, R. Hatum, F. V. De Marco, A. Alves, J. E. Pinto, M. Godoy, P. E. Brasil, F. A. Bozza, J. I. Salluh, M. Soares P394 - The frailty penalty: pre-admission functional status confounds mortality prediction models in critically ill patients J. Krinsley, G. Kang P395 - ‘sooner rather than later”: how delayed discharge from critical care leads to increased out of hours discharges and subsequent increase in in-hospital mortality. J. Perry, H. Hines P396 - Identifying poor outcome patient groups in a resource-constrained critical care unit K. M. Wilkinson, C. Tordoff, B. Sloan, M. C. Bellamy P397 - Effects of icu weekend admission and discharge on mortality. E. Moreira, F. Verga, M. Barbato, G. Burghi P398 - Organizational factors, outcomes and resource use in 9,946 cancer patients admitted to 70 ICUs M Soares, U. V. Silva, L. C. Azevedo, A. P. Torelly, J. M. Kahn, D. C. Angus, M. F. Knibel, P. E. Brasil, F. A. Bozza, J. I. Salluh P399 - Evaluation of oncological critically ill patients, severity score and outcome compared to not oncological in a particular hospital cti. M. B. Velasco, D. M. Dalcomune P400 - Outcomes of patients admitted to a large uk critical care department with palliative oncological diagnoses R. Marshall, T. Gilpin, A. Tridente, A. Raithatha P401 - Predictors of mortality in febrile neutropenic patients with haematological malignancies admitted to an intensive care unit of a cancer center D. Mota, B. Loureiro, J. Dias, O. Afonso, F. Coelho, A. Martins, F. Faria P402 - Patients with hematologic malignancies requiring invasive mechanical ventilation: characteristics and predictors of mortality H. Al-Dorzi, H. Al Orainni , F. AlEid, H. Tlaygeh, A. Itani, A. Hejazi, Y. Arabi P403 - Patient-important outcomes in randomized controlled trials in critically ill patients: a systematic review S. Gaudry, J. Messika, J. D. Ricard, S. Guillo, B. Pasquet, E. Dubief, D. Dreyfuss, F. Tubach P404 - Alopecia in survivors of critical illness: a qualitative study C . Battle, K. James, P. Temblett P405 - The impact of mental health on icu admission L. Davies, C. Battle, C. Lynch P406 - Cognitive impairment 5 years after ICU discharge S. Pereira, S. Cavaco, J. Fernandes, I. Moreira, E. Almeida, F. Seabra Pereira, M. Malheiro, F. Cardoso, I. Aragão, T. Cardoso P407 - Apache ii versus apache iv for octagenerians in medical icu M. Fister, R. Knafelj P408 - Outcomes of octagenarians in an indian icu P. Muraray Govind, N. Brahmananda Reddy, R. Pratheema, E. D. Arul, J. Devachandran P409 - Mortality and outcomes in elderly patients 80 years of age or older admitted to the icu M. B. Velasco , D. M. Dalcomune P410 - Octagenerians in medical icu - adding days to life or life to days? R. Knafelj, M. Fister P411 - The very elderly admitted to intensive care unit: outcomes and economic evaluation N. Chin-Yee, G. D’Egidio, K. Thavorn, D. Heyland, K. Kyeremanteng P412 - The very elderly in intensive care: relationship between acuity of illness and long-term mortality A. G. Murchison, K. Swalwell, J. Mandeville, D. Stott P413 - Acquired weakness in an oncological intensive care unit I. Guerreiro P414 - Musculoskeletal problems in intensive care unit (ICU) patients post-discharge H. Devine, P. MacTavish, J. McPeake, T. Quasim, J. Kinsella, M. Daniel P415 - Premorbid obesity, but not nutrition, prevents critical illness-induced muscle wasting and weakness C. Goossens M. B. Marques, S. Derde, S. Vander Perre, T. Dufour, S. E. Thiessen, F. Güiza, T. Janssens, G. Hermans, I. Vanhorebeek, K. De Bock, G. Van den Berghe, L. Langouche P416 - Physical outcome measures for critical care patients following intensive care unit (icu) discharge H. Devine, P. MacTavish, T. Quasim, J. Kinsella, M. Daniel, J. McPeake P417 - Improving active mobilisation in a general intensive care unit B. Miles , S. Madden, H. Devine P418 - Mobilization in patients on vasoactive drugs use – a pilot study. M. Weiler, P. Marques, C. Rodrigues, M. Boeira, K. Brenner, C. Leães, A. Machado, R. Townsend, J. Andrade P419 - Pharmacy intervention at an intensive care rehabilitation clinic P. MacTavish, J. McPeake, H. Devine, J. Kinsella, M. Daniel, R. Kishore, C. Fenlon, T. Quasim P420 - Interactive gaming is feasible and potentially increases icu patients’ motivation to be engaged in rehabilitation programs T. Fiks, A. Ruijter, M. Te Raa, P. Spronk P421 - Simulation-based design of a robust stopping rule to ensure patient safety Y. S. Chiew, P. Docherty, J. Dickson, E. Moltchanova, C. Scarrot, C. Pretty, G. M. Shaw, J. G. Chase P422 - Are daily blood tests on the intensive care unit necessary? T. Hall, W. C. Ngu, J. M. Jack, P. Morgan P423 - Measuring urine output in ward patients: is it helpful? B. Avard, A. Pavli, X. Gee P424 - The incidence of pressure ulcers in an adult mixed intensive care unit in turkey C . Bor, E. Akin Korhan, K. Demirag, M. Uyar P425 - Intensivist/patient ratios in closed ICUs in Alexandria, Egypt; an overview M. Shirazy, A. Fayed P426 - Eicu (electronic intensive care unit): impact on ALOS (average length of stay) in a developing country like India S. Gupta, A. Kaushal, S. Dewan, A. Varma P427 - Predicting deterioration in general ward using early deterioration indicator E. Ghosh, L. Yang, L. Eshelman, B. Lord, E. Carlson P428 - High impact enhanced critical care outreach - the imobile service: making a difference E. Helme, R. Broderick, S. Hadfield, R. Loveridge P429 - Impact of bed availability and cognitive load on intensive care unit (ICU) bed allocation: a vignette-based trial J. Ramos, D. Forte P430 - Characteristics of critically ill patients admitted through the emergency department F. Yang, P. Hou P431 - Admission to critical care: the quantification of functional reserve J. Dudziak, J. Feeney, K. Wilkinson, K. Bauchmuller, K. Shuker, M. Faulds, A. Raithatha, D. Bryden, L. England, N. Bolton, A. Tridente P432 - Admission to critical care: the importance of frailty K. Bauchmuller, K Shuker, A Tridente, M Faulds, A Matheson, J. Gaynor, D Bryden, S South Yorkshire Hospitals Research Collaboration P433 - Development of an instrument to aid triage decisions for intensive care unit admission J. Ramos, B. Peroni, R. Daglius-Dias, L. Miranda, C. Cohen, C. Carvalho, I . Velasco, D. Forte P434 - Using selective serotonin re-uptake inhibitors and serotonin-norepinephrine re-uptake inhibitors in critical care: a systematic review of the evidence for benefit or harm J. M. Kelly, A. Neill, G. Rubenfeld, N. Masson, A. Min P435 - Measuring adaptive coping of hospitalized patients with a severe medical condition:the sickness insight in coping questionnaire (sicq) E. Boezeman, J. Hofhuis , A. Hovingh, R. De Vries, P. Spronk P436 - Results of a national survey regarding intensive care medicine training G. Cabral-Campello, I. Aragão, T. Cardoso P437 - Work engagement among healthcare professionals in the intensive care unit M. Van Mol, M. Nijkamp, E . Kompanje P438 - Empowering the intensive care practitioners. is it a burnout ameliorating intervention? P. Ostrowski, A. Omar P439 - Icu patients suffer from circadian rhythm desynchronisation K. Kiss , B. Köves, V. Csernus, Z. Molnár P440 - Noise reduction in the ICU: feasible ? Y. Hoydonckx, S. Vanwing, B. Stessel, A. Van Assche, L. Jamaer, J. Dubois P441 - Accidental removal of invasive devices in the critical patient into the bed-washing. does the presence of professional nurse modify his incidence? V. Medo, R. Galvez, J. P. Miranda P442 - Deprivation of liberty safeguards (dols): audit of compliance in a of a 16-bed specialist cancer critical care unit. C. Stone, T. Wigmore P443 - Use of a modified cristal score to predict futility of critical care in the elderly Y. Arunan, A. Wheeler, K. Bauchmuller, D. Bryden P444 - Improvement of Referral Rate to Palliative Care for Patients with Poor Prognosis in Neurosurgical Intensive Care Unit Y. Wong, C. Poi, C. Gu P445 - Factors associated with limitation of life supporting care (lsc) in a medico-surgical intermediate care unit, and outcome of patients with lsc limitation: a monocentric, six-month study. P. Molmy, N. Van Grunderbeeck, O. Nigeon, M. Lemyze, D. Thevenin, J. Mallat P446 - Palliative care consultation and intensive care unit admission request: a cohort study J. Ramos, M. Correa, R. T. Carvalho, D. Forte P447 - Nursing and medicine together in postsurgical intensive care unit: situations of prognostic conflict at the end of life. our critical care nurses suffer with our medical activism? A. Fernandez, C. McBride P448 - End of life who may decide E. Koonthalloor, C. Walsh P449 - Correctly diagnosing death A. Webber, M. Ashe, K. Smith, P. Jeanrenaud P450 - Skin procurement performed by intensive care physicians: yes, we can. A. Marudi , S. Baroni, F. Ragusa, E. Bertellini P451 - Death analysis in pediatric intensive care patients E. A. Volakli , E. Chochliourou, M. Dimitriadou, A. Violaki, P. Mantzafleri, E. Samkinidou, O. Vrani, A. Arbouti, T. Varsami, M. Sdougka P452 - The potential impact of euthanasia on organ donation: analysis of data from belgium J. A. Bollen, T. C. Van Smaalen, W. C. De Jongh, M. M. Ten Hoopen, D. Ysebaert, L. W. Van Heurn, W. N. Van Mook P453 - Communication within an intensive care setting K. Sim, A. Fuller P454 - Development and implementation of a longitudinal communication curriculum for critical care medicine fellows A. Roze des Ordons, P. Couillard, C. Doig P455 - Staff-family conflict in a multi-ethnic intensive care unit R. V. Van Keer, R. D. Deschepper, A. F. Francke, L. H. Huyghens, J. B. Bilsen P456 - Does the source of admission to critical care affect family satisfaction? B. Nyamaizi, C. Dalrymple, A. Molokhia, A. Dobru P457 - A simple alternative to the family satisfaction survey (fs-icu) E. Marrinan, A. Ankuli, A. Molokhia P458 - A study to explore the experiences of patient and family volunteers in a critical care environment: a phenomenological analysis J. McPeake, R. Struthers, R. Crawford , H. Devine , P. Mactavish , T. Quasim P459 - Prevalence and risk factors of anxiety and depression in relatives of burn patients. P. Morelli, M. Degiovanangelo, F. Lemos, V. MArtinez, F. Verga, J. Cabrera, G. Burghi P460 - Guidance of visiting children at an adult intensive care unit (icu) A. Rutten , S. Van Ieperen, S. De Geer, M. Van Vugt, E. Der Kinderen P461 - Visiting policies in Italian pediatric ICUs: an update A. Giannini, G Miccinesi, T Marchesi, E Prandi",10.1186/s13054-016-1208-6,27885969,,exclude,,exclude,"S1: Conference symposium abstract collection, not an RCT of game-based nursing education.","AI-R1: Conference symposium abstract collection, not an RCT of game-based nursing education."
DurandBailloudL201727876559,article,"Durand-Bailloud, L and Aho, LS and Savoldelli, G and Ecarnot, F and Girard, C and Benkhadra, M",2017,Non-dominant hand quicker to insert peripheral venous catheters under echographic guidance: A randomised trial.,"Anaesthesia, critical care & pain medicine","BACKGROUND: Ultrasound guidance for venous catheter placement requires the use of both hands. An accurate and stable ultrasound image is fundamental for obtaining good quality images, consequently permitting accurate needle placement. We hypothesized that the dominant hand could be used to perform echography, leaving the non-dominant hand available for peripheral venous catheter (PVC) insertion. METHODS: Prospective, open-label, randomized, crossover study. Group 1 inserted the PVC with the dominant hand, and held the probe with the non-dominant hand in a first series of 20 insertions, and vice versa in a second series of 20 insertions performed 11days later. Group 2 punctured with the non-dominant hand in Series 1 and vice versa in series 2. The study population comprised female student nurses (aged 20-30years) who had learned neither ultrasound techniques nor catheter insertion. The primary endpoint was time to successful puncture. We recorded age, sex, video game use, and the laterality of hands, feet and eyes. RESULTS: One left-handed and nine right-handed nurses were randomized to each group. Puncture by the non-dominant hand was significantly quicker in both series (P<0.001). There was no difference between groups for time to successful puncture with the dominant hand; however a significant difference was found for the non-dominant hand (P<0.01). According to multivariate analysis, the time to successful puncture was significantly lower when the non-dominant hand was used to puncture (adjusted difference 5.6s, P<0.0001). CONCLUSION: Using the dominant hand to hold the ultrasound probe and the non-dominant hand to puncture and insert the catheter achieves successful insertion in a significantly shorter time.",10.1016/j.accpm.2016.08.008,27876559,Catheterization method; Handedness; Learning; Ultrasonography,exclude,,exclude,"I1: Trial of catheter insertion hand technique, not a game-based teaching intervention.","AI-R1: Trial of catheter insertion hand technique, not a game-based teaching intervention."
PakarinenA201727688056,article,"Pakarinen, A and Parisod, H and Smed, J and Salanterä, S",2017,Health game interventions to enhance physical activity self-efficacy of children: a quantitative systematic review.,Journal of advanced nursing,"AIM: To describe and explore health game interventions that enhance the physical activity self-efficacy of children and to evaluate the effectiveness of these interventions. BACKGROUND: Physical inactivity among children has increased globally. Self-efficacy is one of the key determinants of physical activity engagement in children. There is a need to explore new and innovative interventions to enhance physical activity self-efficacy that are also acceptable for today's children. DESIGN: Quantitative systematic review. DATA SOURCES: MEDLINE (Ovid), CINAHL, PsychInfo, EMBASE and the Cochrane Library between 1996-2016. REVIEW METHODS: A review was conducted in accordance with the Cochrane Collaboration guidelines. A systematic search was done in June 2016 by two independent reviewers according to the eligibility criteria as follows: controlled trial, comparison of digital game intervention with no game intervention control condition, participants younger than 18 years of age and reported statistical analyses of a physical activity self-efficacy outcome measure. RESULTS: Altogether, five studies met the eligibility criteria. Four game interventions, employing three active games and one educational game, had positive effects on children's physical activity self-efficacy. An intervention, employing a game-themed mobile application, showed no intervention effects. The variation between intervention characteristics was significant and the quality of the studies was found to be at a medium level. CONCLUSION: Although health game interventions seemingly enhance the physical activity self-efficacy of children and have potential as a means of increasing physical activity, more rigorous research is needed to clarify how effective such interventions are in the longer run to contribute to the development of game-based interventions.",10.1111/jan.13160,27688056,children; health game; health promotion; nursing; physical activity; self-efficacy; systematic review,exclude,,exclude,"S1: Systematic review, not an RCT; population is children not nursing education.","AI-R1: Systematic review, not an RCT; population is children not nursing education."
MillerK201627380603,article,"Miller, K and Tan, X and Hobson, AD and Khan, A and Ziviani, J and OʼBrien, E and Barua, K and McBride, CA and Kimble, RM",2016,A Prospective Randomized Controlled Trial of Nonpharmacological Pain Management During Intravenous Cannulation in a Pediatric Emergency Department.,Pediatric emergency care,"OBJECTIVES: Intravenous (IV) cannulation is commonly performed in pediatric emergency departments (EDs). The busy ED environment is often not conducive to conventional nonpharmacological pain management. This study assessed the use of Ditto (Diversionary Therapy Technologies, Brisbane, Australia), a handheld electronic device which provides procedural preparation and distraction, as a means of managing pain and distress during IV cannulation performed in the pediatric ED. METHODS: A randomized controlled trial with 98 participants, aged 3 to 12 years, was conducted in a pediatric ED. Participants were recruited and randomized into 5 intervention groups as follows: (1) Standard Distraction, (2) PlayStation Portable Distraction, (3) Ditto Distraction, (4) Ditto Procedural Preparation, and (5) Ditto Preparation and Distraction. Children's pain and distress levels were assessed via self-reports and observational reports by caregivers and nursing staff across the following 3 time points: (1) before, (2) during, and (3) after IV cannulation. RESULTS: Caregivers and nursing staff reported significantly reduced pain and distress levels in children accessing the combined preparation and distraction Ditto protocol, as compared to standard distraction (P ≤ 0.01). This intervention also saw the greatest reduction in pain and distress as reported by the child. CONCLUSIONS: Caregiver reports indicate that using the combined Ditto protocol was most effective in reducing children's pain experiences while undergoing IV cannulation in the ED. The use of Ditto offers a promising opportunity to negotiate barriers to the provision of nonpharmacological approaches encountered in the busy ED environment, and provide nonpharmacological pain-management interventions in pediatric EDs.",10.1097/PEC.0000000000000778,27380603,,exclude,,exclude,"P1: Pain distraction in pediatric patients, not nursing education.","AI-R1: Pain distraction in pediatric patients, not nursing education."
CrevatinF201627128220,article,"Crevatin, F and Cozzi, G and Braido, E and Bertossa, G and Rizzitelli, P and Lionetti, D and Matassi, D and Calusa, D and Ronfani, L and Barbi, E",2016,Hand-held computers can help to distract children undergoing painful venipuncture procedures.,"Acta paediatrica (Oslo, Norway : 1992)","AIM: Needle-related procedures can be painful for children, and distraction provides ideal pain relief in blood-drawing centres. This study assessed the effectiveness of playing a computer game during venipuncture, compared with low-tech distraction by a nurse. METHODS: We conducted this prospective, randomised controlled trial at the blood-drawing centre of a tertiary-level children's hospital in Italy. Half of the 200 children played Angry Birds on a hand-held computer while the other half were distracted by a second, specifically trained nurse who sang to them, read a book, blew bubbles or played with puppets. Pain was measured using a faces pain scale for children aged 4-7 years and a numeric scale for children aged 8-13 years. RESULTS: The 200 children had a median age of eight years. Children reported significant pain in 16 cases (16%) in the hand-held computer distraction group and in 15 cases (15%) in the nurse-led low-tech distraction group (p = 0.85). The procedural success rate at the first attempt was not different in the two groups. CONCLUSION: Playing a game on a hand-held computer meant that only one in six children reported pain during venipuncture, but it was not superior to being distracted by nurses.",10.1111/apa.13454,27128220,Children; Distraction; Hand-held computer; Needle pain; Venipuncture,exclude,,exclude,"P1: Game used as patient distraction during venipuncture, not teaching nurses.","AI-R1: Game used as patient distraction during venipuncture, not teaching nurses."
YeilyaprakSS201627049879,article,"Yeşilyaprak, SS and Yıldırım, MŞ and Tomruk, M and Ertekin, Ö and Algun, ZC",2016,Comparison of the effects of virtual reality-based balance exercises and conventional exercises on balance and fall risk in older adults living in nursing homes in Turkey.,Physiotherapy theory and practice,"OBJECTIVES: There is limited information on effective balance training techniques including virtual reality (VR)-based balance exercises in residential settings and no studies have been designed to compare the effects of VR-based balance exercises with conventional balance exercises in older adults living in nursing homes in Turkey. The objective of our study was to investigate the effects of VR-based balance exercises on balance and fall risk in comparison to conventional balance exercises in older adults living in nursing homes. METHODS: A total sample of 18 subjects (65-82 years of age) with fall history who were randomly assigned to either the VR group (Group 1, n = 7) or the conventional exercise group (Group 2, n = 11) completed the exercise training. RESULTS: In both groups, Berg balance score (BBS), timed up & go duration, and left leg stance and tandem stance duration with eyes closed significantly improved with time (p < 0.05), but changes were similar in both groups (p > 0.05) after training, indicating that neither the exercise method was superior. CONCLUSION: Similar improvements were found in balance and fall risk with VR-based balance training and conventional balance training in older adults living in the nursing home. Both exercise trainings can be preferable by health care professionals considering fall prevention. Appropriate patient selection is essential.",10.3109/09593985.2015.1138009,27049879,Balance; exercise training; older adults; physical therapy; virtual reality,exclude,,exclude,"P1: VR balance exercise for older adult nursing home residents, not nursing education.","AI-R1: VR balance exercise for older adult nursing home residents, not nursing education."
FuAS201526360975,article,"Fu, AS and Gao, KL and Tung, AK and Tsang, WW and Kwan, MM",2015,Effectiveness of Exergaming Training in Reducing Risk and Incidence of Falls in Frail Older Adults With a History of Falls.,Archives of physical medicine and rehabilitation,"OBJECTIVE: To use Nintendo's Wii Fit balance board to determine the effectiveness of exergaming training in reducing risk and incidence of falls in older adults with a history of falls. DESIGN: Randomized controlled trial. SETTING: Nursing home for older adults. PARTICIPANTS: Adults aged 65 years and older (N=60). INTERVENTIONS: Participants who lived in a nursing home had 6 weeks of balance training with either Wii Fit equipment or conventional exercise. MAIN OUTCOME MEASURES: Physiological Profile Assessment scores and incidence of falls were observed with subsequent intention-to-treat statistical analyses. RESULTS: Physiological Profile Assessment scores and incidence of falls improved significantly in both groups after the intervention (all P<.01), but participants in the Wii Fit training group showed a significantly greater improvement in both outcome measures (P=.004 and P<.001, respectively). CONCLUSIONS: In institutionalized older adults with a history of falls, Wii Fit balance training was more effective than conventional balance training in reducing the risk and incidence of falls.",10.1016/j.apmr.2015.08.427,26360975,Accidental falls; Aged; Postural balance; Rehabilitation; Virtual reality exposure therapy,exclude,,exclude,"P1: Exergaming for fall prevention in older adults, not nursing education.","AI-R1: Exergaming for fall prevention in older adults, not nursing education."
BoadaI201526319184,article,"Boada, I and Rodriguez-Benitez, A and Garcia-Gonzalez, JM and Olivet, J and Carreras, V and Sbert, M",2015,Using a serious game to complement CPR instruction in a nurse faculty.,Computer methods and programs in biomedicine,"Cardiopulmonary resuscitation (CPR) is a first aid key survival technique used to stimulate breathing and keep blood flowing to the heart. Its effective administration can significantly increase the chances of survival for victims of cardiac arrest. LISSA is a serious game designed to complement CPR teaching and also to refresh CPR skills in an enjoyable way. The game presents an emergency situation in a 3D virtual environment and the player has to save the victim applying the CPR actions. In this paper, we describe LISSA and its evaluation in a population composed of 109 nursing undergraduate students enrolled in the Nursing degree of our university. To evaluate LISSA we performed a randomized controlled trial that compares the classical teaching methodology, composed of self-directed learning for theory plus laboratory sessions with a mannequin for practice, with the one that uses LISSA after self-directed learning for theory and before laboratory sessions with a mannequin. From our evaluation we observed that students using LISSA (Group 2 and 3) gave significantly better learning acquisition scores than those following traditional classes (Group 1). To evaluate the differences between students of these groups we performed a paired samples t-test between Group 1 and 2 (μ1=35, 67, μ2=47, 50 and p<0.05) and between students of Group 1 and 3 (μ1=35, 67, μ3=50, 58 and p<0.05). From these tests we observed that there are significant differences in both cases. We also evaluated student performance of main steps of CPR protocol. Students that use LISSA performed better than the ones that did not use it.",10.1016/j.cmpb.2015.08.006,26319184,Cardiopulmonary resuscitation; E-learning; Nursing informatics; Serious games,include,,include,,AI-R1: RCT of serious game (LISSA) vs traditional teaching in nursing students with learning outcomes.
NicolaidouI201526084866,article,"Nicolaidou, I and Antoniades, A and Constantinou, R and Marangos, C and Kyriacou, E and Bamidis, P and Dafli, E and Pattichis, CS",2015,"A Virtual Emergency Telemedicine Serious Game in Medical Training: A Quantitative, Professional Feedback-Informed Evaluation Study.",Journal of medical Internet research,"BACKGROUND: Serious games involving virtual patients in medical education can provide a controlled setting within which players can learn in an engaging way, while avoiding the risks associated with real patients. Moreover, serious games align with medical students' preferred learning styles. The Virtual Emergency TeleMedicine (VETM) game is a simulation-based game that was developed in collaboration with the mEducator Best Practice network in response to calls to integrate serious games in medical education and training. The VETM game makes use of data from an electrocardiogram to train practicing doctors, nurses, or medical students for problem-solving in real-life clinical scenarios through a telemedicine system and virtual patients. The study responds to two gaps: the limited number of games in emergency cardiology and the lack of evaluations by professionals. OBJECTIVE: The objective of this study is a quantitative, professional feedback-informed evaluation of one scenario of VETM, involving cardiovascular complications. The study has the following research question: ""What are professionals' perceptions of the potential of the Virtual Emergency Telemedicine game for training people involved in the assessment and management of emergency cases?"" METHODS: The evaluation of the VETM game was conducted with 90 professional ambulance crew nursing personnel specializing in the assessment and management of emergency cases. After collaboratively trying out one VETM scenario, participants individually completed an evaluation of the game (36 questions on a 5-point Likert scale) and provided written and verbal comments. The instrument assessed six dimensions of the game: (1) user interface, (2) difficulty level, (3) feedback, (4) educational value, (5) user engagement, and (6) terminology. Data sources of the study were 90 questionnaires, including written comments from 51 participants, 24 interviews with 55 participants, and 379 log files of their interaction with the game. RESULTS: Overall, the results were positive in all dimensions of the game that were assessed as means ranged from 3.2 to 3.99 out of 5, with user engagement receiving the highest score (mean 3.99, SD 0.87). Users' perceived difficulty level received the lowest score (mean 3.20, SD 0.65), a finding which agrees with the analysis of log files that showed a rather low success rate (20.6%). Even though professionals saw the educational value and usefulness of the tool for pre-hospital emergency training (mean 3.83, SD 1.05), they identified confusing features and provided input for improving them. CONCLUSIONS: Overall, the results of the professional feedback-informed evaluation of the game provide a strong indication of its potential as an educational tool for emergency training. Professionals' input will serve to improve the game. Further research will aim to validate VETM, in a randomized pre-test, post-test control group study to examine possible learning gains in participants' problem-solving skills in treating a patient's symptoms in an emergency situation.",10.2196/jmir.3667,26084866,emergency assessment and management; emergency telemedicine; medical education; professional feedback-informed evaluation; serious games; telemedicine; virtual patients,exclude,,exclude,"P1: Serious game evaluation for medical training/medical students, not nursing education focus.","AI-R1: Serious game evaluation for medical training/medical students, not nursing education focus."
JansenCP201425407431,article,"Jansen, CP and Claßen, K and Hauer, K and Diegelmann, M and Wahl, HW",2014,Assessing the effect of a physical activity intervention in a nursing home ecology: a natural lab approach.,BMC geriatrics,"BACKGROUND: Physical activity (PA) is not only an important marker of physical impairment, but also a pathway to improve quality of life and enhance cognitive and social functioning of old individuals. Yet, making interventional use of PA training as a means for prevention and enhancement of quality of life of nursing home residents has found very limited attention worldwide so far. That said, the project 'Long-term Care in Motion' (LTCMo) as a part of the INNOVAGE consortium (funded by the European Commission) has the following aims: Overall: Install and assess a socially innovative intervention in the nursing home ecology. Concrete: (a) Conceptualization of a multidimensional intervention program (resident and staff oriented) with the potential to promote PA in nursing home residents; (b) Mixed-methods assessment of the program based on automated recording as well as questionnaire data. METHODS/DESIGN: LTCMo's PA-related intervention has several components which are applied in parallel manner: (1) Residents are engaged in a physical exercise program that is based on multiple approaches: supervised group sessions, a serious games approach, and specific training in severely impaired persons; (2) Staff members will receive a competence training with a focus on PA motivation and facilitation of residents' PA engagement. Primary outcome assessment (movement-related behavior of residents) is completely conducted by means of automated data collection strategies (accelerometer-based activity recording, sensor-based life space recording). This is enriched by a broad range of secondary outcomes (e.g., cognitive performance, depression of residents; behavioral and attitudinal components of staff). Pre-, post- and 3-month follow-up assessment will take place in the target intervention setting as well as in a waiting control condition in which we will also replicate the training and its assessment in a later step. DISCUSSION: Although we are faced with methodological challenges (e.g., rather small sample size; no randomized control trial), we believe that our approach has something to offer and indeed has some unique characteristics that may have the potential to contribute to the enhancement of nursing home residents' quality of life and at the same time further PA-related research with vulnerable populations at large. TRIAL REGISTRATION: Current Controlled Trials ISRCTN96090441. Registered 31 July 2014.",10.1186/1471-2318-14-117,25407431,,exclude,,exclude,"P1: Physical activity intervention for nursing home residents, not nursing education.","AI-R1: Physical activity intervention for nursing home residents, not nursing education."
EzeanolueEE201323758933,article,"Ezeanolue, EE and Obiefune, MC and Yang, W and Obaro, SK and Ezeanolue, CO and Ogedegbe, GG",2013,Comparative effectiveness of congregation- versus clinic-based approach to prevention of mother-to-child HIV transmission: study protocol for a cluster randomized controlled trial.,Implementation science : IS,"BACKGROUND: A total of 22 priority countries have been identified by the WHO that account for 90% of pregnant women living with HIV. Nigeria is one of only 4 countries among the 22 with an HIV testing rate for pregnant women of less than 20%. Currently, most pregnant women must access a healthcare facility (HF) to be screened and receive available prevention of mother-to-child HIV transmission (PMTCT) interventions. Finding new approaches to increase HIV testing among pregnant women is necessary to realize the WHO/ President's Emergency Plan for AIDS Relief (PEPFAR) goal of eliminating new pediatric infections by 2015. METHODS: This cluster randomized trial tests the comparative effectiveness of a congregation-based Healthy Beginning Initiative (HBI) versus a clinic-based approach on the rates of HIV testing and PMTCT completion among a cohort of church attending pregnant women. Recruitment occurs at the level of the churches and participants (in that order), while randomization occurs only at the church level. The trial is unblinded, and the churches are informed of their randomization group. Eligible participants, pregnant women attending study churches, are recruited during prayer sessions. HBI is delivered by trained community health nurses and church-based health advisors and provides free, integrated on-site laboratory tests (HIV plus hemoglobin, malaria, hepatitis B, sickle cell gene, syphilis) during a church-organized 'baby shower.' The baby shower includes refreshments, gifts exchange, and an educational game show testing participants' knowledge of healthy pregnancy habits in addition to HIV acquisition modes, and effective PMTCT interventions. Baby receptions provide a contact point for follow-up after delivery. This approach was designed to reduce barriers to screening including knowledge, access, cost and stigma. The primary aim is to evaluate the effect of HBI on the HIV testing rate among pregnant women. The secondary aims are to evaluate the effect of HBI on the rate of HIV testing among male partners of pregnant women and the rate of PMTCT completion among HIV-infected pregnant women. DISCUSSION: Results of this study will provide further understanding of the most effective strategies for increasing HIV testing among pregnant women in hard-to-reach communities. TRIAL REGISTRATION: Clinicaltrials.gov, NCT01795261.",10.1186/1748-5908-8-62,23758933,,exclude,,exclude,"I1: HIV testing service-delivery trial, no game intervention or nursing education.","AI-R1: HIV testing service-delivery trial, no game intervention or nursing education."
WrightK201323021318,article,"Wright, K and Giger, JN and Norris, K and Suro, Z",2013,"Impact of a nurse-directed, coordinated school health program to enhance physical activity behaviors and reduce body mass index among minority children: a parallel-group, randomized control trial.",International journal of nursing studies,"BACKGROUND: Underserved children, particularly girls and those in urban communities, do not meet the recommended physical activity guidelines (>60min of daily physical activity), and this behavior can lead to obesity. The school years are known to be a critical period in the life course for shaping attitudes and behaviors. Children look to schools for much of their access to physical activity. Thus, through the provision of appropriate physical activity programs, schools have the power to influence apt physical activity choices, especially for underserved children where disparities in obesity-related outcomes exist. OBJECTIVES: To evaluate the impact of a nurse directed, coordinated, culturally sensitive, school-based, family-centered lifestyle program on activity behaviors and body mass index. DESIGN, SETTINGS AND PARTICIPANTS: This was a parallel group, randomized controlled trial utilizing a community-based participatory research approach, through a partnership with a University and 5 community schools. Participants included 251 children ages 8-12 from elementary schools in urban, low-income neighborhoods in Los Angeles, USA. METHODS: The intervention included Kids N Fitness(©), a 6-week program which met weekly to provide 45min of structured physical activity and a 45min nutrition education class for parents and children. Intervention sites also participated in school-wide wellness activities, including health and counseling services, staff professional development in health promotion, parental education newsletters, and wellness policies for the provision of healthy foods at the school. The Child and Adolescent Trial for Cardiovascular Health School Physical Activity and Nutrition Student Questionnaire measured physical activity behavior, including: daily physical activity, participation in team sports, attending physical education class, and TV viewing/computer game playing. Anthropometric measures included height, weight, body mass index, resting blood pressure, and waist circumference. Measures were collected at baseline, completion of the intervention phase (4 months), and 12 months post-intervention. RESULTS: Significant results for students in the intervention, included for boys decreases in TV viewing; and girls increases in daily physical activity, physical education class attendance, and decreases in body mass index z-scores from baseline to the 12 month follow-up. CONCLUSIONS: Our study shows the value of utilizing nurses to implement a culturally sensitive, coordinated, intervention to decrease disparities in activity and TV viewing among underserved girls and boys.",10.1016/j.ijnurstu.2012.09.004,23021318,,exclude,,exclude,"P1: School health program for children, not nursing education and no game mechanics.","AI-R1: School health program for children, not nursing education and no game mechanics."
KippingB201222348801,article,"Kipping, B and Rodger, S and Miller, K and Kimble, RM",2012,Virtual reality for acute pain reduction in adolescents undergoing burn wound care: a prospective randomized controlled trial.,Burns : journal of the International Society for Burn Injuries,"BACKGROUND: Effective pain management remains a challenge for adolescents during conscious burn wound care procedures. Virtual reality (VR) shows promise as a non-pharmacological adjunct in reducing pain. AIMS: This study assessed off-the-shelf VR for (1) its effect on reducing acute pain intensity during adolescent burn wound care, and (2) its clinical utility in a busy hospital setting. METHODS: Forty-one adolescents (11-17 years) participated in this prospective randomized controlled trial. Acute pain outcomes including adolescent self-report, nursing staff behavioral observation, caregiver observation and physiological measures were collected. Length of procedure times and adolescent reactions were also recorded to inform clinical utility. RESULTS: Nursing staff reported a statistically significant reduction in pain scores during dressing removal, and significantly less rescue doses of Entonox given to those receiving VR, compared to those receiving standard distraction. For all other pain outcomes and length of treatment, there was a trend for lower pain scores and treatment times for those receiving VR, but these differences were not statistically significant. CONCLUSION: Despite only minimal pain reduction achieved using off-the-shelf VR, other results from this trial and previous research on younger children with burns suggest a customized, adolescent and hospital friendly device may be more effective in pain reduction.",10.1016/j.burns.2011.11.010,22348801,,exclude,,exclude,"P1: VR for patient pain during burn care, not teaching nurses.","AI-R1: VR for patient pain during burn care, not teaching nurses."
CohenMansfieldJ201221872537,article,"Cohen-Mansfield, J and Thein, K and Marx, MS and Dakheel-Ali, M",2012,What are the barriers to performing nonpharmacological interventions for behavioral symptoms in the nursing home?,Journal of the American Medical Directors Association,"OBJECTIVE: Behavioral symptoms are common in persons with dementia, and nonpharmacological interventions are recommended as the first line of therapy. We describe barriers to conducting nonpharmacological interventions for behavioral symptoms. DESIGN: A descriptive study of barriers to intervention delivery in a controlled trial. SETTINGS: The study was conducted in six nursing homes in Maryland. PARTICIPANTS: Participants were 89 agitated nursing home residents with dementia. INTERVENTION: Personalized interventions were developed using the Treatment Routes for Exploring Agitation decision tree protocol. Trained research assistants prepared and delivered the interventions. Feasibility of the interventions was determined. MEASUREMENTS: Barriers to Intervention Delivery Assessment, activities of daily living, cognitive functioning, depressed affect, pain, observed agitation, and observed affect. RESULTS: Barriers were observed for the categories of resident barriers (specifically, unwillingness to participate; resident attributes, such as unresponsive), barriers related to resident unavailability (resident asleep or eating), and external barriers (staff-related barriers, family-related barriers, environmental barriers, and system process variables). Interventions pertaining to food/drink and to 1-on-1 socializing were found to have the fewest barriers, whereas higher numbers of barriers occurred with puzzles/board games and arts and crafts activities. Moreover, when successful interventions were presented to participants after the feasibility period, we noted fewer barriers, presumably because barrier identification had been used to better tailor interventions to each participant and to the environment. CONCLUSION: Knowledge of barriers provides a tool by which to tailor interventions so as to anticipate or circumvent barriers, thereby maximizing intervention delivery.",10.1016/j.jamda.2011.07.006,21872537,,exclude,,exclude,"I1: Barriers to nonpharmacological interventions in dementia residents, no game teaching.","AI-R1: Barriers to nonpharmacological interventions in dementia residents, no game teaching."
MillerK200919951557,article,"Miller, K and Rodger, S and Bucolo, S and Wang, XQ and Kimble, RM",2009,[Multimodal distraction to relieve pain in children undergoing acute medical procedures].,Zhonghua shao shang za zhi = Zhonghua shaoshang zazhi = Chinese journal of burns,"OBJECTIVE: Non-pharmacological approaches to pain management have been used by therapists for decades to reduce the anxiety and pain experienced by children during burn care procedures. With a greater understanding of pain and the principles behind what causes a child to be distracted, combined with access to state of the art technology, we have developed an easy to use, hand held multimodal distraction device (MMD). MMD is an interactive device that prepares the child for a procedure and uses developmentally appropriate distraction stories and games during the procedures to alleviate anxiety and pain. This paper summarizes the results of three randomized control trials. The trials aimed to understand the effectiveness of MMD as a distraction and preparation tool in reducing anxiety and pain in children undergoing burns and non-burns medical procedures compared to pure pharmacological approaches Standard Distraction (SD) and off the shelf video games (VG). METHODS: Three separate prospective randomized control trials involving 182 children having 354 dressing changes were conducted in the burns and orthopedic departments at Royal Children's Hospital, Brisbane, Australia, to address the above aims. Pain and anxiety scores were completed for the child, caregiver and nursing staff according to the Modified Faces, Legs, Activity, Cry and Consolability Scale, Faces Pain Scale-Revised, Visual Analogue Scale and Wong-Baker Faces Pain Rating Scale. Procedural length was recorded. RESULTS: MMD as a preparation and distraction tool were shown to have a significant impact on child, parent and nursing staff reported anxiety and pain during procedures compared to standard care and video games (P < 0.01). The MMD had a positive effect on clinical time and was shown to sustain its impact on pain and time with further dressing changes. CONCLUSIONS: MMD is more effective in reducing the pain and anxiety experienced by children in acute medical procedures as compared with SD and VG. MMD is continuing to be trialed and is continuing to show positive clinical outcomes.",,19951557,,exclude,,exclude,"P1: Distraction device for pediatric patients during procedures, not nursing education.","AI-R1: Distraction device for pediatric patients during procedures, not nursing education."
MillerK201019889502,article,"Miller, K and Rodger, S and Bucolo, S and Greer, R and Kimble, RM",2010,Multi-modal distraction. Using technology to combat pain in young children with burn injuries.,Burns : journal of the International Society for Burn Injuries,"BACKGROUND: The use of non-pharmacological pain management remains adhoc within acute paediatric burns pain management protocols despite ongoing acknowledgement of its role. Advancements in adult based pain services including the integration of virtual reality has been adapted to meet the needs of children in pain, as exemplified by the development of multi-modal distraction (MMD). This easy to use, hand held interactive device uses customized programs designed to inform the child about the procedure he/she is about to experience and to distract the child during dressing changes. AIM: (1) To investigate if either MMD procedural preparation (MMD-PP) or distraction (MMD-D) has a greater impact on child pain reduction compared to standard distraction (SD) or hand held video game distraction (VG), (2) to understand the impact of MMD-PP and MMD-D on clinic efficiency by measuring length of treatment across groups, and lastly, (3) to assess the efficacy of distraction techniques over three dressing change procedures. METHODS: A prospective randomised control trial was completed in a paediatric tertiary hospital Burns Outpatient Clinic. Eighty participants were recruited and studied over their first three dressing changes. Pain was assessed using validated child report, caregiver report, nursing observation and physiological measures. RESULTS: MMD-D and MMD-PP were both shown to significantly relieve reported pain (p<or=0.05) and reduce the time taken for dressings (p<or=0.05) compared to SD and VG. The positive effects of both MMD-D and MMD-PP were sustained with subsequent dressing changes. CONCLUSIONS: The use of MMD as a preparatory or a distraction tool in an outpatient burns clinic offered superior pain reduction across three dressing changes to children when compared to standard practices or hand held video games. This device has the potential to improve clinic efficiency with reductions in treatment lengths.",10.1016/j.burns.2009.06.199,19889502,,exclude,,exclude,"P1: Multi-modal distraction for child patients in burn care, not nursing education.","AI-R1: Multi-modal distraction for child patients in burn care, not nursing education."
MooreJB200919363107,article,"Moore, JB and Pawloski, LR and Goldberg, P and Kyeung, MO and Stoehr, A and Baghi, H",2009,Childhood obesity study: a pilot study of the effect of the nutrition education program Color My Pyramid.,The Journal of school nursing : the official publication of the National Association of School Nurses,"The need for successful nutrition interventions is critical as the prevalence of childhood obesity increases. Thus, this pilot project examines the effect of a nutrition education program, Color My Pyramid, on children's nutrition knowledge, self-care practices, activity levels, and nutrition status. Using a pretest-posttest, quasiexperimental design, 126 fourth- and fifth-grade students from experimental and control schools are compared. The intervention program incorporates an online component www.MyPyramid.gov, Orem's Self-Care Deficit Nursing Theory, and consists of six classes taught over a 3-month period. Results indicated that the program increased nutrition knowledge in the control group. Furthermore, it increased activity time from pretest to posttest and decreased systolic blood pressure for children in both groups; however, there were no significant differences in BMI percentiles. The findings indicate that Color My Pyramid can be successfully employed in school settings and thus support school nursing practice.",10.1177/1059840509333325,19363107,,exclude,,exclude,"P1: Nutrition education for schoolchildren, quasi-experimental, not nursing education.","AI-R1: Nutrition education for schoolchildren, quasi-experimental, not nursing education."
EisenmannJC200818588706,article,"Eisenmann, JC and Gentile, DA and Welk, GJ and Callahan, R and Strickland, S and Walsh, M and Walsh, DA",2008,"SWITCH: rationale, design, and implementation of a community, school, and family-based intervention to modify behaviors related to childhood obesity.",BMC public health,"BACKGROUND: Although several previous projects have attempted to address the issue of child obesity through school-based interventions, the overall effectiveness of school-based programs on health-related outcomes in youth has been poor. Thus, it has been suggested that multi-level interventions that aim to influence healthy lifestyle behaviors at the community, school and family levels may prove more successful in the prevention of childhood obesity. METHODS/DESIGN: This paper describes the rationale, design, and implementation of a community-, school-, and family-based intervention aimed at modifying key behaviors (physical activity, screen time (Internet, television, video games), and nutrition) related to childhood obesity among third through fifth graders in two mid-western cities. The intervention involves a randomized study of 10 schools (5 intervention and 5 control schools). The intervention is being conducted during the duration of the academic year - approximately 9 months - and includes baseline and post-intervention measurements of physical activity, dietary intake, screen time and body composition. DISCUSSION: We hope this report will be useful to researchers, public health professionals, and school administrators and health professionals (nurses and physical/health educators) seeking to develop similar prevention programs. It is obvious that more collaborative, inter-disciplinary, multi-level work is needed before a proven, effective intervention package to modify behaviors related to childhood obesity can be generally recommended. It is our hope that SWITCH is a step in that direction. TRIAL REGISTRATION: ClinicalTrials.gov NCT00685555.",10.1186/1471-2458-8-223,18588706,,exclude,,exclude,"P1: Childhood obesity community intervention, not nursing education.","AI-R1: Childhood obesity community intervention, not nursing education."
BhoopathiPS200717682590,article,"Bhoopathi, PS and Sheoran, R and Adams, CE",2007,Educational games for mental health professionals: a Cochrane review.,The international journal of psychiatric nursing research,"BACKGROUND: Learning in general can be been a passive process. This review is aimed at evaluating the effectiveness of educational games as a teaching strategy in mental health professionals. METHODS: We searched for all relevant randomised control trials (RCT) that compared educational games as teaching strategies with other methods of learning using electronic and reference searching, and by contacting trial authors. Data were extracted from selected trials and, individual person data was analysed using fixed effect Peto Odds Ratio (OR) and the 95% confidence intervals (CI). If appropriate, the number needed to treat (NNT) or number needed to harm (NNH) was estimated. For continuous data, we calculated weighted mean differences. RESULTS: We identified one trial (n = 34) of an educational game for mental health nursing students which followed up participants only over a few hours. For an outcome we arbitrarily defined ('no academically important improvement [a 10% improvement in scores]'), those allocated to educational games fared considerably better than students in the standard education techniques group (OR 0.06 CI 0.01 to 0.27, NNT 3 CI 2 to 4). On average those in the games group scored six more points than the control students on a test of questions relevant to psychosis set to the standard of the mental health nursing curriculum of the day (WMD 6 CI 2.63 to 9.37). CONCLUSION: Current limited evidence suggests educational games could help mental health students gain more points in their tests; however this interesting study should be refined and repeated.",,17682590,,exclude,,exclude,"S1: Cochrane review of educational games, not a primary RCT.","AI-R1: Cochrane review of educational games, not a primary RCT."
WindichBiermeierA200717185397,article,"Windich-Biermeier, A and Sjoberg, I and Dale, JC and Eshelman, D and Guzzetta, CE",2007,"Effects of distraction on pain, fear, and distress during venous port access and venipuncture in children and adolescents with cancer.",Journal of pediatric oncology nursing : official journal of the Association of Pediatric Oncology Nurses,"This study evaluates the effect of self-selected distracters (ie, bubbles, I Spy: Super Challenger book, music table, virtual reality glasses, or handheld video games) on pain, fear, and distress in 50 children and adolescents with cancer, ages 5 to 18, with port access or venipuncture. Using an intervention-comparison group design, participants were randomized to the comparison group (n = 28) to receive standard care or intervention group (n = 22) to receive distraction plus standard care. All participants rated their pain and fear, parents rated participant fear, and the nurse rated participant fear and distress at 3 points in time: before, during, and after port access or venipuncture. Results show that self-reported pain and fear were significantly correlated (P = .01) within treatment groups but not significantly different between groups. Intervention participants demonstrated significantly less fear (P <.001) and distress (P = .03) as rated by the nurse and approached significantly less fear (P = .07) as rated by the parent. All intervention parents said the needlestick was better because of the distracter. The authors conclude that distraction has the potential to reduce fear and distress during port access and venipuncture.",10.1177/1043454206296018,17185397,,exclude,,exclude,"P1: Distraction during procedures in pediatric cancer patients, not nursing education.","AI-R1: Distraction during procedures in pediatric cancer patients, not nursing education."
GoldJI200616640481,article,"Gold, JI and Kim, SH and Kant, AJ and Joseph, MH and Rizzo, AS",2006,Effectiveness of virtual reality for pediatric pain distraction during i.v. placement.,"Cyberpsychology & behavior : the impact of the Internet, multimedia and virtual reality on behavior and society","The objective of this study was to test the efficacy and suitability of virtual reality (VR) as a pain distraction for pediatric intravenous (i.v.) placement. Twenty children (12 boys, 8 girls) requiring i.v. placement for a magnetic resonance imaging/computed tomography (MRI/CT) scan were randomly assigned to two conditions: (1) VR distraction using Street Luge (5DT), presented via a head-mounted display, or (2) standard of care (topical anesthetic) with no distraction. Children, their parents, and nurses completed self-report questionnaires that assessed numerous health-related outcomes. Responses from the Faces Pain Scale-Revised indicated a fourfold increase in affective pain within the control condition; by contrast, no significant differences were detected within the VR condition. Significant associations between multiple measures of anticipatory anxiety, affective pain, i.v. pain intensity, and measures of past procedural pain provided support for the complex interplay of a multimodal assessment of pain perception. There was also a sufficient amount of evidence supporting the efficacy of Street Luge as a pediatric pain distraction tool during i.v. placement: an adequate level of presence, no simulator sickness, and significantly more child-, parent-, and nurse-reported satisfaction with pain management. VR pain distraction was positively endorsed by all reporters and is a promising tool for decreasing pain, and anxiety in children undergoing acute medical interventions. However, further research with larger sample sizes and other routine medical procedures is warranted.",10.1089/cpb.2006.9.207,16640481,,exclude,,exclude,"P1: VR pain distraction in pediatric patients, not nursing education.","AI-R1: VR pain distraction in pediatric patients, not nursing education."
BhoopathiPS200616625545,article,"Bhoopathi, PS and Sheoran, R",2006,Educational games for mental health professionals.,The Cochrane database of systematic reviews,"BACKGROUND: In traditional didactic teaching, the learner has a passive role, digesting the knowledge presented by the teacher. Stimulating and active teaching processes may be better at instilling information than more pedestrian approaches. Games involving repetition, reinforcement, association and use of multiple senses have been proposed as part of experiential learning. OBJECTIVES: To assess the effects of educational games on the knowledge and clinical skill of mental health professionals compared to the effects of standard teaching approaches. SEARCH STRATEGY: We performed electronic searches of AMED (1998 - November 2005), British Nursing Index (November 2005), Cochrane Library (Issue 3, 2005), Cochrane Schizophrenia Group Trials Register (November 2005), CINAHL (November 2005) EMBASE (November 2005), Educational Resources Information Centre on CSA (1966 - November 2005), MEDLINE (November 2005), PsycINFO (November 2005). We also searched references of all selected articles and contacted authors of included trials for more information. SELECTION CRITERIA: Randomised controlled trials comparing any educational game aiming at increasing knowledge and/or skills with a standard educational approach for mental health professionals. DATA COLLECTION AND ANALYSIS: We extracted data independently and analysed on an intention-to-treat basis. We analysed the individual person data using fixed effect Peto Odds Ratio (OR) calculated the 95% confidence intervals (CI). If appropriate, the number needed to treat (NNT) or number needed to harm (NNH) was estimated. For continuous data, we calculated weighted mean differences. MAIN RESULTS: We identified one trial (n=34) of an educational game for mental health nursing students of only a few hours follow up. For an outcome we arbitrarily defined ('no academically important improvement [a 10% improvement in scores]') those allocated to educational games fared considerably better than students in the standard education techniques group (OR 0.06 CI 0.01 to 0.27, NNT 3 CI 2 to 4). On average those in the games group scored six more points than the control students on a test of questions relevant to psychosis set to the standard of the mental health nursing curriculum of the day (WMD 6 CI 2.63 to 9.37). AUTHORS' CONCLUSIONS: Current limited evidence suggests educational games could help mental health students gain more points in their tests, especially if they have left revision to the last minute. This salient study should be refined and repeated.",10.1002/14651858.CD001471.pub2,16625545,,exclude,,exclude,"S1: Cochrane systematic review of educational games, not a primary RCT.","AI-R1: Cochrane systematic review of educational games, not a primary RCT."
DasDA200515745448,article,"Das, DA and Grimmer, KA and Sparnon, AL and McRae, SE and Thomas, BH",2005,The efficacy of playing a virtual reality game in modulating pain for children with acute burn injuries: a randomized controlled trial [ISRCTN87413556].,BMC pediatrics,"BACKGROUND: The management of burn injuries is reported as painful, distressing and a cause of anxiety in children and their parents. Child's and parents' pain and anxiety, often contributes to extended time required for burns management procedures, in particular the process of changing dressings. The traditional method of pharmacologic analgesia is often insufficient to cover the burnt child's pain, and it can have deleterious side effects 12. Intervention with Virtual Reality (VR) games is based on distraction or interruption in the way current thoughts, including pain, are processed by the brain. Research on adults supports the hypothesis that virtual reality has a positive influence on burns pain modulation. METHODS: This study investigates whether playing a virtual reality game, decreases procedural pain in children aged 5-18 years with acute burn injuries. The paper reports on the findings of a pilot study, a randomised trial, in which seven children acted as their own controls though a series of 11 trials. Outcomes were pain measured using the self-report Faces Scale and findings of interviews with parent/carer and nurses. RESULTS: The average pain scores (from the Faces Scale) for pharmacological analgesia only was, 4.1 (SD 2.9), while VR coupled with pharmacological analgesia, the average pain score was 1.3 (SD 1.8) CONCLUSION: The study provides strong evidence supporting VR based games in providing analgesia with minimal side effects and little impact on the physical hospital environment, as well as its reusability and versatility, suggesting another option in the management of children's acute pain.",10.1186/1471-2431-5-1,15745448,,exclude,,exclude,"P1: VR game for pain in child burn patients, not nursing education.","AI-R1: VR game for pain in child burn patients, not nursing education."
IngramC19989749809,article,"Ingram, C and Ray, K and Landeen, J and Keane, DR",1998,Evaluation of an educational game for health sciences students.,The Journal of nursing education,"An educational game was developed to promote student problem solving in the context of small group, problem-based learning (PBL). This study evaluated the game's effects on hypothesis and issue generation in PBL. Students in the Year III PBL course of a BScN program (N = 131) were stratified by program status and then randomly assigned to groups of 9 to 11 people per group. Half of the groups were randomly assigned to use the game (G); the remaining groups used the conventional method (CM) of generating issues and hypotheses. The G and CM groups crossed over for Term II. A Term I posttest demonstrated G groups had a higher proportion of accurate responses (85%) than CM groups (74%). A Term II posttest demonstrated no important differences between G and CM groups, suggesting the educational impact of the game persisted after students stopped using it. Strengths and limitations of the game as a learning aid also are addressed.",10.3928/0148-4834-19980901-04,9749809,,maybe,,maybe,,"AI-R1: RCT of educational game vs conventional method but health sciences/BScN students, nursing focus uncertain."
KellyS19958696789,article,"Kelly, S",1995,Trivia-psychotica: the development and evaluation of an educational game for the revision of psychiatric disorders in a nurse training programme.,Journal of psychiatric and mental health nursing,,10.1111/j.1365-2850.1995.tb00108.x,8696789,,maybe,,maybe,,AI-R1: Educational game for psychiatric revision in nurse training; no abstract to confirm design/outcomes.
BartfayWJ19947941489,article,"Bartfay, WJ and Bartfay, E",1994,Promoting health in schools through a board game.,Western journal of nursing research,"Primary prevention and health promotion have become salient topics in Canadian society and in nursing during the past two decades. The noncommunicable chronic diseases, such as heart disease and cancer, have been linked to specific lifestyle behaviors or habits, which often develop early in life. The success of public health efforts to improve the health status of all Canadians depends substantially on the success of educational programs directed toward children. Effective teaching strategies that seek to promote health and wellness in children need to be developed and empirically evaluated. Educational games may provide an efficient vehicle for carrying out developmentally specific nursing interventions in school settings. This article begins with a brief overview of the historical origins of games, along with their advantages and disadvantages as educational strategies. The results of a pretest-posttest control group design study that evaluated the effectiveness of a board game as a primary prevention teaching strategy with 23 sixth grade children in Winnipeg, Manitoba are presented. The experimental group had significant gains in knowledge related to anatomy and physiology, diet, and lifestyle risk factors associated with the development of heart disease and cancer.",10.1177/019394599401600408,7941489,,exclude,,exclude,"P1: Board game health teaching for sixth-grade children, not nursing education.","AI-R1: Board game health teaching for sixth-grade children, not nursing education."
AslanR20267,article,Aslan R.,2026,"Peer education, role-play simulation, and virtual escape room: Comparing effects on therapeutic interaction skills in nursing students: A randomized controlled trial",Clinical Simulation in Nursing,,10.1016/j.ecns.2026.101973,,,include,,include,,AI-R1: RCT comparing virtual escape room and other methods on nursing students' skills.
ZhangA20268,article,Zhang A.,2026,Design and application of a board game for pain management in school-aged children after tonsillectomy,Chinese Journal of Nursing,,10.3761/j.issn.0254-1769.2026.10.012,,,exclude,,exclude,"P1: Board game for pain management in post-tonsillectomy children, not nursing education.","AI-R1: Board game for pain management in post-tonsillectomy children, not nursing education."
BakhshiF202614,article,Bakhshi F.,2026,Fostering role clarity and team coordination in cardiopulmonary resuscitation among nursing students using an educational escape room: A randomized controlled trial,Clinical Simulation in Nursing,,10.1016/j.ecns.2026.101932,,,include,,include,,AI-R1: RCT of educational escape room for CPR role clarity among nursing students.
SantanoMogenaE202615,article,Santano-Mogena E.,2026,Escape room and high-fidelity clinical simulation in neonatal nursing education: A randomized clinical trial,Clinical Simulation in Nursing,,10.1016/j.ecns.2026.101938,,,maybe,,maybe,,"AI-R1: RCT of escape room vs high-fidelity simulation in nursing; comparator may also be active, no abstract."
PedrottiM202617,article,Pedrotti M.,2026,"Corrigendum to ‘Effect of a gamified simulation on nursing students' communication skills in end-of-life care: A randomized controlled trial’ Clinical Simulation in Nursing, 109, 101850 (Clinical Simulation in Nursing (2025) 109, (S1876139925001665), (10.1016/j.ecns.2025.101850))",Clinical Simulation in Nursing,,10.1016/j.ecns.2026.101953,,,exclude,,exclude,"S1: Corrigendum, not a study report.","AI-R1: Corrigendum, not a study report."
FanN202618,article,Fan N.,2026,Construction and application of gamification therapy for children with congenital heart disease surgery,Chinese Journal of Nursing,,10.3761/j.issn.0254-1769.2026.07.007,,,exclude,,exclude,"P1: Gamification therapy for child cardiac surgery patients, not nursing education.","AI-R1: Gamification therapy for child cardiac surgery patients, not nursing education."
BalkayaF202622,article,Balkaya F.,2026,The Effect of Motivational Interviewing Based on Stages of Change on Digital Game Addiction Levels of Nursing Students: A Randomized Controlled Trial,Journal of Nursology,,10.17049/jnursology.1630948,,,exclude,,exclude,I1: Motivational interviewing to reduce game addiction in nursing students; intervention is not game-based teaching.,AI-R1: Motivational interviewing to reduce game addiction in nursing students; intervention is not game-based teaching.
WangYF202623,article,Wang Y.F.,2026,MEDILEGACY: A gamified platform for enhancing medical terminology learning through engagement and retention,Health Education Journal,,10.1177/00178969251389388,,,maybe,,maybe,,AI-R1: Gamified platform for medical terminology learning; population and design unclear without abstract.
HeX202624,article,He X.,2026,Design and application of a rapid gamified exercise board for enhancing recovery for pediatric patients undergoing laparoscopic appendectomy,Chinese Journal of Nursing,,10.3761/j.issn.0254-1769.2026.04.007,,,exclude,,exclude,"P1: Gamified exercise board for pediatric surgical patients' recovery, not nursing education.","AI-R1: Gamified exercise board for pediatric surgical patients' recovery, not nursing education."
PaivaBSR202629,article,Paiva B.S.R.,2026,Values and wishes at the end of life among women with advanced cancer: An analysis using the Go Wish Cards Game,Palliative and Supportive Care,,10.1017/S1478951525101491,,,exclude,,exclude,"P1: Card game used with cancer patients on end-of-life wishes, not nursing education.","AI-R1: Card game used with cancer patients on end-of-life wishes, not nursing education."
BulutOU202633,article,Bulut O.U.,2026,The effect of gamified breastfeeding education on breastfeedinself-efficacy and ınfant feeding attitudes of pregnant women: a randomized controlled study,Revista Da Associacao Medica Brasileira,,10.1590/1806-9282.20251003,,,exclude,,exclude,"P1: Gamified breastfeeding education for pregnant women, not nursing education.","AI-R1: Gamified breastfeeding education for pregnant women, not nursing education."
MoonchaiK202635,article,Moonchai K.,2026,Gamified learning enhances psychiatric symptom knowledge in nursing students,Teaching and Learning in Nursing,,10.1016/j.teln.2025.07.028,,,maybe,,maybe,,AI-R1: Gamified learning improves psychiatric knowledge in nursing students; RCT design not confirmed without abstract.
WulanDR202636,article,Wulan D.R.,2026,A randomized controlled trial of an escape laboratory challenge through gamified learning to improve cardiopulmonary resuscitation performance among nursing students,Journal of Holistic Nursing Science,,10.31603/jhns.v13i1.15182,,,include,,include,,AI-R1: RCT of gamified escape laboratory to improve CPR performance in nursing students.
CoelhoF202639,article,Coelho F.,2026,"Playing solo, against rivals, or in a team? Exploring individual, competitive, and cooperative dynamics in gamified digital education",Entertainment Computing,,10.1016/j.entcom.2025.101065,,,maybe,,maybe,,AI-R1: Gamified digital education comparing dynamics; population and design unclear without abstract.
DienerJ202640,article,Diener J.,2026,"Effectiveness of an mHealth Exercise Program on Fall Incidence, Fall Risk, and Fear of Falling in Nursing Home Residents: The Cluster Randomized Controlled BeSt Age Trial",Sports,,10.3390/sports14010041,,,exclude,,exclude,"P1: mHealth exercise program for nursing home residents, not nursing education.","AI-R1: mHealth exercise program for nursing home residents, not nursing education."
Grzywacz202642,article,Grzywacz Ż.,2026,The Effects of Gamified Virtual Reality on Muscle Strength and Physical Function in the Oldest Old—A Pilot Study on Sarcopenia-Related Functional Outcomes,Journal of Clinical Medicine,,10.3390/jcm15020621,,,exclude,,exclude,"P1: Gamified VR for muscle strength in oldest-old patients, not nursing education.","AI-R1: Gamified VR for muscle strength in oldest-old patients, not nursing education."
GkoluA202547,article,Gökoğlu A.,2025,"Should I play or should I watch: the effects of active and passive distraction methods on children’s pain, fear and anxiety during invasive procedures: a randomized controlled clinical trial",BMC Pediatrics,,10.1186/s12887-025-06188-1,,,exclude,,exclude,"P1: Distraction methods for children during procedures, not nursing education.","AI-R1: Distraction methods for children during procedures, not nursing education."
PedrottiM202550,article,Pedrotti M.,2025,Effect of a gamified simulation on nursing students' communication skills in end-of-life care: A randomized controlled trial,Clinical Simulation in Nursing,,10.1016/j.ecns.2025.101850,,,include,,include,,AI-R1: RCT of gamified simulation on nursing students' communication skills.
TaylanS202551,article,Taylan S.,2025,"Effects of virtual reality on pain, anxiety, and delirium in pediatric surgery: a systematic review and meta-analysis",Pediatric Surgery International,,10.1007/s00383-025-06084-w,,,exclude,,exclude,"S1: Systematic review and meta-analysis, not an RCT; patients not nursing education.","AI-R1: Systematic review and meta-analysis, not an RCT; patients not nursing education."
YangP202552,article,Yang P.,2025,Cognitive training for breast cancer patients with cancer-related cognitive impairment: a scoping review,Supportive Care in Cancer,,10.1007/s00520-025-10108-5,,,exclude,,exclude,"S1: Scoping review of cognitive training in cancer patients, not an RCT or nursing education.","AI-R1: Scoping review of cognitive training in cancer patients, not an RCT or nursing education."
HwangS202556,article,Hwang S.,2025,"Digital Therapeutics for Attention-deficit/Hyperactivity Disorder: Literature Review of Current Evidence, Target Population, and Implementation Challenges",Journal of Korean Academy of Psychiatric and Mental Health Nursing,,10.12934/jkpmhn.2025.34.S1.36,,,exclude,,exclude,"S1: Literature review of digital therapeutics, not an RCT.","AI-R1: Literature review of digital therapeutics, not an RCT."
WahidNNA202560,article,Wahid N.N.A.,2025,"Effect of Online Learning on Nursing Students Satisfaction, Confidence and Skill Performance: A Systematic Review",Malaysian Journal of Nursing,,10.31674/mjn.2025.v17i02.026,,,exclude,,exclude,"S1: Systematic review, not a primary RCT.","AI-R1: Systematic review, not a primary RCT."
KimC202563,article,Kim C.,2025,Debriefing the escape: Sequential patterns in facilitator strategies for nursing simulations,Clinical Simulation in Nursing,,10.1016/j.ecns.2025.101789,,,exclude,,exclude,"S1: Descriptive study of facilitator debriefing patterns, not an RCT of game-based teaching.","AI-R1: Descriptive study of facilitator debriefing patterns, not an RCT of game-based teaching."
TankDY202572,article,Tank D.Y.,2025,From games to high fidelity: A comparative study of CPR training methods in nursing education,Clinical Simulation in Nursing,,10.1016/j.ecns.2025.101783,,,maybe,,maybe,,AI-R1: Comparative CPR training study using games in nursing education; design unclear from title.
WangJ202574,article,Wang J.,2025,Impact of gamified behavior intervention based on mobile health on patients with coronary heart disease after percutaneous coronary intervention,Chinese Journal of Practical Nursing,,10.3760/cma.j.cn211501-20240918-02550,,,exclude,,exclude,"P1: Gamified intervention for coronary heart disease patients, not nursing education.","AI-R1: Gamified intervention for coronary heart disease patients, not nursing education."
HuaJ202575,article,Hua J.,2025,Gamified interventions for physical activity in pediatric cancer survivors：a scoping review,Chinese Journal of Nursing,,10.3761/j.issn.0254-1769.2025.10.019,,,exclude,,exclude,"S1: Scoping review and population is pediatric cancer survivors, not nursing education.","AI-R1: Scoping review and population is pediatric cancer survivors, not nursing education."
RezazadehM202583,article,Rezazadeh M.,2025,Effects of Using Escape Room as an Assessment Game on Critical Thinking and Self-efficacy in Clinical Performance of Nursing Students: A Randomized Clinical Trial,Avicenna Journal of Nursing and Midwifery Care,,10.32592/ajnmc.33.2.128,,,include,,include,,AI-R1: RCT of escape room game on nursing students' critical thinking and self-efficacy.
KorkmazB202586,article,Korkmaz B.,2025,Effect of using a kaleidoscope projector and matching cards on fear and vital signs in children aged 3–6 years receiving inhaled medication,Journal of Paediatrics and Child Health,,10.1111/jpc.16736,,,exclude,,exclude,"P1: Intervention on children receiving medication, not nursing education.","AI-R1: Intervention on children receiving medication, not nursing education."
LeeD202587,article,Lee D.,2025,Gamification With a Support Partner and Postoperative Mobility in Older Adults Undergoing Radical Cystectomy: The MOVE UP Randomized Clinical Trial,JAMA Network Open,,10.1001/jamanetworkopen.2024.53037,,,exclude,,exclude,"P1: Gamification for postoperative patients, not nursing education.","AI-R1: Gamification for postoperative patients, not nursing education."
NodehiMHA202598,article,Nodehi M.H.A.,2025,Examining the Impact of Escape Room-Based Assessment on Nursing Student’s Self-Efficacy Perception,Strides in Development of Medical Education Journal,,10.22062/sdme.2025.200059.1410,,,include,,include,,AI-R1: Escape room-based assessment on nursing students' self-efficacy; game intervention in nursing education.
HolandaPCM2025101,article,Holanda P.C.M.,2025,Effectiveness of educational technology on human immunodeficiency virus/AIDS prevention: randomized clinical trial,Revista Latino Americana De Enfermagem,,10.1590/1518-8345.7352.4516,,,maybe,,maybe,,AI-R1: RCT of educational technology on HIV/AIDS prevention; population and game element unclear from title.
LiA2025104,article,Li A.,2025,Evaluating the Clinical Efficacy of an Exergame-Based Training Program for Enhancing Physical and Cognitive Functions in Older Adults With Mild Cognitive Impairment and Dementia Residing in Rural Long-Term Care Facilities: Randomized Controlled Trial,Journal of Medical Internet Research,,10.2196/69109,,,exclude,,exclude,"P1: Exergame training for older adults with cognitive impairment, not nursing education.","AI-R1: Exergame training for older adults with cognitive impairment, not nursing education."
HuangX2025106,article,Huang X.,2025,Effect of Gamification on Improved Adherence to Inhaled Medications in Chronic Obstructive Pulmonary Disease: Randomized Controlled Trial,Journal of Medical Internet Research,,10.2196/65309,,,exclude,,exclude,"P1: Gamification for COPD patient medication adherence, not nursing education.","AI-R1: Gamification for COPD patient medication adherence, not nursing education."
KamaliM2025107,article,Kamali M.,2025,Game-based learning efficiency in nursing education in Iran: A systematic review,Journal of Medical Education Development,,10.61882/edcj.18.3.130,,,exclude,,exclude,"S1: Systematic review of game-based learning, not a primary RCT.","AI-R1: Systematic review of game-based learning, not a primary RCT."
HuZ2024108,article,Hu Z.,2024,Effectiveness of virtual reality exposure in surgical children: a Meta-analysis,Chinese Journal of Nursing,,10.3761/j.issn.0254-1769.2024.24.015,,,exclude,,exclude,"S1: Meta-analysis and population is surgical children, not nursing education.","AI-R1: Meta-analysis and population is surgical children, not nursing education."
XiaoyiL2024110,article,Xiaoyi L.,2024,Psychological and physiological benefits of horticultural therapy for Chinese older adults,Hong Kong Journal of Occupational Therapy,,10.1177/15691861241263875,,,exclude,,exclude,"P1: Horticultural therapy for older adults, not game-based nursing education.","AI-R1: Horticultural therapy for older adults, not game-based nursing education."
BykBayramS2024114,article,Bıyık Bayram S.,2024,The effect of digital storytelling on nursing students' compliance with isolation precautions and their knowledge levels: A randomized controlled trial,Journal of Computer Assisted Learning,,10.1111/jcal.13062,,,maybe,,maybe,,AI-R1: RCT of digital storytelling on nursing students; game mechanics unclear from title.
BravoAparicioJ2024121,article,Bravo-Aparicio J.,2024,Effects of Different Exercise Doses Through an Augmented Reality Exergame in Older Adults: A Pilot Randomized Controlled Trial,Applied Sciences Switzerland,,10.3390/app142210592,,,exclude,,exclude,"P1: Exergame exercise for older adults, not nursing education.","AI-R1: Exergame exercise for older adults, not nursing education."
DemirayA2024125,article,Demiray A.,2024,Using a Board Game to Learn a Physical Assessment Course in Nursing Education: A Randomized Controlled Study,Journal of Nursology,,10.17049/jnursology.1428436,,,include,,include,,AI-R1: RCT using a board game in nursing physical assessment education.
XueX2024126,article,Xue X.,2024,A study on the design of a medical terminology digital game and its application in undergraduate nursing students,Chinese Journal of Nursing Education,,10.3761/j.issn.1672-9234.2024.09.002,,,maybe,,maybe,,AI-R1: Digital game for medical terminology in undergraduate nursing students; design unclear from title.
TayRSC2024134,article,Tay R.S.C.,2024,Enhancing teaching and learning of evidence-based practice via game-based learning,Asia Pacific Scholar,,10.29060/TAPS.2024-9-3/SC3111,,,maybe,,maybe,,AI-R1: Game-based learning for evidence-based practice teaching; population and design unclear.
SelnneL2024136,article,Selänne L.,2024,Gamified Intervention for Health Promotion of Families in Child Health Clinics — A Cluster Randomised Trial,Simulation and Gaming,,10.1177/10468781241236706,,,exclude,,exclude,"P1: Cluster RCT of gamified health promotion for families in child clinics, not nursing education.","AI-R1: Cluster RCT of gamified health promotion for families in child clinics, not nursing education."
KulakaN2024143,article,Kulakaç N.,2024,The effect of a serious game-based web application on stoma care education for nursing students: A randomized controlled trial,Teaching and Learning in Nursing,,10.1016/j.teln.2023.10.001,,,include,,include,,AI-R1: RCT of serious game web app on stoma care education for nursing students.
ChangCY2024145,article,Chang C.Y.,2024,Integrating scenario game-based learning with the experiential learning strategy to facilitate nursing students’ learning performance and core competencies in labor support training,Interactive Learning Environments,,10.1080/10494820.2024.2308092,,,include,,include,,AI-R1: Scenario game-based learning for nursing students' learning performance in labor support training.
HosseiniM2024146,article,Hosseini M.,2024,Acceptance of physical activity virtual reality games by residents of long-term care facilities: a scoping review,Disability and Rehabilitation Assistive Technology,,10.1080/17483107.2023.2298839,,,exclude,,exclude,"S1: Scoping review and population is long-term care residents, not nursing education.","AI-R1: Scoping review and population is long-term care residents, not nursing education."
TuanSH2024150,article,Tuan S.H.,2024,Assessing the Clinical Effectiveness of an Exergame-Based Exercise Training Program Using Ring Fit Adventure to Prevent and Postpone Frailty and Sarcopenia Among Older Adults in Rural Long-Term Care Facilities: Randomized Controlled Trial,Journal of Medical Internet Research,,10.2196/59468,,,exclude,,exclude,"P1: Exergame training for older adults to prevent frailty, not nursing education.","AI-R1: Exergame training for older adults to prevent frailty, not nursing education."
DoluI2024151,article,Dolu I.,2024,The impact of an educational game on rational drug use and society's attitudes towards the role of nurses,European Journal of Clinical and Experimental Medicine,,10.15584/ejcem.2024.3.29,,,maybe,,maybe,,AI-R1: Educational game on rational drug use; population and design unclear from title.
OtaghiM2024152,article,Otaghi M.,2024,The effect of the burn wounds dressing and mechanical debridement training package on nursing interns’ knowledge and executive functions: A quasi-experimental study,Journal of Research Development in Nursing and Midwifery,,10.29252/jgbfnm.21.3.15,,,exclude,,exclude,"S1: Quasi-experimental training package, not an RCT and no game element specified.","AI-R1: Quasi-experimental training package, not an RCT and no game element specified."
CoderreBallAM2024153,article,Coderre-Ball A.M.,2024,"Training initiatives that enhance knowledge, attitudes, and practices regarding the prevention, diagnosis and treatment of Lyme disease: a systematic review",International Journal of Health Promotion and Education,,10.1080/14635240.2021.1920045,,,exclude,,exclude,"S1: Systematic review of Lyme disease training, not a primary RCT.","AI-R1: Systematic review of Lyme disease training, not a primary RCT."
KawaguchiK2024155,article,Kawaguchi K.,2024,Effects of a Mobile App to Promote Social Participation on Older Adults: Randomized Controlled Trial,Journal of Medical Internet Research,,10.2196/64196,,,exclude,,exclude,"P1: Mobile app for social participation in older adults, not nursing education.","AI-R1: Mobile app for social participation in older adults, not nursing education."
FernandesDR2024156,article,Fernandes D.R.,2024,Educational technologies for teaching hand hygiene: Systematic review,Plos One,,10.1371/journal.pone.0294725,,,exclude,,exclude,"S1: Systematic review of hand hygiene educational technologies, not a primary RCT.","AI-R1: Systematic review of hand hygiene educational technologies, not a primary RCT."
KartikasariRD2023157,article,Kartikasari R.D.,2023,The effect of adding exergame boxing to balance functions of elderly women,Bali Medical Journal,,10.15562/bmj.v12i3.4722,,,exclude,,exclude,"P1: Exergame boxing for elderly women's balance, not nursing education.","AI-R1: Exergame boxing for elderly women's balance, not nursing education."
XiaoX2023158,article,Xiao X.,2023,Evaluation of Gamification on Surgical Nursing Course using Immersive Virtual Reality: A comparative study,ACM International Conference Proceeding Series,,10.1145/3644116.3644217,,,maybe,,maybe,,AI-R1: Gamification VR in surgical nursing course; comparative study but design/population details unclear.
FaureC2023160,article,Faure C.,2023,Effectiveness of the miWe Simulator Training on Powered Wheelchair-driving Skills: A Randomized Controlled Trial,Archives of Physical Medicine and Rehabilitation,,10.1016/j.apmr.2023.04.022,,,exclude,,exclude,"P1: Wheelchair-driving simulator training for users, not nursing education.","AI-R1: Wheelchair-driving simulator training for users, not nursing education."
RenY2023164,article,Ren Y.,2023,"Effectiveness of virtual reality games in improving physical function, balance and reducing falls in balance-impaired older adults: A systematic review and meta-analysis",Archives of Gerontology and Geriatrics,,10.1016/j.archger.2023.104924,,,exclude,,exclude,"S1: Systematic review and meta-analysis; population is older adults, not nursing education.","AI-R1: Systematic review and meta-analysis; population is older adults, not nursing education."
ZhouW2023165,article,Zhou W.,2023,Evaluation of the effect of serious game teaching method in the cultivation of clinical reasoning and reflection ability of pediatric practice nurses,Chinese Journal of Practical Nursing,,10.3760/cma.j.cn211501-20220810-02539,,,maybe,,maybe,,AI-R1: Serious game teaching for pediatric practice nurses; design unclear from title.
FernandesCS2023168,article,Fernandes C.S.,2023,The potential of games for vulnerable groups like refugees: a scoping review,Revista Da Escola De Enfermagem Da USP,,10.1590/1980-220X-REEUSP-2022-0365,,,exclude,,exclude,"S1: Scoping review on games for refugees, not an RCT in nursing education.","AI-R1: Scoping review on games for refugees, not an RCT in nursing education."
DichevaNK2023169,article,Dicheva N.K.,2023,Improving Nursing Educational Practices and Professional Development through Smart Education in Smart Cities: A Systematic Literature Review *,Proceedings of 2023 IEEE International Smart Cities Conference Isc2 2023,,10.1109/ISC257844.2023.10293413,,,exclude,,exclude,"S1: Systematic literature review of smart education, not a primary RCT.","AI-R1: Systematic literature review of smart education, not a primary RCT."
YangSY2022174,article,Yang S.Y.,2022,Board Game Intervention to Improve Cognitive and Daily Functioning in Elderly People with Mild Cognitive Impairment: A Randomized Controlled Trial,International Journal of Gerontology,,10.6890/IJGE.202210_16(4).0007,,,exclude,,exclude,"P1: Board game RCT for elderly with cognitive impairment, not nursing education.","AI-R1: Board game RCT for elderly with cognitive impairment, not nursing education."
KimY2022176,article,Kim Y.,2022,Effects of Serious Games on Depression in Older Adults: Systematic Review and Meta-analysis of Randomized Controlled Trials,Journal of Medical Internet Research,,10.2196/37753,,,exclude,,exclude,"S1: Systematic review and meta-analysis; population is older adults, not nursing education.","AI-R1: Systematic review and meta-analysis; population is older adults, not nursing education."
KimM2022180,article,Kim M.,2022,The Effectiveness of Multicomponent Intervention on Daily Functioning among the Community-Dwelling Elderly: A Systematic Review,International Journal of Environmental Research and Public Health,,10.3390/ijerph19127483,,,exclude,,exclude,"S1: Systematic review; population is community-dwelling elderly, not nursing education.","AI-R1: Systematic review; population is community-dwelling elderly, not nursing education."
MallonD2022183,article,Mallon D.,2022,Randomized Controlled Trial of Interactive Spaced Education to Support Constipation Management by Pediatric Primary Care Providers,Journal of Pediatric Gastroenterology and Nutrition,,10.1097/MPG.0000000000003405,,,exclude,,exclude,"P1: RCT of spaced education for pediatric primary care providers, not nursing education.","AI-R1: RCT of spaced education for pediatric primary care providers, not nursing education."
DemirtasA2022185,article,Demirtas A.,2022,The Serious Game and Integrated Simulator for Cardiopulmonary Resuscitation Training in Nursing Students,Simulation and Gaming,,10.1177/10468781211073162,,,maybe,,maybe,,AI-R1: Serious game/simulator for CPR training in nursing students; design unclear from title.
LourenoCLM2022189,article,Lourenço C.L.M.,2022,Dropout rates in controlled trials with exergames for blood pressure management: a systematic review and meta-analysis protocol,Revista Brasileira De Atividade Fisica E Saude,,10.12820/rbafs.27e0250,,,exclude,,exclude,"S1: Systematic review/meta-analysis protocol on exergames for blood pressure, not nursing education RCT.","AI-R1: Systematic review/meta-analysis protocol on exergames for blood pressure, not nursing education RCT."
HaoJ2022190,article,Hao J.,2022,Effects of Virtual Reality Intervention on Neural Plasticity in Stroke Rehabilitation: A Systematic Review,Archives of Physical Medicine and Rehabilitation,,10.1016/j.apmr.2021.06.024,,,exclude,,exclude,"S1: Systematic review of VR in stroke rehabilitation, not a primary RCT in nursing education.","AI-R1: Systematic review of VR in stroke rehabilitation, not a primary RCT in nursing education."
GuoJ2022196,article,Guo J.,2022,The effects of serious games in nursing education:a systematic review,Chinese Journal of Nursing Education,,10.3761/j.issn.1672-9234.2022.01.009,,,exclude,,exclude,"S1: Systematic review, not an RCT.","AI-R1: Systematic review, not an RCT."
ZhangY2022197,article,Zhang Y.,2022,The effect of 7 different exercise training in balance function of patients with diabetic peripheral neuropathy:a network meta-analysis,Chinese Journal of Nursing,,10.3761/j.issn.0254-1769.2022.01.014,,,exclude,,exclude,"S1: Network meta-analysis on exercise/diabetic neuropathy, not an RCT and not game-based nursing education.","AI-R1: Network meta-analysis on exercise/diabetic neuropathy, not an RCT and not game-based nursing education."
MahlenT2022200,article,Mahlen T.,2022,"Pediatric Non-Refractive Vision Screening with EyeSwift, PDI Check and Blinq: Non-Refractive Vision Screening with Two Binocular Video Games and Birefringent Scanning",Clinical Ophthalmology,,10.2147/OPTH.S344751,,,exclude,,exclude,P1: Pediatric vision screening with video games; not nursing education.,AI-R1: Pediatric vision screening with video games; not nursing education.
ReisGM2022201,article,Reis G.M.,2022,Frailty in the Elderly and Interventions Supported by Information and Communication Technologies: A Systematic Review,Research Anthology on Supporting Healthy Aging in A Digital Society,,10.4018/978-1-6684-5295-0.ch100,,,exclude,,exclude,S1: Systematic review on frailty interventions.,AI-R1: Systematic review on frailty interventions.
ChatterjeeK2022202,article,Chatterjee K.,2022,Immersive Virtual Reality for the Cognitive Rehabilitation of Stroke Survivors,IEEE Transactions on Neural Systems and Rehabilitation Engineering,,10.1109/TNSRE.2022.3158731,,,exclude,,exclude,"P1: VR cognitive rehab for stroke survivors (patients), not nursing education.","AI-R1: VR cognitive rehab for stroke survivors (patients), not nursing education."
SwinnenN2021203,article,Swinnen N.,2021,The efficacy of exergaming in people with major neurocognitive disorder residing in long-term care facilities: a pilot randomized controlled trial,Alzheimer S Research and Therapy,,10.1186/s13195-021-00806-7,,,exclude,,exclude,"P1: Exergaming in patients with neurocognitive disorder, not nursing education.","AI-R1: Exergaming in patients with neurocognitive disorder, not nursing education."
DesmetV2021204,article,Desmet V.,2021,"Update on best current practice of non-pharmacological interventions reducing preoperative anxiety in children, a semi-systematic literature review",Acta Anaesthesiologica Belgica,,,,,exclude,,exclude,S1: Literature review of preoperative anxiety interventions in children.,AI-R1: Literature review of preoperative anxiety interventions in children.
MoradiP2021208,article,Moradi P.,2021,"Effect of Computer Games on Working Memory, Visual Memory, and Executive Functions of the Elderly",Iranian Journal of Psychiatry and Clinical Psychology,,10.32598/ijpcp.27.2.3401.1,,,exclude,,exclude,"P1: Computer games for elderly cognition (patients), not nursing education.","AI-R1: Computer games for elderly cognition (patients), not nursing education."
LinnN2021210,article,Linn N.,2021,Digital Health Interventions among People Living with Frailty: A Scoping Review,Journal of the American Medical Directors Association,,10.1016/j.jamda.2021.04.012,,,exclude,,exclude,S1: Scoping review of digital health interventions.,AI-R1: Scoping review of digital health interventions.
PallaviciniF2021211,article,Pallavicini F.,2021,Commercial off-the-shelf video games for reducing stress and anxiety: Systematic review,Jmir Mental Health,,10.2196/28150,,,exclude,,exclude,S1: Systematic review of video games for stress/anxiety.,AI-R1: Systematic review of video games for stress/anxiety.
RamnathU2021216,article,Ramnath U.,2021,Efficacy of interactive video gaming in older adults with memory complaints: A clusterrandomized exercise intervention,Plos One,,10.1371/journal.pone.0252016,,,exclude,,exclude,"P1: Video gaming exercise in older adults (patients), not nursing education.","AI-R1: Video gaming exercise in older adults (patients), not nursing education."
FarsiZ2021218,article,Farsi Z.,2021,Comparative effectiveness of simulation versus serious game for training nursing students in cardiopulmonary resuscitation: A randomized control trial,International Journal of Computer Games Technology,,10.1155/2021/6695077,,,maybe,,maybe,,AI-R1: RCT of serious game vs simulation for nursing students CPR; comparator may also be active/non-conventional (C1 concern).
RodrguezMR2021219,article,Rodríguez M.R.,2021,The use of video games in adolescents. A Public Health problema,Enfermeria Global,,10.6018/EGLOBAL.438641,,,exclude,,exclude,P1: Video game use in adolescents as public health issue; not nursing education.,AI-R1: Video game use in adolescents as public health issue; not nursing education.
AlzahraniS2021222,article,Al-zahrani S.,2021,Opinion of mental healthcare providers on the impact of electronic games on psychiatric patients in Saudi Arabia,Informatics in Medicine Unlocked,,10.1016/j.imu.2021.100647,,,exclude,,exclude,S1: Opinion survey of providers; not an RCT of game-based nursing education.,AI-R1: Opinion survey of providers; not an RCT of game-based nursing education.
CicekA2020129,article,"Cicek, A and Ozdincler, AR and Tarakci, E.",2020,"Interactive video game-based approaches improve mobility and mood in older adults: A nonrandomized, controlled tri̇al",,"<h4>Background and purpose</h4>Recently, technology-based approaches have become more frequently used in the field of rehabilitation. The aim of this study was to evaluate the effectiveness of interactive video games on mobility, general mood, and quality of life and compare them with physical activity approaches in older adults.<h4>Methods</h4>Ninety-one residents of a nursing home were assessed and 58 volunteers who met the criteria were included in the study. Participants in Group I (n = 16) participated in a 30-min exercise program using the ""Nintendo Wii Fit Plus"" twice a week for 8 weeks. Group II (n = 14) participated in a physical activity program consisting of a bicycle ergometer and treadmill for the same duration. Participants were assessed pre- and post-intervention for functional mobility, general depression, and quality of life. The ""Wilcoxon Signed-Rank"" test was used to compare the pre- and post-treatment outcomes. The Kruskal-Wallis analysis of variance (post hoc Tukey's HSD test) was used to evaluate differences between the groups.<h4>Results</h4>and Discussion: Post-intervention, the scores in the Berg Balance Scale increased significantly for GI and GII compared to the control group (p = 0.001, p = 0.002) Timed Up and Go Test improved for GI (p = 0.001) and 10-Meter Walk Test improved for GI (p = 0.003). Although there was a significant change in Hamilton depression score for GI and GII (p < 0.005), between-group differences were not significant.<h4>Conclusions</h4>Both programs demonstrated significant improvement in in all parameters. However, video-based program was more effective than physical activity, especially in mobility and balance parameters.",10.1016/j.jbmt.2020.01.005,32825997,Physical Activity; Older Adults; Video Games,exclude,,exclude,"P1: Nonrandomized study of video games in nursing-home older adults (patients), not nursing education.","AI-R1: Nonrandomized study of video games in nursing-home older adults (patients), not nursing education."
ReisGM2020231,article,Reis G.M.,2020,Frailty in the elderly and interventions supported by information and communication technologies: A systematic review,Exploring the Role of Icts in Healthy Aging,,10.4018/978-1-7998-1937-0.ch007,,,exclude,,exclude,S1: Systematic review on frailty ICT interventions.,AI-R1: Systematic review on frailty ICT interventions.
GhomanSK2020235,article,Ghoman S.K.,2020,"Serious games, a game changer in teaching neonatal resuscitation? A review",Archives of Disease in Childhood Fetal and Neonatal Edition,,10.1136/archdischild-2019-317011,,,exclude,,exclude,S1: Review of serious games for neonatal resuscitation.,AI-R1: Review of serious games for neonatal resuscitation.
MartinengoL2019245,article,Martinengo L.,2019,Digital education for the management of chronic wounds in health care professionals: Protocol for a systematic review by the digital health education collaboration,Jmir Research Protocols,,10.2196/12488,,,exclude,,exclude,S1: Systematic review protocol on digital education for wound care.,AI-R1: Systematic review protocol on digital education for wound care.
WaltherLarsenS2019249,article,Walther-Larsen S.,2019,Immersive virtual reality for pediatric procedural pain: A randomized clinical trial,Hospital Pediatrics,,10.1542/hpeds.2018-0249,,,exclude,,exclude,"P1: VR for pediatric procedural pain (patients), not nursing education.","AI-R1: VR for pediatric procedural pain (patients), not nursing education."
MartinsFDP2018254,article,Martins F.D.P.,2018,Effect of the board game as educational technology on schoolchildren’s knowledge on breastfeeding,Revista Latino Americana De Enfermagem,,10.1590/1518-8345.2316.3049,,,exclude,,exclude,P1: Board game teaching schoolchildren about breastfeeding; not nursing education.,AI-R1: Board game teaching schoolchildren about breastfeeding; not nursing education.
IaiaM2017260,article,Iaia M.,2017,An educational intervention to promote healthy lifestyles in preschool children: A cluster-RCT,International Journal of Obesity,,10.1038/ijo.2016.239,,,exclude,,exclude,P1: Educational intervention in preschool children; not nursing education.,AI-R1: Educational intervention in preschool children; not nursing education.
deBoissieuP2017261,article,de Boissieu P.,2017,Exergames and elderly: A non-systematic review of the literature,European Geriatric Medicine,,10.1016/j.eurger.2017.02.003,,,exclude,,exclude,S1: Non-systematic review of exergames and elderly.,AI-R1: Non-systematic review of exergames and elderly.
NoyudomA2015268,article,Noyudom A.,2015,Using game activities as assessment tools for evaluating nursing students' understanding of tracheostomy care,International Journal of Assessment and Evaluation,,10.18848/2327-7920/cgp/v21i3-4/48366,,,maybe,,maybe,,AI-R1: Game activities as assessment tools for nursing students; design and comparator unclear from title.
FossB2014269,article,Foss B.,2014,Digital game-based learning: A supplement for medication calculation drills in nurse education,E Learning and Digital Media,,10.2304/elea.2014.11.4.342,,,maybe,,maybe,,AI-R1: Digital game-based learning for medication calculation in nurse education; design unclear from title.
WittelsbergerR2013271,article,Wittelsberger R.,2013,The influence of Nintendo-Wii® bowling upon residents of retirement homes,Zeitschrift Fur Gerontologie Und Geriatrie,,10.1007/s00391-012-0391-6,,,exclude,,exclude,"P1: Wii bowling for retirement-home residents (patients), not nursing education.","AI-R1: Wii bowling for retirement-home residents (patients), not nursing education."
NilssonS2013274,article,Nilsson S.,2013,Active and Passive Distraction in Children Undergoing Wound Dressings,Journal of Pediatric Nursing,,10.1016/j.pedn.2012.06.003,,,exclude,,exclude,"P1: Distraction in children during wound dressings (patients), not nursing education.","AI-R1: Distraction in children during wound dressings (patients), not nursing education."
KaravetianM2013275,article,Karavetian M.,2013,Nutritional education for the management of osteodystrophy (NEMO) in patients on haemodialysis: A randomised controlled trial,Journal of Renal Care,,10.1111/j.1755-6686.2012.00327.x,,,exclude,,exclude,P1: Nutritional education RCT for hemodialysis patients; not game-based nursing education.,AI-R1: Nutritional education RCT for hemodialysis patients; not game-based nursing education.
KhazaalY2012276,article,Khazaal Y.,2012,"""Michael's Game"", a game-based on cognitive therapy for patients with psychotic disorders",Journal De Therapie Comportementale Et Cognitive,,10.1016/j.jtcc.2012.06.003,,,exclude,,exclude,P1: Game-based cognitive therapy for psychotic patients; not nursing education.,AI-R1: Game-based cognitive therapy for psychotic patients; not nursing education.
DanielK2012277,article,Daniel K.,2012,Wii-hab for pre-frail older adults,Rehabilitation Nursing,,10.1002/rnj.25,,,exclude,,exclude,"P1: Wii rehab for pre-frail older adults (patients), not nursing education.","AI-R1: Wii rehab for pre-frail older adults (patients), not nursing education."
LeFloreJL2012278,article,LeFlore J.L.,2012,Can a virtual patient trainer teach student nurses how to save lives-teaching nursing students about pediatric respiratory diseases,Simulation in Healthcare,,10.1097/SIH.0b013e31823652de,,,maybe,,maybe,,AI-R1: Virtual patient trainer for student nurses; whether it meets game-mechanics intervention and RCT design unclear.
MillerK2009281,article,Miller K.,2009,Multimodal distraction to relieve pain in children undergoing acute medical procedures,Chinese Journal of Burns,,10.3760/cma.j.issn.1009-2587.2009.05.009,,,exclude,,exclude,"P1: Multimodal distraction for pain in children (patients), not nursing education.","AI-R1: Multimodal distraction for pain in children (patients), not nursing education."
BhoopathiPS2007283,article,Bhoopathi P.S.,2007,Educational games for mental health professionals: a Cochrane review.,International Journal of Psychiatric Nursing Research,,,,,exclude,,exclude,S1: Cochrane review of educational games.,AI-R1: Cochrane review of educational games.
DingGY2006285,article,Ding G.Y.,2006,Analysis of imitating social life in patients with chronic schizophrenia,Chinese Journal of Clinical Rehabilitation,,,,,exclude,,exclude,P1: Social-life imitation in schizophrenia patients; not nursing education.,AI-R1: Social-life imitation in schizophrenia patients; not nursing education.
BhoopathiP2006287,article,Bhoopathi P.,2006,Educational games for mental health professionals.,Cochrane Database of Systematic Reviews Online,,,,,exclude,,exclude,S1: Cochrane systematic review of educational games.,AI-R1: Cochrane systematic review of educational games.
BakerR2003289,article,Baker R.,2003,Effects of multi-sensory stimulation for people with dementia,Journal of Advanced Nursing,,10.1046/j.1365-2648.2003.02744.x,,,exclude,,exclude,"P1: Multi-sensory stimulation for people with dementia (patients), not nursing education.","AI-R1: Multi-sensory stimulation for people with dementia (patients), not nursing education."
IngramC1998290,article,Ingram C.,1998,Evaluation of an educational game for health sciences students.,Journal of Nursing Education,,,,,maybe,,maybe,,AI-R1: Evaluation of an educational game for health sciences students; nursing population and RCT design unclear.
ChaudharyS202514,article,"Chaudhary, S and Singh, AL.",2025,"Impact of self-directed learning strategy, an innovative method in nursing undergraduates: A randomized controlled trial",Research Square,"<title>Abstract</title>  <p>Background  Nursing education is adapting to advancing healthcare technologies and changing patient needs. Self-directed learning (SDL) is essential for fostering lifelong learning among nursing students. Game-based learning (GBL) has emerged as a novel approach to improve engagement and SDL skills, yet its effectiveness against traditional methods in nursing undergraduates is still not well studied. Methods  This study is a prospective, randomized, controlled trial aimed at evaluating the effectiveness of game-based learning (GBL) as an innovative self-directed learning strategy compared to conventional self-directed learning (SDL) in nursing education. Conducted at Smt. Radhikabai Meghe Memorial College of Nursing in India, it involved 140 nursing undergraduates who were randomly assigned to either an experimental group using an antimicrobial stewardship game or a control group utilizing traditional learning materials. Each participant attended a 90-minute orientation session before beginning a 12-week intervention period. The study focused on measuring SDL abilities through the Self-Directed Learning Instrument (SDLI) and knowledge acquisition with a questionnaire specifically targeting antimicrobial resistance and stewardship. Secondary outcomes included assessments of perceived cognitive, affective, and psychomotor learning via the CAP Perceived learning scale. Statistical analyses employed R software, utilizing nonparametric tests and ANCOVA models to adjust for baseline differences and covariates, with a significance level set at p < 0.05. Results  At the 12-week follow-up, the experimental group showed significantly higher median knowledge scores (12.0 vs. 9.0, p < 0.001) and SDLI scores (72.0 vs. 59.0, p < 0.001) compared to the control group. ANCOVA analysis indicated a significant adjusted mean difference for knowledge (-3.1, p < 0.001) and SDLI (-12.3, p < 0.001). All secondary outcomes also demonstrated significant improvements in the experimental group (all p < 0.001), with sensitivity analyses affirming the robustness of these findings across various statistical models. Conclusion  Game-based learning significantly improves knowledge acquisition and self-directed learning in undergraduate nursing students over traditional methods, and its incorporation into nursing curricula is advised to develop essential lifelong learning skills for the evolving healthcare sector. Trial registration number:  Trial Registered Prospectively at Clinical Trials Registry - India [CTRI/2024/01/061599 (Registered on: 18/01/2024)] ; URL: https://ctri.nic.in/Clinicaltrials/rmaindet.php?trialid=92950&EncHid=87481.96317&modid=1&compid=19</p>",10.21203/rs.3.rs-7801690/v1,,,include,,include,,AI-R1: RCT of game-based learning vs conventional SDL in nursing undergraduates with knowledge outcomes.
FiorentinoA202344,article,"Fiorentino, A and Antonini, M and Vuilleumier, S and Stotzer, G and Kollbrunner, A and Jaccard, D and Simon, J and Hugli, O and Pasquier, J and Delmas, P.",2023,Feasibility and acceptability of a serious game to study the effects of environmental distractors on emergency room nurse triage accuracy: a pilot randomized controlled trial,Research Square,"<h4>Background: </h4> Emergency room nurse triage entails complex clinical decision making under stress and time constraints. Workplace distractors, such as noise and task interruptions, have been pointed to as possible reasons for triage inaccuracy, though studies have not borne this out. To train nurses to perform the task, a serious game was developed to simulate the triage process and environment. A pilot study was undertaken to evaluate the acceptability and feasibility of the serious game and to collect preliminary data on the effects of two distractors—noise and task interruptions—on emergency room nurse triage accuracy.  <h4>Methods: </h4>: A 2 × 2 factorial randomized controlled trial was designed for the study. A sample of 70 emergency room nurses was randomly assigned to four groups: three experimental groups exposed to different distractors (noise, task interruptions, and both) and one control group exposed to none. The nurses in each group had two hours to complete a series of 20 clinical vignettes where they had to establish a chief complaint and assign an emergency level. Their responses were then compared against a gold standard predetermined by experts.  <h4>Results: </h4>: Among 70, 55 nurses completed about 15 vignettes each in the allotted time. No inter-group differences emerged in terms of triage performance. Only a few minor technical issues arose during the sessions. Nurses had a very favorable appreciation of the serious game on triage as measured through a semantic differential scale.  <h4>Conclusions: </h4>: Results show that both the structure of our study and the serious game on triage can be used to carry out a future RCT on a larger scale. Two minor technical bugs were identified and corrected, the series of vignettes to complete in two hours must be shortened to 15, and the test should be held during work hours to support recruitment and reduce the possible impact of nurse fatigue on triage performance. The absence of a distractor effect raises questions about whether distractors have an effect and at what frequency and intensity of noise and task interruptions might have an impact on triage performance and whether this dose is realistic.",10.21203/rs.3.rs-2915359/v1,,,maybe,,maybe,,"AI-R1: Pilot RCT with serious game in ER nurses, but compares distractors not game vs conventional teaching (C1/O1 concern)."
FangS202550,article,"Fang, S and Zhao, Y and Chen, Q and Jian, J and Xu, Y.",2025,"Effectiveness of an Interactive Training Program on Emergency Management Competencies Among New Nurses in China: A Controlled Trial Assessing Knowledge, Skills, and Communication",Research Square,"<title>Abstract</title>  <p>Background  Effective emergency management is essential for ensuring optimal patient outcomes, with newly enrolled nurses playing a crucial role in the early detection and intervention of critical conditions. However, in China, these nurses often encounter challenges stemming from limited clinical experience, inadequate training in emergency skills, and the lack of standardized training programs tailored to the country's unique healthcare needs. Addressing these gaps through innovative training methods is critical for enhancing patient safety and the quality of care. This randomized controlled trial aims to evaluate the effectiveness of integrating the Conceive-Design-Implement-Operate (CDIO) framework with escape room pedagogy to improve the emergency management competencies of newly enrolled nurses. The anticipated findings are expected to provide evidence-based recommendations for nursing education in China and contribute to the overall enhancement of healthcare quality in the nation. Methods  This study adopts a quasi-experimental pre-test-post-test design. Participants were divided into two groups: a control group (control group, n = 85) receiving traditional lecture-based training, and an experimental group (experimental group, n = 84) undergoing the CDIO-escape room intervention. Outcomes were evaluated using theoretical exams, operational assessments, the Clinical Emergency Response Ability Questionnaire, and the Supportive Communication Scale. Results  Post-intervention results revealed statistically significant improvements in the experimental group across all metrics: theoretical knowledge (83.11 ± 4.46 vs. 80.82 ± 5.13, <italic>p</italic> = 0.002), practical skills (90.28 ± 3.02 vs. 85.81 ± 2.72, <italic>p</italic> < 0.001), emergency response (19.95 ± 1.20 vs. 18.05 ± 1.17, <italic>p</italic> < 0.001), and supportive communication (47.35 ± 2.02 vs. 43.64 ± 2.26, <italic>p</italic> < 0.001), compared to the control group. These improvements were statistically significant for all outcomes. Conclusions  The CDIO-escape room model effectively combines systematic training with immersive problem-solving dynamics, thereby addressing gaps in clinical preparedness. This dual-model approach aligns with China’s standardized nursing education guidelines and provides a scalable framework for global implementation. Trial registration  Not applicable.</p>",10.21203/rs.3.rs-6135147/v1,,,exclude,,exclude,S1: Quasi-experimental pre-test/post-test design despite RCT wording; design not a true RCT.,AI-R1: Quasi-experimental pre-test/post-test design despite RCT wording; design not a true RCT.
LeeM202453,article,"Lee, M and Shin, S and Lee, M and Hong, E.",2024,Effects of Digital Serious Games on Nursing Education: A Systematic Review and Meta-Analysis of Randomized Controlled Trials,Research Square,"<title>Abstract</title>  <p>Background  Advancements in digital technologies and the coronavirus disease pandemic have rapidly shifted educational practices towards engaging digital methods, such as serious games, significantly influencing healthcare education. Few high-quality systematic reviews and meta-analyses were focused exclusively on randomized controlled trials (RCTs) of digital serious games to determine their effects in nursing education. Objective  To evaluate the effects of digital serious games on nursing education through a systematic review and meta-analysis using the Kirkpatrick model to evaluate learning and behavioral changes. Methods  A systematic review and meta-analysis of RCTs was performed. Six databases were searched for articles published before April 2024. Risk of bias was assessed using the Revised Cochrane Risk of Bias tool for randomized trials (Rob 2.0). A sensitivity analysis was performed. Outcome variables were categorized according to the Kirkpatrick model. Effect sizes were determined using Hedges’ g in a random-effects model. Subgroup analysis was performed. Results  Eleven studies were included in the systematic review, and eight studies, in the meta-analysis. The intervention group showed significant improvements in knowledge (Hedges’ g = 0.74, 95% confidence interval (CI) = [0.27, 1.22], <italic>p</italic> = .002, I² = 90.51%), confidence (Hedges’ g = 0.73, 95% CI = [0.23, 1.24], <italic>p</italic> = .005, I² = 82.71%), and performance (Hedges’ g = 0.49, 95% CI = [0.17, 0.80], <italic>p</italic> = .003, I² = 56.60%). Subgroup analysis showed a significant improvement in knowledge when the intervention period exceeded 2 weeks (Hedges’ g = 0.53, 95% CI = [0.32, 0.74], <italic>p</italic> < .001, I² = 25.41%). Conclusion  This study demonstrates that digital serious games significantly enhance knowledge, performance, and confidence of nursing students. Therefore, they provide a practical and valuable alternative to traditional learning methods, meeting the modern demands of healthcare education and equipping nursing students with essential clinical competencies.</p>",10.21203/rs.3.rs-4921602/v1,,,exclude,,exclude,"S1: Systematic review and meta-analysis of RCTs, not a primary RCT.","AI-R1: Systematic review and meta-analysis of RCTs, not a primary RCT."
GonzlezdelaTorreH202455,article,"González-de la Torre, H and Henández-De Luis, M and Mies-Padilla, S and Camacho-Bejarano, R and Verdú-Soriano, J and Rodríguez-Suárez, C.",2024,Effectiveness of “Escape Room” Educational Technology in Nurses’ Education: A Systematic Review,Preprints.org,"Escape room’s games are educational gamification technologies that consist of introducing a team of players into a physical or digital space to solve a mystery or a problem in search of clues to solve puzzles, riddles, or enigmas. This study aims to determine the effectiveness of escape room’s games on the training of nurses and nursing students. A systematic review was carried out in MEDLINE, WOS, SCOPUS, CINAHL and LILACS databases using the MeSH terms: &quot;Education, Nursing&quot; and &quot;Educational Technology&quot;, and the free term &quot;Escape room&quot;, combining with Boolean operators AND/OR. Intervention studies in Spanish, English and Portuguese were included, without limitation for the year of publication. Selection and critical appraisal were conducted by two independent reviewers. A total of n=15 interventional studies were included (n=2 Randomized Clinical Trials and n=12 quasi-experimental). Escape rooms are a recent and booming educational methodology, which is increasingly used in academia and training of nurses and nursing students; however, it is necessary to expand their use to more countries, as well as the number and quality of interventional studies, being necessary to homogenize and standardize criteria and to use validated instruments to evaluate the effectiveness of escape rooms in the field of nursing.",10.20944/preprints202401.1692.v1,,,exclude,,exclude,S1: Systematic review of escape room education.,AI-R1: Systematic review of escape room education.
RozaA2025104,article,"Roza, A and Nursalam and Pandin, MGR.",2025,Peer Mentoring as a Strategy to Enhance Patient Safety Culture in Healthcare: A Systematic Review,Research Square,"<title>Abstract</title>  <p><bold>Background:</bold>Patient safety culture is a fundamental component of quality healthcare, yet challenges remain in reducing errors and promoting safe practices. Peer mentoring has emerged as an innovative educational strategy that may strengthen patient safety culture by fostering collaboration, improving clinical competencies, and enhancing professional resilience. <bold>Methods:</bold> A systematic review was conducted following PRISMA 2020 guidelines. Literature searches were performed in Scopus, PubMed, Web of Science, ProQuest, and ScienceDirect for articles published between 2020 and 2025. Keywords included <italic>peer mentoring</italic>, <italic>peer support</italic>, <italic>near-peer mentoring</italic>, <italic>patient safety culture</italic>, and <italic>nursing/healthcare education</italic>. Inclusion criteria were original studies evaluating peer mentoring interventions and outcomes related to patient safety culture. Data extraction and quality appraisal were carried out independently by two reviewers, with disagreements resolved by a third. <bold>Results:</bold>Eleven studies met the inclusion criteria, encompassing randomized controlled trials, quasi-experimental designs, mixed-method studies, and quality improvement initiatives. Findings consistently indicated that peer mentoring improved self-efficacy, patient safety knowledge, attitudes, and competence, while reducing clinical errors such as medication administration errors. Peer support programs also addressed psychosocial aspects, improving awareness of the second victim phenomenon and strengthening emotional resilience among clinicians. Technology-enhanced interventions, including flipped learning, gamification, and simulation-based training, amplified the benefits of peer mentoring by increasing engagement, self-directed learning, and satisfaction. <bold>Conclusion:</bold> Peer mentoring is an effective educational strategy to strengthen patient safety culture in both educational and clinical contexts. It enhances competencies, reduces errors, and fosters supportive professional environments. Integration of peer mentoring into nursing curricula and professional development programs is recommended. Future research should employ longitudinal, multi-center designs with standardized outcome measures to optimize implementation and sustainability.</p>",10.21203/rs.3.rs-7634027/v1,,,exclude,,exclude,S1: Systematic review of peer mentoring; not game-based RCT.,AI-R1: Systematic review of peer mentoring; not game-based RCT.
LimaSerranoM2023105,article,"Lima-Serrano, M and Barrera-Villalba, C and Mac-Fadden, I and De Vries, H and Mesters, I.",2023,Alerta Cannabis: A Tailored-Computer Web-Based Program for the Prevention of Cannabis Use in Adolescents: A Cluster-Randomized Controlled Trial Protocol,Research Square,"<h4>Background: </h4> The growing use of cannabis in adolescence is a public health problem that must be addressed through prevention. In Spain, the average age of initiation of cannabis use in the adolescent population is 14.8 years. At 14 years, the lifetime prevalence of cannabis use is 11.7%, which increases to 51.,5% at the age of 18; the prevalence of cannabis use in the population aged 14 to 18 years is 28.6%, a figure that must be tried to reduce, that is why this school prevention program is proposed: Alerta Cannabis. Methods  The Alerta Cannabis research project consists of design, implementation, and evaluation. In the first phase, a computer-tailored eHealth program (Alerta Cannabis) is developed based on the I-Change Model, an integrated model based on three main behavioral change processes: awareness, motivation, and action. This program consists of four 30-minute sessions that will provide culturally adapted and personalized advice to motivate students not to use cannabis through text feedback, animations, and gamification techniques. This phase will also include usability testing. In the implementation phase, secondary school students from Western Andalusia, Spain (Seville, Cádiz, Huelva, and Córdoba) and Eastern Andalusia (Jaén, Málaga, and Granada) will be randomized to an experimental condition (EC) or a control condition (CC) for a cluster randomized clinical trial (CRCT). Each condition will have 35 classes within 8 schools. GI will receive the online intervention Alerta Cannabis. EC and CC will have to fill out a questionnaire at baseline, six months, and twelve months of follow-up. In the last phase, the effect of Alerta Cannabis is been evaluated. The primary outcomes are the lifetime prevalence of cannabis use and its use in the last 30 days and at 6 months. At 12 months of follow-up, the prevalence in the last 12 months will also be assessed. The secondary outcome is the intention to use cannabis. Discussion  The study test the effect of the innovative program specifically aimed to reduce the use of cannabis in the adolescent population through eHealth in Spain. The findings aim to develop and implement evidence-based cannabis prevention interventions, which could support school prevention, for instance, the assistance of school nurses. If the program proves to be effective, it could be useful to prevent cannabis use on a national and international scale. Trial registration  NCT05849636. Date of registration: March 16, 2023.",10.21203/rs.3.rs-3342564/v1,,,exclude,,exclude,P1: Cluster-RCT protocol for cannabis prevention in adolescents; not nursing education.,AI-R1: Cluster-RCT protocol for cannabis prevention in adolescents; not nursing education.
delmasp2020109,article,"delmas, p and fiorentino, A and antonini, m and Vuilleumier, s and Stotzer, g and Kollbrunner, A and Jaccard, D and Hulaas, J and Rutschmann, O and simon, j and Hugli, O and de Keranflec’h, CG and pasquier, j.",2020,Effects of environmental distractors on nurse emergency triage accuracy: a pilot study protocol,Research Square,"<title>Abstract</title>  <p><bold>Background:</bold> The clinical decisions of emergency department triage nurses need to be of the highest accuracy. However, studies have found repeatedly that these nurses over- or underestimate the severity of patient health conditions. This has major consequences for patient safety and patient flow management. Workplace distractors such as noise and task interruptions have been pointed to as factors that might explain this inaccuracy. The use of a serious game reproducing the work environment during triage affords the opportunity to explore the impact of these distractors on nurse emergency triage accuracy, in a safe setting. <bold>Methods/Design:</bold> A pilot study with a factorial design will be carried out to test the acceptability and feasibility of a serious game developed specifically to simulate the triage process in emergency departments and to explore the primary effects of distractors on nurse emergency triage accuracy. Eighty emergency nurses will be randomized into four groups: three groups exposed to different distractors (A: noise, B: task interruptions, C: noise and task interruptions) and one control group. All nurses will have to complete 20 clinical vignettes within two hours. For each vignette, a gold standard assessment will be determined by experts. Pre-tests will be conducted with clinicians and certified emergency nurses to evaluate the appeal of the serious game. <bold>Discussion:</bold> Study results will inform the design of large-scale investigations and will help identify teaching, training and research areas that require further development.</p>",10.21203/rs.3.rs-15514/v3,,,maybe,,maybe,,"AI-R1: Pilot RCT protocol with serious game in ER nurses, but tests distractors not game vs conventional teaching (C1/O1 concern)."
ABUMETTLEQI2023114,article,"ABUMETTLEQ, I and BAYRAKTAR, N and DİKMEN, B.",2023,Effectiveness of Game-Based Teaching Method on Nursing Students’ Knowledge of Enhanced Recovery After Surgery (ERAS),Research Square,"<title>Abstract</title>  <p>Background  Technology is a creation of humans, so when an educator can implement technology in teaching, it is also innovative. New technology allows educators to provide various ways for media to address diverse learning styles, such as animation, live video, gaming, etc. Objective  The current study aimed to define the effectiveness of the game-based teaching method on nursing students’ knowledge of ERAS. The study was conducted among 80 international nursing students. Methods  The study was planned with randomized controlled design. The study was performed at a ""[blinded for review]"" faculty of Nursing.The students were designated erratically to the experimental grouping or control grouping (80 and 40 players in each group) through the census method. The Kahoot application which the game could be used by phone or by Computer. Results  The findings of the study showed the improvement of the student's performance in the overall mean scores of all enhanced recovery after surgery after the educational intervention through game-based learning. Conclusions  The findings indicate that game-based teaching improves quality outcomes for students' education. However, our results support the effectiveness of the game-based teaching method on nursing students’ knowledge of enhanced recovery after surgery; the method can be useful for developing educational strategies in nursing schools and nursing education.</p>",10.21203/rs.3.rs-2444398/v1,,,include,,include,,AI-R1: RCT of Kahoot game-based teaching vs control in nursing students with knowledge outcomes.
